,PLAYER_ID,PLAYER_NAME,TEAM_ID,TEAM_ABBREVIATION,AGE,PLAYER_HEIGHT,PLAYER_HEIGHT_INCHES,PLAYER_WEIGHT,COLLEGE,COUNTRY,DRAFT_YEAR,DRAFT_ROUND,DRAFT_NUMBER,GP,PTS,REB,AST,NET_RATING,OREB_PCT,DREB_PCT,USG_PCT,TS_PCT,AST_PCT,Season
0,203932,Aaron Gordon,1610612743,DEN,25.0,6-8,80,235,Arizona,USA,2014,1,4,50,12.4,5.7,3.2,2.1,0.055,0.15,0.204,0.547,0.165,2020-21
1,1628988,Aaron Holiday,1610612754,IND,24.0,6-0,72,185,UCLA,USA,2018,1,23,66,7.2,1.3,1.9,-0.2,0.012,0.06,0.189,0.503,0.139,2020-21
2,1630174,Aaron Nesmith,1610612738,BOS,21.0,6-5,77,215,Vanderbilt,USA,2020,1,14,46,4.7,2.8,0.5,-0.5,0.041,0.146,0.133,0.573,0.047,2020-21
3,1627846,Abdel Nader,1610612756,PHX,27.0,6-5,77,225,Iowa State,Egypt,2016,2,58,24,6.7,2.6,0.8,5.0,0.02,0.151,0.183,0.605,0.078,2020-21
4,1629690,Adam Mokoka,1610612741,CHI,22.0,6-4,76,190,None,France,Undrafted,Undrafted,Undrafted,14,1.1,0.4,0.4,-7.1,0.017,0.077,0.171,0.386,0.179,2020-21
5,201143,Al Horford,1610612760,OKC,35.0,6-9,81,240,Florida,Dominican Republic,2007,1,3,28,14.2,6.7,3.4,-6.9,0.034,0.195,0.221,0.538,0.206,2020-21
6,202329,Al-Farouq Aminu,1610612741,CHI,30.0,6-8,80,220,Wake Forest,USA,2010,1,8,23,4.4,4.8,1.3,-6.2,0.05,0.2,0.138,0.469,0.101,2020-21
7,202692,Alec Burks,1610612752,NYK,29.0,6-6,78,214,Colorado,USA,2011,1,12,49,12.7,4.6,2.2,5.0,0.016,0.156,0.208,0.564,0.135,2020-21
8,1630197,Aleksej Pokusevski,1610612760,OKC,19.0,7-0,84,190,None,Serbia,2020,1,17,45,8.2,4.7,2.2,-16.7,0.025,0.155,0.197,0.43,0.133,2020-21
9,1629346,Alen Smailagic,1610612744,GSW,20.0,6-10,82,215,None,Serbia,2019,2,39,15,1.9,1.1,0.3,-17.6,0.065,0.111,0.165,0.472,0.078,2020-21
10,1627936,Alex Caruso,1610612747,LAL,27.0,6-4,76,186,Texas A&M,USA,Undrafted,Undrafted,Undrafted,58,6.4,2.9,2.8,5.5,0.025,0.114,0.144,0.547,0.19,2020-21
11,203458,Alex Len,1610612764,WAS,27.0,7-0,84,250,Maryland,Ukraine,2013,1,5,64,6.6,4.1,0.8,-4.0,0.077,0.174,0.161,0.643,0.069,2020-21
12,1628035,Alfonzo McKinnie,1610612747,LAL,28.0,6-7,79,215,Wisconsin-Green Bay,USA,Undrafted,Undrafted,Undrafted,39,3.1,1.4,0.2,0.7,0.076,0.113,0.164,0.604,0.036,2020-21
13,1628993,Alize Johnson,1610612751,BKN,25.0,6-7,79,212,Missouri State,USA,2018,2,50,18,5.2,5.0,0.8,-4.5,0.127,0.32,0.175,0.638,0.11,2020-21
14,1628578,Amida Brimah,1610612754,IND,27.0,6-10,82,230,Connecticut,USA,Undrafted,Undrafted,Undrafted,5,2.6,1.6,0.2,32.8,0.077,0.15,0.176,0.697,0.042,2020-21
15,1629599,Amir Coffey,1610612746,LAC,23.0,6-7,79,210,Minnesota,USA,Undrafted,Undrafted,Undrafted,44,3.2,1.0,0.5,-1.2,0.023,0.081,0.145,0.585,0.09,2020-21
16,2760,Anderson Varejao,1610612739,CLE,38.0,6-11,83,260,None,Brazil,2004,2,30,5,2.6,4.0,0.6,-37.6,0.146,0.342,0.228,0.326,0.15,2020-21
17,203083,Andre Drummond,1610612747,LAL,27.0,6-10,82,279,Connecticut,USA,2012,1,9,46,14.9,12.0,2.0,-3.9,0.132,0.336,0.269,0.519,0.124,2020-21
18,2738,Andre Iguodala,1610612748,MIA,37.0,6-6,78,215,Arizona,USA,2004,1,9,63,4.4,3.5,2.3,-2.5,0.03,0.134,0.109,0.519,0.153,2020-21
19,203460,Andre Roberson,1610612751,BKN,29.0,6-7,79,210,Colorado,USA,2013,1,26,5,1.2,3.0,0.8,-18.4,0.103,0.136,0.117,0.202,0.098,2020-21
20,203952,Andrew Wiggins,1610612744,GSW,26.0,6-7,79,197,Kansas,Canada,2014,1,1,71,18.6,4.9,2.4,-0.2,0.034,0.106,0.229,0.568,0.11,2020-21
21,1629014,Anfernee Simons,1610612757,POR,22.0,6-3,75,181,None,USA,2018,1,24,64,7.8,2.2,1.4,0.8,0.012,0.109,0.18,0.589,0.117,2020-21
22,203076,Anthony Davis,1610612747,LAL,28.0,6-10,82,253,Kentucky,USA,2012,1,1,36,21.8,7.9,3.1,5.2,0.054,0.198,0.287,0.556,0.154,2020-21
23,1630162,Anthony Edwards,1610612750,MIN,19.0,6-4,76,225,Georgia,USA,2020,1,1,72,19.3,4.7,2.9,-5.0,0.023,0.121,0.264,0.523,0.142,2020-21
24,1630264,Anthony Gill,1610612764,WAS,28.0,6-7,79,230,Virginia,USA,Undrafted,Undrafted,Undrafted,26,3.1,2.0,0.4,-1.6,0.074,0.151,0.143,0.597,0.073,2020-21
25,1630237,Anthony Lamb,1610612745,HOU,23.0,6-6,78,227,Vermont,USA,Undrafted,Undrafted,Undrafted,24,5.5,2.9,1.0,-9.2,0.055,0.109,0.144,0.523,0.08,2020-21
26,201229,Anthony Tolliver,1610612755,PHI,36.0,6-8,80,240,Creighton,USA,Undrafted,Undrafted,Undrafted,11,1.5,0.9,0.2,16.6,0.028,0.071,0.09,0.433,0.025,2020-21
27,1628394,Anzejs Pasecniks,1610612764,WAS,25.0,7-1,85,229,None,Latvia,2017,1,25,1,0.0,1.0,1.0,-104.4,0.143,0.0,0.375,0.0,0.333,2020-21
28,1629717,Armoni Brooks,1610612745,HOU,23.0,6-3,75,195,Houston,USA,2019,,,20,11.2,3.4,1.5,-11.7,0.017,0.112,0.175,0.565,0.09,2020-21
29,203382,Aron Baynes,1610612761,TOR,34.0,6-10,82,260,Washington State,Australia,Undrafted,Undrafted,Undrafted,53,6.1,5.2,0.9,-4.4,0.082,0.192,0.157,0.503,0.07,2020-21
30,1630204,Ashton Hagans,1610612750,MIN,21.0,6-3,75,190,Kentucky,USA,Undrafted,Undrafted,Undrafted,2,0.0,0.0,0.0,-21.8,0.0,0.0,0.083,0.0,0.0,2020-21
31,203085,Austin Rivers,1610612743,DEN,28.0,6-4,76,200,Duke,USA,2012,1,10,36,7.9,2.3,2.3,0.0,0.009,0.088,0.15,0.551,0.136,2020-21
32,202340,Avery Bradley,1610612745,HOU,30.0,6-3,75,180,Texas-Austin,USA,2010,1,19,27,6.4,2.1,1.7,-10.2,0.013,0.078,0.146,0.487,0.108,2020-21
33,1626253,Axel Toupane,1610612749,MIL,28.0,6-7,79,210,None,France,Undrafted,Undrafted,Undrafted,8,1.8,0.8,0.5,-2.2,0.0,0.082,0.092,0.497,0.098,2020-21
34,1628389,Bam Adebayo,1610612748,MIA,23.0,6-9,81,255,Kentucky,USA,2017,1,14,64,18.7,9.0,5.4,0.6,0.07,0.204,0.233,0.626,0.267,2020-21
35,203463,Ben McLemore,1610612747,LAL,28.0,6-3,75,195,Kansas,USA,2013,1,7,53,7.7,1.9,0.7,-4.2,0.015,0.091,0.192,0.523,0.064,2020-21
36,1627732,Ben Simmons,1610612755,PHI,24.0,6-11,83,240,Louisiana State,Australia,2016,1,1,58,14.3,7.2,6.9,8.0,0.051,0.166,0.2,0.584,0.308,2020-21
37,202687,Bismack Biyombo,1610612766,CHA,28.0,6-8,80,255,None,DRC,2011,1,7,66,5.0,5.3,1.2,-8.9,0.094,0.15,0.113,0.574,0.087,2020-21
38,201933,Blake Griffin,1610612751,BKN,32.0,6-9,81,250,Oklahoma,USA,2009,1,1,46,11.0,4.9,3.0,2.1,0.029,0.159,0.191,0.546,0.171,2020-21
39,1626246,Boban Marjanovic,1610612742,DAL,32.0,7-4,88,290,None,Serbia,Undrafted,Undrafted,Undrafted,33,4.7,3.9,0.3,5.9,0.159,0.291,0.231,0.562,0.06,2020-21
40,1626171,Bobby Portis,1610612749,MIL,26.0,6-10,82,250,Arkansas,USA,2015,1,22,66,11.4,7.1,1.1,5.1,0.085,0.229,0.202,0.598,0.075,2020-21
41,203992,Bogdan Bogdanovic,1610612737,ATL,28.0,6-6,78,220,None,Serbia,2014,1,27,44,16.4,3.6,3.3,3.9,0.016,0.104,0.21,0.616,0.169,2020-21
42,202711,Bojan Bogdanovic,1610612762,UTA,32.0,6-7,79,226,None,Croatia,2011,2,31,72,17.0,3.9,1.9,9.5,0.018,0.099,0.225,0.588,0.091,2020-21
43,1629626,Bol Bol,1610612743,DEN,21.0,7-2,86,220,Oregon,Sudan,2019,2,44,32,2.2,0.8,0.2,-24.9,0.0,0.154,0.191,0.534,0.067,2020-21
44,202954,Brad Wanamaker,1610612766,CHA,31.0,6-3,75,210,Pittsburgh,USA,Undrafted,Undrafted,Undrafted,61,5.5,1.7,2.9,-5.7,0.016,0.08,0.166,0.489,0.251,2020-21
45,203078,Bradley Beal,1610612764,WAS,27.0,6-3,75,207,Florida,USA,2012,1,3,60,31.3,4.7,4.4,-0.4,0.033,0.094,0.331,0.593,0.202,2020-21
46,1629634,Brandon Clarke,1610612763,MEM,24.0,6-8,80,215,Gonzaga,Canada,2019,1,21,59,10.3,5.6,1.6,0.2,0.064,0.16,0.167,0.56,0.094,2020-21
47,1629164,Brandon Goodwin,1610612737,ATL,25.0,6-0,72,180,Florida Gulf Coast,USA,Undrafted,Undrafted,Undrafted,47,4.9,1.5,2.0,-4.4,0.012,0.097,0.19,0.471,0.246,2020-21
48,1627742,Brandon Ingram,1610612740,NOP,23.0,6-8,80,190,Duke,USA,2016,1,2,61,23.8,4.9,4.9,1.0,0.016,0.126,0.279,0.584,0.218,2020-21
49,1628968,Brian Bowen II,1610612754,IND,22.0,6-6,78,190,None,USA,Undrafted,Undrafted,Undrafted,6,0.5,0.5,0.0,9.4,0.0,0.158,0.098,0.338,0.0,2020-21
50,1630271,Brodric Thomas,1610612739,CLE,24.0,6-5,77,185,Truman State,USA,Undrafted,Undrafted,Undrafted,32,3.9,1.7,0.9,-4.5,0.019,0.107,0.158,0.487,0.115,2020-21
51,201572,Brook Lopez,1610612749,MIL,33.0,7-0,84,282,Stanford,USA,2008,1,10,70,12.3,5.0,0.7,6.8,0.054,0.115,0.166,0.611,0.033,2020-21
52,1628971,Bruce Brown,1610612751,BKN,24.0,6-4,76,202,Miami,USA,2018,2,42,65,8.8,5.4,1.6,3.5,0.081,0.154,0.157,0.604,0.099,2020-21
53,203998,Bruno Caboclo,1610612745,HOU,25.0,6-9,81,218,None,Brazil,2014,1,20,6,2.8,2.3,0.2,2.3,0.064,0.268,0.232,0.475,0.048,2020-21
54,1628981,Bruno Fernando,1610612737,ATL,22.0,6-9,81,240,Maryland,Angola,2019,2,34,33,1.5,2.4,0.3,-6.0,0.066,0.256,0.133,0.475,0.069,2020-21
55,1627854,Bryn Forbes,1610612749,MIL,27.0,6-2,74,205,Michigan State,USA,Undrafted,Undrafted,Undrafted,70,10.0,1.6,0.6,2.7,0.008,0.069,0.18,0.631,0.045,2020-21
56,1627741,Buddy Hield,1610612758,SAC,28.0,6-4,76,220,Oklahoma,Bahamas,2016,1,6,71,16.6,4.7,3.6,-1.8,0.012,0.126,0.201,0.567,0.141,2020-21
57,1629604,CJ Elleby,1610612757,POR,20.0,6-6,78,200,Washington State,USA,2020,2,46,30,2.3,1.1,0.3,-5.3,0.049,0.089,0.16,0.468,0.076,2020-21
58,203468,CJ McCollum,1610612757,POR,29.0,6-3,75,190,Lehigh,USA,2013,1,10,47,23.1,3.9,4.7,6.2,0.018,0.099,0.265,0.577,0.22,2020-21
59,1628997,Caleb Martin,1610612766,CHA,25.0,6-5,77,205,Nevada-Reno,USA,Undrafted,Undrafted,Undrafted,53,5.0,2.7,1.3,-4.9,0.036,0.125,0.164,0.465,0.123,2020-21
60,1629629,Cam Reddish,1610612737,ATL,21.0,6-8,80,218,Duke,USA,2019,1,10,26,11.2,4.0,1.3,-4.0,0.028,0.109,0.183,0.488,0.066,2020-21
61,1629661,Cameron Johnson,1610612756,PHX,25.0,6-8,80,210,North Carolina,USA,2019,1,11,60,9.6,3.3,1.4,5.7,0.023,0.118,0.164,0.563,0.083,2020-21
62,1628419,Cameron Oliver,1610612745,HOU,24.0,6-8,80,225,Nevada,USA,Undrafted,Undrafted,Undrafted,4,10.8,5.3,1.3,-5.2,0.05,0.188,0.174,0.619,0.086,2020-21
63,1626166,Cameron Payne,1610612756,PHX,26.0,6-1,73,183,Murray State,USA,2015,1,14,60,8.4,2.4,3.6,7.8,0.016,0.119,0.193,0.602,0.281,2020-21
64,1629244,Cameron Reynolds,1610612745,HOU,26.0,6-7,79,225,Tulane,USA,Undrafted,Undrafted,Undrafted,5,3.0,1.0,0.4,-28.3,0.037,0.079,0.182,0.417,0.095,2020-21
65,1627747,Caris LeVert,1610612754,IND,26.0,6-6,78,205,Michigan,USA,2016,1,20,47,20.2,4.6,5.2,-0.2,0.022,0.111,0.279,0.531,0.255,2020-21
66,2546,Carmelo Anthony,1610612757,POR,37.0,6-7,79,238,Syracuse,USA,2003,1,3,69,13.4,3.1,1.5,-0.6,0.017,0.107,0.228,0.547,0.097,2020-21
67,1629035,Carsen Edwards,1610612738,BOS,23.0,5-11,71,200,Purdue,USA,2019,2,33,31,4.0,0.8,0.5,-4.1,0.01,0.084,0.187,0.527,0.075,2020-21
68,1630199,Cassius Stanley,1610612754,IND,21.0,6-5,77,190,Duke,USA,2020,2,54,24,1.5,0.8,0.0,9.4,0.067,0.11,0.198,0.383,0.017,2020-21
69,1630216,Cassius Winston,1610612764,WAS,23.0,6-1,73,185,Michigan State,USA,2020,2,53,22,1.9,0.4,0.5,-21.4,0.0,0.087,0.182,0.575,0.222,2020-21
70,1626224,Cedi Osman,1610612739,CLE,26.0,6-7,79,230,None,Turkey,2015,2,31,59,10.4,3.4,2.9,-11.0,0.024,0.113,0.198,0.488,0.173,2020-21
71,1628990,Chandler Hutchison,1610612764,WAS,25.0,6-6,78,210,Boise State,USA,2018,1,22,25,4.3,3.1,0.7,-5.2,0.016,0.195,0.155,0.469,0.061,2020-21
72,1629718,Charlie Brown Jr.,1610612760,OKC,24.0,6-6,78,199,St. Joseph's (PA),USA,Undrafted,Undrafted,Undrafted,9,4.4,1.9,1.0,-12.7,0.017,0.091,0.14,0.422,0.08,2020-21
73,1626184,Chasson Randle,1610612753,ORL,28.0,6-2,74,185,Stanford,USA,2015,,,41,6.5,2.0,1.8,-15.0,0.008,0.084,0.154,0.515,0.143,2020-21
74,1629002,Chimezie Metu,1610612758,SAC,24.0,6-9,81,225,Southern California,USA,2018,2,49,36,6.3,3.1,0.8,-7.8,0.064,0.175,0.194,0.571,0.08,2020-21
75,1628449,Chris Boucher,1610612761,TOR,28.0,6-9,81,200,Oregon,Saint Lucia,Undrafted,Undrafted,Undrafted,60,13.6,6.7,1.1,3.8,0.078,0.192,0.202,0.634,0.068,2020-21
76,1629185,Chris Chiozza,1610612751,BKN,25.0,5-11,71,175,Florida,USA,Undrafted,Undrafted,Undrafted,22,4.0,1.1,3.0,3.0,0.012,0.088,0.2,0.461,0.382,2020-21
77,101108,Chris Paul,1610612756,PHX,36.0,6-0,72,175,Wake Forest,USA,2005,1,4,70,16.4,4.5,8.9,6.5,0.012,0.131,0.221,0.599,0.405,2020-21
78,1629735,Chris Silva,1610612758,SAC,24.0,6-8,80,234,South Carolina,Gabon,Undrafted,Undrafted,Undrafted,15,2.1,1.8,0.4,-0.5,0.082,0.217,0.151,0.708,0.102,2020-21
79,1626174,Christian Wood,1610612745,HOU,25.0,6-10,82,214,UNLV,USA,Undrafted,Undrafted,Undrafted,41,21.0,9.6,1.7,-3.8,0.055,0.228,0.255,0.591,0.089,2020-21
80,1629643,Chuma Okeke,1610612753,ORL,22.0,6-6,78,229,Auburn,USA,2019,1,16,45,7.8,4.0,2.2,-7.2,0.033,0.117,0.142,0.511,0.132,2020-21
81,203991,Clint Capela,1610612737,ATL,27.0,6-10,82,240,None,Switzerland,2014,1,25,63,15.2,14.3,0.8,6.6,0.155,0.301,0.193,0.601,0.039,2020-21
82,1629632,Coby White,1610612741,CHI,21.0,6-5,77,195,North Carolina,USA,2019,1,7,69,15.1,4.1,4.8,-2.7,0.013,0.116,0.219,0.54,0.218,2020-21
83,1628998,Cody Martin,1610612766,CHA,25.0,6-5,77,205,Nevada-Reno,USA,2019,2,36,52,4.0,3.1,1.7,1.0,0.059,0.126,0.123,0.5,0.138,2020-21
84,203469,Cody Zeller,1610612766,CHA,28.0,6-11,83,240,Indiana,USA,2013,1,4,48,9.4,6.8,1.8,2.0,0.115,0.21,0.177,0.599,0.125,2020-21
85,1630175,Cole Anthony,1610612753,ORL,21.0,6-2,74,185,North Carolina,USA,2020,1,15,47,12.9,4.7,4.1,-12.8,0.027,0.142,0.235,0.496,0.241,2020-21
86,1629012,Collin Sexton,1610612739,CLE,22.0,6-1,73,190,Alabama,USA,2018,1,8,60,24.3,3.1,4.4,-9.2,0.027,0.063,0.286,0.573,0.222,2020-21
87,202709,Cory Joseph,1610612765,DET,29.0,6-3,75,200,Texas-Austin,Canada,2011,1,29,63,8.2,2.5,3.4,-5.5,0.024,0.085,0.159,0.556,0.204,2020-21
88,1626245,Cristiano Felicio,1610612741,CHI,28.0,6-11,83,270,None,Brazil,Undrafted,Undrafted,Undrafted,18,1.3,1.4,0.5,7.1,0.112,0.205,0.117,0.574,0.155,2020-21
89,1626156,D'Angelo Russell,1610612750,MIN,25.0,6-4,76,193,Ohio State,USA,2015,1,2,42,19.0,2.6,5.8,-7.0,0.012,0.077,0.283,0.555,0.323,2020-21
90,201571,D.J. Augustin,1610612745,HOU,33.0,5-11,71,183,Texas-Austin,USA,2008,1,9,57,7.7,1.6,3.3,-1.8,0.017,0.063,0.164,0.57,0.223,2020-21
91,1628391,D.J. Wilson,1610612745,HOU,25.0,6-10,82,231,Michigan,USA,2017,1,17,35,5.2,3.2,0.7,-11.3,0.042,0.199,0.195,0.511,0.088,2020-21
92,1629610,DaQuan Jeffries,1610612759,SAS,23.0,6-5,77,230,Tulsa,USA,Undrafted,Undrafted,Undrafted,31,4.1,2.3,0.7,-4.5,0.036,0.103,0.114,0.514,0.059,2020-21
93,1629751,Dakota Mathias,1610612755,PHI,25.0,6-4,76,200,Purdue,USA,2018,,,8,6.0,0.9,1.6,-10.6,0.007,0.041,0.166,0.474,0.157,2020-21
94,1627745,Damian Jones,1610612758,SAC,25.0,6-11,83,245,Vanderbilt,USA,2016,1,30,39,4.7,3.1,0.7,-5.1,0.064,0.156,0.12,0.712,0.075,2020-21
95,203081,Damian Lillard,1610612757,POR,30.0,6-2,74,195,Weber State,USA,2012,1,6,67,28.8,4.2,7.5,4.0,0.012,0.104,0.306,0.623,0.334,2020-21
96,1627814,Damion Lee,1610612744,GSW,28.0,6-5,77,210,Louisville,USA,Undrafted,Undrafted,Undrafted,57,6.5,3.2,1.3,1.6,0.02,0.142,0.127,0.636,0.094,2020-21
97,1628422,Damyean Dotson,1610612739,CLE,27.0,6-5,77,210,Houston,USA,2017,2,44,46,6.7,2.0,2.0,-12.5,0.005,0.095,0.162,0.499,0.161,2020-21
98,1629655,Daniel Gafford,1610612764,WAS,22.0,6-10,82,234,Arkansas,USA,2019,2,38,54,7.0,4.3,0.5,4.1,0.118,0.16,0.161,0.697,0.051,2020-21
99,1630187,Daniel Oturu,1610612746,LAC,21.0,6-8,80,240,Minnesota,USA,2020,2,33,30,1.8,1.6,0.3,1.8,0.119,0.157,0.174,0.471,0.092,2020-21
100,1628464,Daniel Theis,1610612741,CHI,29.0,6-8,80,245,None,Germany,Undrafted,Undrafted,Undrafted,65,9.6,5.5,1.7,-1.3,0.057,0.164,0.154,0.609,0.097,2020-21
101,201568,Danilo Gallinari,1610612737,ATL,32.0,6-10,82,233,None,Italy,2008,1,6,51,13.3,4.1,1.5,2.7,0.015,0.155,0.211,0.613,0.099,2020-21
102,201980,Danny Green,1610612755,PHI,33.0,6-6,78,215,North Carolina,USA,2009,2,46,69,9.5,3.8,1.7,7.1,0.029,0.1,0.138,0.582,0.08,2020-21
103,203957,Dante Exum,1610612745,HOU,25.0,6-5,77,214,None,Australia,2014,1,5,6,3.8,2.8,2.2,3.6,0.015,0.129,0.119,0.428,0.155,2020-21
104,1627863,Danuel House Jr.,1610612745,HOU,28.0,6-6,78,220,Texas A&M,USA,Undrafted,Undrafted,Undrafted,36,8.8,3.7,1.9,-11.2,0.018,0.121,0.153,0.525,0.11,2020-21
105,203967,Dario Saric,1610612756,PHX,27.0,6-10,82,225,None,Croatia,2014,1,12,50,8.7,3.8,1.3,11.5,0.055,0.168,0.218,0.567,0.104,2020-21
106,1629647,Darius Bazley,1610612760,OKC,20.0,6-8,80,208,None,USA,2019,1,23,55,13.7,7.2,1.8,-13.1,0.027,0.193,0.218,0.491,0.091,2020-21
107,1629636,Darius Garland,1610612739,CLE,21.0,6-1,73,192,Vanderbilt,USA,2019,1,5,54,17.4,2.4,6.1,-6.6,0.013,0.062,0.245,0.547,0.298,2020-21
108,203121,Darius Miller,1610612760,OKC,31.0,6-6,78,225,Kentucky,USA,2012,2,46,18,4.1,1.3,1.2,7.2,0.011,0.103,0.127,0.685,0.151,2020-21
109,1628021,David Nwaba,1610612745,HOU,28.0,6-5,77,219,Cal Poly,USA,Undrafted,Undrafted,Undrafted,30,9.2,3.9,1.0,-1.3,0.055,0.108,0.163,0.557,0.07,2020-21
110,202722,Davis Bertans,1610612764,WAS,28.0,6-10,82,225,None,Latvia,2011,2,42,57,11.5,2.9,0.9,2.1,0.011,0.095,0.148,0.62,0.043,2020-21
111,1628368,De'Aaron Fox,1610612758,SAC,23.0,6-3,75,185,Kentucky,USA,2017,1,5,58,25.2,3.5,7.2,-4.5,0.016,0.085,0.304,0.565,0.326,2020-21
112,1629631,De'Andre Hunter,1610612737,ATL,23.0,6-8,80,225,Virginia,USA,2019,1,4,23,15.0,4.8,1.9,5.5,0.024,0.125,0.194,0.603,0.098,2020-21
113,1629001,De'Anthony Melton,1610612763,MEM,23.0,6-2,74,200,Southern California,USA,2018,2,46,52,9.1,3.1,2.5,6.0,0.026,0.118,0.189,0.568,0.172,2020-21
114,201599,DeAndre Jordan,1610612751,BKN,32.0,6-11,83,265,Texas A&M,USA,2008,2,35,57,7.5,7.5,1.6,-1.9,0.097,0.231,0.128,0.736,0.099,2020-21
115,1627761,DeAndre' Bembry,1610612761,TOR,26.0,6-5,77,210,St. Joseph's (PA),USA,2016,1,21,51,5.7,2.9,2.1,0.4,0.033,0.112,0.142,0.57,0.157,2020-21
116,201942,DeMar DeRozan,1610612759,SAS,31.0,6-6,78,220,Southern California,USA,2009,1,9,61,21.6,4.2,6.9,-2.5,0.019,0.106,0.255,0.591,0.309,2020-21
117,202326,DeMarcus Cousins,1610612746,LAC,30.0,6-10,82,270,Kentucky,USA,2010,1,5,41,8.9,6.4,1.9,-3.2,0.07,0.293,0.239,0.537,0.174,2020-21
118,1629731,Dean Wade,1610612739,CLE,24.0,6-9,81,228,Kansas State,USA,Undrafted,Undrafted,Undrafted,63,6.0,3.4,1.2,-9.0,0.031,0.154,0.128,0.573,0.094,2020-21
119,1629028,Deandre Ayton,1610612756,PHX,22.0,6-11,83,250,Arizona,Bahamas,2018,1,1,69,14.4,10.5,1.4,6.3,0.117,0.236,0.179,0.653,0.066,2020-21
120,1629686,Deividas Sirvydis,1610612765,DET,20.0,6-8,80,190,None,Lithuania,2019,2,37,20,2.1,1.5,0.3,-9.7,0.0,0.225,0.15,0.481,0.062,2020-21
121,1627749,Dejounte Murray,1610612759,SAS,24.0,6-4,76,180,Washington,USA,2016,1,29,67,15.7,7.1,5.4,2.3,0.026,0.19,0.231,0.509,0.246,2020-21
122,1626153,Delon Wright,1610612758,SAC,29.0,6-5,77,185,Utah,USA,2015,1,20,63,10.2,4.3,4.4,-3.5,0.036,0.122,0.163,0.562,0.237,2020-21
123,1630166,Deni Avdija,1610612764,WAS,20.0,6-9,81,210,None,Israel,2020,1,9,54,6.3,4.9,1.2,-2.1,0.017,0.181,0.118,0.515,0.064,2020-21
124,203471,Dennis Schroder,1610612747,LAL,27.0,6-3,75,172,None,Germany,2013,1,17,61,15.4,3.5,5.8,2.2,0.016,0.093,0.227,0.543,0.262,2020-21
125,1628372,Dennis Smith Jr.,1610612765,DET,23.0,6-2,74,205,North Carolina State,USA,2017,1,9,23,6.7,2.4,3.3,-2.2,0.029,0.099,0.191,0.492,0.276,2020-21
126,1627756,Denzel Valentine,1610612741,CHI,27.0,6-4,76,220,Michigan State,USA,2016,1,14,62,6.5,3.2,1.7,1.0,0.022,0.168,0.19,0.479,0.144,2020-21
127,202324,Derrick Favors,1610612762,UTA,29.0,6-9,81,265,Georgia Tech,USA,2010,1,3,68,5.4,5.5,0.6,2.6,0.13,0.227,0.125,0.663,0.059,2020-21
128,1627884,Derrick Jones Jr.,1610612757,POR,24.0,6-5,77,210,UNLV,USA,Undrafted,Undrafted,Undrafted,58,6.8,3.5,0.8,-0.8,0.055,0.094,0.122,0.576,0.049,2020-21
129,201565,Derrick Rose,1610612752,NYK,32.0,6-2,74,200,Memphis,USA,2008,1,1,50,14.7,2.6,4.2,4.9,0.015,0.081,0.252,0.55,0.276,2020-21
130,1628401,Derrick White,1610612759,SAS,26.0,6-4,76,190,Colorado,USA,2017,1,29,36,15.4,3.0,3.5,5.1,0.012,0.086,0.223,0.55,0.168,2020-21
131,1630217,Desmond Bane,1610612763,MEM,22.0,6-5,77,215,TCU,USA,2020,1,30,68,9.2,3.1,1.7,0.4,0.019,0.116,0.155,0.6,0.105,2020-21
132,1626164,Devin Booker,1610612756,PHX,24.0,6-5,77,206,Kentucky,USA,2015,1,13,67,25.6,4.2,4.3,7.2,0.016,0.108,0.319,0.587,0.2,2020-21
133,1629962,Devin Cannady,1610612753,ORL,25.0,6-2,74,183,Princeton,USA,2019,,,8,4.3,0.6,0.1,-13.7,0.0,0.065,0.181,0.547,0.023,2020-21
134,1630170,Devin Vassell,1610612759,SAS,20.0,6-5,77,200,Florida State,USA,2020,1,11,62,5.5,2.8,0.9,-2.4,0.021,0.138,0.138,0.524,0.071,2020-21
135,1629653,Devon Dotson,1610612741,CHI,21.0,6-2,74,185,Kansas,USA,Undrafted,Undrafted,Undrafted,11,2.1,0.5,0.6,21.7,0.039,0.061,0.16,0.548,0.2,2020-21
136,1629719,Devontae Cacok,1610612747,LAL,24.0,6-7,79,240,North Carolina-Wilmington,USA,Undrafted,Undrafted,Undrafted,20,2.0,1.6,0.1,18.1,0.117,0.183,0.154,0.576,0.013,2020-21
137,1628984,Devonte' Graham,1610612766,CHA,26.0,6-1,73,195,Kansas,USA,2018,2,34,55,14.8,2.7,5.4,2.1,0.013,0.075,0.211,0.552,0.272,2020-21
138,203473,Dewayne Dedmon,1610612748,MIA,31.0,7-0,84,245,Southern California,USA,Undrafted,Undrafted,Undrafted,16,7.1,5.4,0.8,17.1,0.137,0.282,0.183,0.735,0.083,2020-21
139,1629712,Didi Louzada,1610612740,NOP,21.0,6-5,77,188,None,Brazil,2019,2,35,3,2.7,1.0,1.0,-7.3,0.015,0.032,0.114,0.308,0.073,2020-21
140,1628415,Dillon Brooks,1610612763,MEM,25.0,6-7,79,225,Oregon,Canada,2017,2,45,67,17.2,2.9,2.3,4.5,0.026,0.069,0.256,0.515,0.112,2020-21
141,1627734,Domantas Sabonis,1610612754,IND,25.0,6-11,83,240,Gonzaga,Lithuania,2016,1,11,62,20.3,12.0,6.7,-1.9,0.066,0.259,0.239,0.601,0.283,2020-21
142,1628378,Donovan Mitchell,1610612762,UTA,24.0,6-1,73,215,Louisville,USA,2017,1,13,53,26.4,4.4,5.2,7.9,0.028,0.095,0.327,0.569,0.266,2020-21
143,1629743,Donta Hall,1610612753,ORL,23.0,6-10,82,230,Alabama,USA,Undrafted,Undrafted,Undrafted,13,5.6,4.8,0.8,-6.5,0.126,0.193,0.135,0.731,0.102,2020-21
144,1628978,Donte DiVincenzo,1610612749,MIL,24.0,6-4,76,203,Villanova,USA,2018,1,17,66,10.4,5.8,3.1,8.1,0.043,0.155,0.163,0.542,0.137,2020-21
145,1627827,Dorian Finney-Smith,1610612742,DAL,28.0,6-7,79,220,Florida,USA,Undrafted,Undrafted,Undrafted,60,9.8,5.4,1.7,5.1,0.052,0.116,0.12,0.609,0.07,2020-21
146,203926,Doug McDermott,1610612754,IND,29.0,6-7,79,225,Creighton,USA,2014,1,11,66,13.6,3.3,1.3,-1.8,0.036,0.096,0.194,0.635,0.075,2020-21
147,203110,Draymond Green,1610612744,GSW,31.0,6-6,78,230,Michigan State,USA,2012,2,35,63,7.0,7.1,8.9,5.4,0.028,0.184,0.128,0.53,0.345,2020-21
148,1629234,Drew Eubanks,1610612759,SAS,24.0,6-9,81,245,Oregon State,USA,Undrafted,Undrafted,Undrafted,54,5.8,4.5,0.8,-4.6,0.09,0.207,0.166,0.618,0.086,2020-21
149,1629130,Duncan Robinson,1610612748,MIA,27.0,6-7,79,215,Michigan,USA,Undrafted,Undrafted,Undrafted,72,13.1,3.5,1.8,2.3,0.003,0.109,0.162,0.628,0.082,2020-21
150,1628407,Dwayne Bacon,1610612753,ORL,25.0,6-6,78,221,Florida State,USA,2017,2,40,72,10.9,3.1,1.3,-11.4,0.015,0.102,0.193,0.49,0.08,2020-21
151,2730,Dwight Howard,1610612755,PHI,35.0,6-10,82,265,None,USA,2004,1,1,69,7.0,8.4,0.9,-2.4,0.148,0.309,0.173,0.61,0.076,2020-21
152,203939,Dwight Powell,1610612742,DAL,29.0,6-10,82,240,Stanford,Canada,2014,2,45,58,5.9,4.0,1.1,4.0,0.086,0.158,0.129,0.688,0.09,2020-21
153,1629685,Dylan Windler,1610612739,CLE,24.0,6-6,78,196,Belmont,USA,2019,1,26,31,5.2,3.5,1.1,-6.5,0.039,0.171,0.14,0.567,0.089,2020-21
154,202734,E'Twaun Moore,1610612756,PHX,32.0,6-3,75,191,Purdue,USA,2011,2,55,27,4.9,1.7,1.5,0.5,0.035,0.08,0.164,0.523,0.14,2020-21
155,202334,Ed Davis,1610612750,MIN,32.0,6-9,81,218,North Carolina,USA,2010,1,13,23,2.1,5.0,0.9,-7.6,0.127,0.235,0.078,0.487,0.1,2020-21
156,1628410,Edmond Sumner,1610612754,IND,25.0,6-4,76,196,Xavier,USA,2017,2,52,53,7.5,1.8,0.9,-0.4,0.02,0.083,0.176,0.626,0.075,2020-21
157,203901,Elfrid Payton,1610612752,NYK,27.0,6-3,75,195,Louisana-Lafayette,USA,2014,1,10,63,10.1,3.4,3.2,-3.0,0.041,0.098,0.224,0.478,0.209,2020-21
158,1629091,Elijah Bryant,1610612749,MIL,26.0,6-5,77,210,Brigham Young,USA,Undrafted,Undrafted,Undrafted,1,16.0,6.0,3.0,14.0,0.065,0.133,0.231,0.559,0.13,2020-21
159,1630190,Elijah Hughes,1610612762,UTA,23.0,6-5,77,215,Syracuse,USA,2020,2,39,18,1.7,0.5,0.3,-28.8,0.014,0.119,0.242,0.488,0.158,2020-21
160,202683,Enes Kanter,1610612757,POR,29.0,6-10,82,250,None,Turkey,2011,1,3,72,11.2,11.0,1.2,4.9,0.148,0.281,0.169,0.636,0.069,2020-21
161,202339,Eric Bledsoe,1610612740,NOP,31.0,6-1,73,214,Kentucky,USA,2010,1,18,71,12.2,3.4,3.8,-1.8,0.013,0.1,0.181,0.533,0.17,2020-21
162,201569,Eric Gordon,1610612745,HOU,32.0,6-3,75,215,Indiana,USA,2008,1,7,27,17.8,2.1,2.6,-3.3,0.009,0.062,0.246,0.577,0.147,2020-21
163,1629672,Eric Paschall,1610612744,GSW,24.0,6-6,78,255,Villanova,USA,2019,2,41,40,9.5,3.2,1.3,-6.8,0.038,0.138,0.234,0.561,0.125,2020-21
164,101141,Ersan Ilyasova,1610612762,UTA,34.0,6-9,81,235,None,Turkey,2005,2,36,17,3.8,1.7,0.2,6.7,0.047,0.143,0.19,0.578,0.04,2020-21
165,203095,Evan Fournier,1610612738,BOS,28.0,6-7,79,205,None,France,2012,1,20,42,17.1,3.0,3.4,-1.4,0.007,0.094,0.222,0.598,0.17,2020-21
166,1630267,Facundo Campazzo,1610612743,DEN,30.0,5-10,70,195,None,Argentina,Undrafted,Undrafted,Undrafted,65,6.1,2.1,3.6,2.8,0.015,0.081,0.128,0.558,0.215,2020-21
167,1628402,Frank Jackson,1610612765,DET,23.0,6-3,75,205,Duke,USA,2017,2,31,40,9.8,2.2,0.9,-1.0,0.021,0.092,0.207,0.598,0.079,2020-21
168,1626163,Frank Kaminsky,1610612756,PHX,28.0,7-0,84,240,Wisconsin,USA,2015,1,9,47,6.6,4.0,1.7,4.6,0.051,0.208,0.185,0.547,0.154,2020-21
169,1628412,Frank Mason,1610612753,ORL,27.0,5-11,71,190,Kansas,USA,2017,2,34,4,6.3,3.0,3.0,-11.1,0.033,0.103,0.17,0.462,0.218,2020-21
170,1628373,Frank Ntilikina,1610612752,NYK,22.0,6-4,76,200,None,France,2017,1,8,33,2.7,0.9,0.6,-3.6,0.019,0.077,0.134,0.512,0.095,2020-21
171,1627832,Fred VanVleet,1610612761,TOR,27.0,6-1,73,197,Wichita State,USA,Undrafted,Undrafted,Undrafted,52,19.6,4.2,6.3,3.3,0.016,0.101,0.237,0.534,0.264,2020-21
172,1630273,Freddie Gillespie,1610612761,TOR,23.0,6-9,81,245,Baylor,USA,Undrafted,Undrafted,Undrafted,20,5.6,4.9,0.5,-9.6,0.1,0.142,0.12,0.563,0.034,2020-21
173,1627788,Furkan Korkmaz,1610612755,PHI,23.0,6-7,79,202,None,Turkey,2016,1,26,55,9.1,2.1,1.5,6.0,0.015,0.09,0.195,0.544,0.111,2020-21
174,1629216,Gabe Vincent,1610612748,MIA,24.0,6-3,75,200,California-Santa Barbara,USA,Undrafted,Undrafted,Undrafted,50,4.8,1.1,1.3,-5.9,0.016,0.068,0.184,0.498,0.161,2020-21
175,1630466,Gabriel Deck,1610612760,OKC,26.0,6-6,78,231,None,Argentina,Undrafted,Undrafted,Undrafted,10,8.4,4.0,2.4,-12.7,0.067,0.118,0.159,0.548,0.16,2020-21
176,202066,Garrett Temple,1610612741,CHI,35.0,6-5,77,195,Louisiana State,USA,Undrafted,Undrafted,Undrafted,56,7.6,2.9,2.2,1.5,0.019,0.082,0.126,0.525,0.104,2020-21
177,1629726,Garrison Mathews,1610612764,WAS,24.0,6-5,77,215,Lipscomb,USA,Undrafted,Undrafted,Undrafted,64,5.5,1.4,0.4,-5.6,0.015,0.065,0.111,0.635,0.032,2020-21
178,1629109,Gary Clark,1610612755,PHI,26.0,6-6,78,225,Cincinnati,USA,Undrafted,Undrafted,Undrafted,39,3.1,2.9,0.8,-7.7,0.044,0.125,0.097,0.436,0.064,2020-21
179,203914,Gary Harris,1610612753,ORL,26.0,6-4,76,210,Michigan State,USA,2014,1,19,39,9.9,2.0,2.0,-4.2,0.019,0.054,0.164,0.511,0.102,2020-21
180,1627780,Gary Payton II,1610612744,GSW,28.0,6-3,75,195,Oregon State,USA,Undrafted,Undrafted,Undrafted,10,2.5,1.1,0.1,2.2,0.051,0.176,0.153,0.847,0.037,2020-21
181,1629018,Gary Trent Jr.,1610612761,TOR,22.0,6-5,77,209,Duke,USA,2018,2,37,58,15.3,2.6,1.4,-1.8,0.014,0.069,0.204,0.534,0.067,2020-21
182,201588,George Hill,1610612755,PHI,35.0,6-4,76,188,Indiana-Purdue Indianapolis,USA,2008,1,26,30,8.7,2.0,2.4,-0.4,0.023,0.063,0.161,0.596,0.156,2020-21
183,1627777,Georges Niang,1610612762,UTA,27.0,6-7,79,230,Iowa State,USA,2016,2,50,72,6.9,2.4,0.8,14.6,0.024,0.117,0.169,0.602,0.071,2020-21
184,203507,Giannis Antetokounmpo,1610612749,MIL,26.0,6-11,83,242,None,Greece,2013,1,15,61,28.1,11.0,5.9,9.8,0.048,0.264,0.32,0.633,0.282,2020-21
185,203922,Glenn Robinson III,1610612758,SAC,27.0,6-6,78,222,Michigan,USA,2014,2,40,23,5.3,2.0,0.9,-17.3,0.028,0.094,0.135,0.554,0.075,2020-21
186,1629048,Goga Bitadze,1610612754,IND,21.0,6-11,83,250,None,Georgia,2019,1,18,45,5.1,3.3,0.8,-0.8,0.095,0.148,0.169,0.523,0.087,2020-21
187,201609,Goran Dragic,1610612748,MIA,35.0,6-3,75,190,None,Slovenia,2008,2,45,50,13.4,3.4,4.4,1.5,0.019,0.107,0.239,0.552,0.26,2020-21
188,202330,Gordon Hayward,1610612766,CHA,31.0,6-7,79,225,Butler,USA,2010,1,9,44,19.6,5.9,4.1,0.7,0.024,0.143,0.235,0.584,0.189,2020-21
189,203476,Gorgui Dieng,1610612759,SAS,31.0,6-10,82,252,Louisville,Senegal,2013,1,21,38,6.8,3.7,1.3,-6.7,0.068,0.181,0.169,0.67,0.13,2020-21
190,1630203,Grant Riller,1610612766,CHA,24.0,6-2,74,190,College of Charleston,USA,2020,2,56,7,2.6,0.1,0.4,-5.4,0.0,0.04,0.22,0.75,0.3,2020-21
191,1629684,Grant Williams,1610612738,BOS,22.0,6-6,78,236,Tennessee,USA,2019,1,22,63,4.7,2.8,1.0,-1.9,0.04,0.113,0.12,0.546,0.079,2020-21
192,1628960,Grayson Allen,1610612763,MEM,25.0,6-4,76,198,Duke,USA,2018,1,21,50,10.6,3.2,2.2,0.5,0.014,0.106,0.164,0.586,0.116,2020-21
193,204222,Greg Whittington,1610612743,DEN,28.0,6-8,80,210,Georgetown,USA,Undrafted,Undrafted,Undrafted,4,0.0,0.0,0.0,33.3,0.0,0.0,0.103,0.0,0.0,2020-21
194,1628977,Hamidou Diallo,1610612765,DET,22.0,6-5,77,202,Kentucky,USA,2018,2,45,52,11.6,5.2,1.9,-8.6,0.046,0.161,0.218,0.541,0.133,2020-21
195,203084,Harrison Barnes,1610612758,SAC,29.0,6-8,80,225,North Carolina,USA,2012,1,7,58,16.1,6.6,3.5,-1.8,0.031,0.152,0.169,0.626,0.128,2020-21
196,1628385,Harry Giles III,1610612757,POR,23.0,6-11,83,240,Duke,USA,2017,1,20,38,2.8,3.5,0.8,-10.4,0.079,0.254,0.154,0.496,0.125,2020-21
197,202355,Hassan Whiteside,1610612758,SAC,31.0,7-0,84,265,Marshall,USA,2010,2,33,36,8.1,6.0,0.6,-8.1,0.109,0.269,0.227,0.566,0.058,2020-21
198,1627740,Henry Ellenson,1610612761,TOR,24.0,6-10,82,240,Marquette,USA,2016,1,18,2,7.5,6.0,2.5,10.6,0.061,0.205,0.167,0.476,0.208,2020-21
199,1629649,Ignas Brazdeikis,1610612753,ORL,22.0,6-6,78,221,Michigan,Canada,2019,2,47,13,7.0,3.5,1.3,-4.3,0.041,0.129,0.171,0.51,0.1,2020-21
200,202697,Iman Shumpert,1610612751,BKN,30.0,6-5,77,212,Georgia Tech,USA,2011,1,17,2,1.0,0.5,0.0,-4.3,0.077,0.0,0.185,0.25,0.0,2020-21
201,1630193,Immanuel Quickley,1610612752,NYK,21.0,6-3,75,190,Kentucky,USA,2020,1,25,64,11.4,2.1,2.0,7.1,0.02,0.086,0.246,0.557,0.164,2020-21
202,1629067,Isaac Bonga,1610612764,WAS,21.0,6-8,80,180,None,Germany,2018,2,39,40,2.0,1.7,0.6,-3.3,0.042,0.1,0.101,0.461,0.072,2020-21
203,1630171,Isaac Okoro,1610612739,CLE,20.0,6-5,77,225,Auburn,USA,2020,1,5,67,9.6,3.1,1.9,-8.7,0.031,0.066,0.142,0.514,0.086,2020-21
204,1628392,Isaiah Hartenstein,1610612739,CLE,23.0,7-0,84,250,None,Germany,2017,2,43,46,5.1,3.9,1.2,2.1,0.114,0.207,0.187,0.583,0.147,2020-21
205,1630198,Isaiah Joe,1610612755,PHI,21.0,6-4,76,165,Arkansas,USA,2020,2,49,41,3.7,0.9,0.5,1.8,0.014,0.083,0.163,0.533,0.072,2020-21
206,1629676,Isaiah Roby,1610612760,OKC,23.0,6-8,80,230,Nebraska-Lincoln,USA,2019,2,45,61,8.7,5.6,1.8,-14.1,0.057,0.169,0.171,0.555,0.118,2020-21
207,1630191,Isaiah Stewart,1610612765,DET,20.0,6-8,80,250,Washington,USA,2020,1,16,68,7.9,6.7,0.9,-2.0,0.105,0.193,0.15,0.597,0.064,2020-21
208,202738,Isaiah Thomas,1610612740,NOP,32.0,5-9,69,185,Washington,USA,2011,2,60,3,7.7,1.3,1.7,6.7,0.019,0.052,0.274,0.412,0.167,2020-21
209,202397,Ish Smith,1610612764,WAS,32.0,6-0,72,175,Wake Forest,USA,Undrafted,Undrafted,Undrafted,44,6.7,3.4,3.9,2.3,0.022,0.131,0.155,0.473,0.242,2020-21
210,1627826,Ivica Zubac,1610612746,LAC,24.0,7-0,84,240,None,Croatia,2016,2,32,72,9.0,7.2,1.3,5.0,0.121,0.2,0.147,0.693,0.079,2020-21
211,200755,JJ Redick,1610612742,DAL,36.0,6-3,75,200,Duke,USA,2006,1,11,44,7.4,1.5,1.2,-1.3,0.006,0.082,0.184,0.564,0.098,2020-21
212,1629630,Ja Morant,1610612763,MEM,21.0,6-3,75,174,Murray State,USA,2019,1,2,63,19.1,4.0,7.4,2.6,0.027,0.091,0.267,0.537,0.321,2020-21
213,203960,JaKarr Sampson,1610612754,IND,28.0,6-7,79,214,St. John's,USA,Undrafted,Undrafted,Undrafted,29,4.6,2.7,0.1,1.1,0.08,0.145,0.177,0.533,0.017,2020-21
214,203210,JaMychal Green,1610612743,DEN,30.0,6-8,80,227,Alabama,USA,Undrafted,Undrafted,Undrafted,58,8.1,4.8,0.9,4.1,0.072,0.177,0.172,0.59,0.07,2020-21
215,201580,JaVale McGee,1610612743,DEN,33.0,7-0,84,270,Nevada-Reno,USA,2008,1,18,46,7.3,5.2,0.8,-6.1,0.105,0.231,0.228,0.541,0.098,2020-21
216,203953,Jabari Parker,1610612738,BOS,26.0,6-8,80,245,Duke,USA,2014,1,2,13,5.5,3.2,0.8,-5.5,0.056,0.18,0.175,0.593,0.105,2020-21
217,1630183,Jaden McDaniels,1610612750,MIN,20.0,6-9,81,185,Washington,USA,2020,1,28,63,6.8,3.7,1.1,-3.4,0.032,0.118,0.118,0.552,0.064,2020-21
218,203109,Jae Crowder,1610612756,PHX,30.0,6-6,78,235,Marquette,USA,2012,2,34,60,10.1,4.7,2.1,6.3,0.02,0.146,0.152,0.574,0.102,2020-21
219,1630256,Jae'Sean Tate,1610612745,HOU,25.0,6-4,76,230,Ohio State,USA,Undrafted,Undrafted,Undrafted,70,11.3,5.3,2.5,-3.8,0.06,0.118,0.161,0.576,0.127,2020-21
220,1626143,Jahlil Okafor,1610612765,DET,25.0,6-10,82,270,Duke,USA,2015,1,3,27,5.4,2.4,0.5,-10.2,0.07,0.119,0.17,0.644,0.066,2020-21
221,1630186,Jahmi'us Ramsey,1610612758,SAC,19.0,6-3,75,190,Texas Tech,USA,2020,2,43,13,3.1,0.8,0.5,2.4,0.019,0.08,0.183,0.498,0.088,2020-21
222,1627774,Jake Layman,1610612750,MIN,27.0,6-8,80,209,Maryland,USA,2016,2,47,45,5.1,1.5,0.6,-5.8,0.019,0.083,0.147,0.577,0.067,2020-21
223,1627751,Jakob Poeltl,1610612759,SAS,25.0,7-1,85,245,Utah,Austria,2016,1,9,69,8.6,7.9,1.9,3.2,0.114,0.173,0.13,0.612,0.096,2020-21
224,1628973,Jalen Brunson,1610612742,DAL,24.0,6-1,73,190,Villanova,USA,2018,2,33,68,12.6,3.4,3.5,4.9,0.016,0.117,0.196,0.618,0.215,2020-21
225,1630223,Jalen Harris,1610612761,TOR,22.0,6-5,77,195,Nevada,USA,2020,2,59,13,7.4,1.4,1.3,0.3,0.017,0.091,0.219,0.632,0.153,2020-21
226,1629665,Jalen Lecque,1610612754,IND,20.0,6-4,76,185,None,USA,Undrafted,Undrafted,Undrafted,4,1.3,1.3,0.5,-14.8,0.083,0.2,0.263,0.242,0.333,2020-21
227,1629667,Jalen McDaniels,1610612766,CHA,23.0,6-9,81,205,San Diego State,USA,2019,2,52,47,7.4,3.6,1.1,-9.4,0.047,0.138,0.169,0.554,0.09,2020-21
228,1630188,Jalen Smith,1610612756,PHX,21.0,6-10,82,215,Maryland,USA,2020,1,10,27,2.0,1.4,0.1,-4.4,0.044,0.174,0.161,0.499,0.037,2020-21
229,1627750,Jamal Murray,1610612743,DEN,24.0,6-3,75,215,Kentucky,Canada,2016,1,7,48,21.2,4.0,4.8,8.0,0.023,0.095,0.244,0.592,0.197,2020-21
230,203516,James Ennis III,1610612753,ORL,30.0,6-6,78,215,California State-Long Beach,USA,2013,2,50,41,8.4,4.0,1.5,-3.8,0.042,0.123,0.137,0.613,0.087,2020-21
231,201935,James Harden,1610612751,BKN,31.0,6-5,77,220,Arizona State,USA,2009,1,3,44,24.6,7.9,10.8,2.9,0.023,0.191,0.283,0.618,0.442,2020-21
232,201949,James Johnson,1610612740,NOP,34.0,6-7,79,240,Wake Forest,USA,2009,1,16,51,7.2,3.5,1.9,-5.0,0.029,0.131,0.166,0.51,0.134,2020-21
233,203263,James Nunnally,1610612740,NOP,30.0,6-7,79,205,California-Santa Barbara,USA,Undrafted,Undrafted,Undrafted,9,1.7,1.0,0.3,-4.8,0.033,0.149,0.129,0.54,0.094,2020-21
234,1630164,James Wiseman,1610612744,GSW,20.0,7-0,84,240,Memphis,USA,2020,1,2,39,11.5,5.8,0.7,-8.8,0.063,0.19,0.231,0.552,0.05,2020-21
235,201162,Jared Dudley,1610612747,LAL,35.0,6-6,78,237,Boston College,USA,2007,1,22,12,0.5,1.8,0.4,-1.7,0.047,0.213,0.056,0.333,0.081,2020-21
236,1629607,Jared Harper,1610612752,NYK,23.0,5-10,70,175,Auburn,USA,Undrafted,Undrafted,Undrafted,8,0.4,0.3,0.1,-16.4,0.0,0.091,0.2,0.26,0.125,2020-21
237,1628991,Jaren Jackson Jr.,1610612763,MEM,21.0,6-11,83,242,Michigan State,USA,2018,1,4,11,14.4,5.6,1.1,-10.5,0.06,0.164,0.252,0.551,0.074,2020-21
238,1629020,Jarred Vanderbilt,1610612750,MIN,22.0,6-9,81,214,Kentucky,USA,2018,2,41,64,5.4,5.8,1.2,-1.1,0.096,0.211,0.118,0.612,0.091,2020-21
239,1629714,Jarrell Brantley,1610612762,UTA,25.0,6-5,77,250,College of Charleston,USA,2019,2,50,28,2.3,1.0,0.5,-9.1,0.059,0.125,0.182,0.605,0.17,2020-21
240,1628386,Jarrett Allen,1610612739,CLE,23.0,6-11,83,243,Texas-Austin,USA,2017,1,22,63,12.8,10.0,1.7,-5.6,0.106,0.232,0.163,0.661,0.087,2020-21
241,1629633,Jarrett Culver,1610612750,MIN,22.0,6-6,78,195,Texas Tech,USA,2019,1,6,34,5.3,3.1,0.7,-10.7,0.059,0.132,0.179,0.476,0.079,2020-21
242,1629750,Javonte Green,1610612741,CHI,27.0,6-4,76,205,Radford,USA,Undrafted,Undrafted,Undrafted,41,3.6,1.7,0.4,1.8,0.056,0.1,0.122,0.61,0.048,2020-21
243,1629637,Jaxson Hayes,1610612740,NOP,21.0,6-11,83,220,Texas-Austin,USA,2019,1,8,60,7.5,4.3,0.6,-0.9,0.087,0.161,0.156,0.675,0.057,2020-21
244,1630206,Jay Scrubb,1610612746,LAC,20.0,6-5,77,220,                                   ,USA,2020,2,55,4,8.8,3.5,0.3,-2.8,0.022,0.14,0.217,0.458,0.015,2020-21
245,1629121,Jaylen Adams,1610612749,MIL,25.0,6-0,72,225,St. Bonaventure,USA,Undrafted,Undrafted,Undrafted,7,0.3,0.4,0.3,-31.0,0.0,0.143,0.178,0.125,0.2,2020-21
246,1627759,Jaylen Brown,1610612738,BOS,24.0,6-6,78,223,California,USA,2016,1,3,58,24.7,6.0,3.4,1.8,0.035,0.136,0.29,0.586,0.162,2020-21
247,1629658,Jaylen Hoard,1610612760,OKC,22.0,6-8,80,216,Wake Forest,France,Undrafted,Undrafted,Undrafted,19,6.1,3.4,1.3,-9.1,0.061,0.128,0.156,0.547,0.11,2020-21
248,1629669,Jaylen Nowell,1610612750,MIN,21.0,6-4,76,201,Washington,USA,2019,2,43,42,9.0,2.3,1.5,-6.6,0.022,0.098,0.206,0.528,0.13,2020-21
249,1628369,Jayson Tatum,1610612738,BOS,23.0,6-8,80,210,Duke,USA,2017,1,3,64,26.4,7.4,4.3,3.0,0.021,0.188,0.298,0.576,0.196,2020-21
250,201145,Jeff Green,1610612751,BKN,34.0,6-8,80,235,Georgetown,USA,2007,1,5,68,11.0,3.9,1.6,3.3,0.019,0.116,0.154,0.624,0.08,2020-21
251,201952,Jeff Teague,1610612749,MIL,32.0,6-3,75,195,Wake Forest,USA,2009,1,19,55,6.7,1.6,2.4,2.8,0.016,0.074,0.174,0.562,0.182,2020-21
252,203924,Jerami Grant,1610612765,DET,27.0,6-8,80,210,Syracuse,USA,2014,2,39,54,22.3,4.6,2.8,-3.2,0.018,0.118,0.278,0.556,0.145,2020-21
253,1629725,Jeremiah Martin,1610612739,CLE,24.0,6-2,74,185,Memphis,USA,Undrafted,Undrafted,Undrafted,9,2.4,0.8,0.4,-16.7,0.021,0.065,0.22,0.313,0.091,2020-21
254,203087,Jeremy Lamb,1610612754,IND,29.0,6-5,77,180,Connecticut,USA,2012,1,12,36,10.1,3.6,1.5,-0.3,0.032,0.137,0.18,0.587,0.094,2020-21
255,1629010,Jerome Robinson,1610612764,WAS,24.0,6-4,76,190,Boston College,USA,2018,1,13,17,4.9,2.2,1.5,-13.1,0.011,0.105,0.161,0.4,0.114,2020-21
256,1628975,Jevon Carter,1610612756,PHX,25.0,6-1,73,200,West Virginia,USA,2018,2,32,60,4.1,1.5,1.2,3.3,0.022,0.107,0.146,0.548,0.136,2020-21
257,202710,Jimmy Butler,1610612748,MIA,31.0,6-7,79,230,Marquette,USA,2011,1,30,52,21.5,6.9,7.1,5.2,0.056,0.153,0.259,0.607,0.345,2020-21
258,203925,Joe Harris,1610612751,BKN,29.0,6-6,78,220,Virginia,USA,2014,2,33,69,14.1,3.6,1.9,6.9,0.021,0.09,0.157,0.663,0.081,2020-21
259,204060,Joe Ingles,1610612762,UTA,33.0,6-8,80,220,None,Australia,Undrafted,Undrafted,Undrafted,67,12.1,3.6,4.7,11.8,0.014,0.108,0.162,0.672,0.238,2020-21
260,203954,Joel Embiid,1610612755,PHI,27.0,7-0,84,280,Kansas,Cameroon,2014,1,3,51,28.5,10.6,2.8,12.0,0.078,0.254,0.352,0.636,0.156,2020-21
261,1628381,John Collins,1610612737,ATL,23.0,6-9,81,235,Wake Forest,USA,2017,1,19,63,17.6,7.4,1.2,4.3,0.064,0.183,0.214,0.645,0.065,2020-21
262,1629723,John Konchar,1610612763,MEM,25.0,6-5,77,210,Indiana-Purdue Fort Wayne,USA,Undrafted,Undrafted,Undrafted,43,4.3,3.0,1.1,2.1,0.057,0.161,0.124,0.608,0.111,2020-21
263,202322,John Wall,1610612745,HOU,30.0,6-3,75,210,Kentucky,USA,2010,1,1,40,20.6,3.2,6.9,-5.7,0.012,0.084,0.316,0.503,0.365,2020-21
264,202685,Jonas Valanciunas,1610612763,MEM,29.0,6-11,83,265,None,Lithuania,2011,1,5,62,17.1,12.5,1.8,3.8,0.134,0.289,0.217,0.636,0.097,2020-21
265,1629007,Jontay Porter,1610612763,MEM,21.0,6-11,83,240,Missouri,USA,Undrafted,Undrafted,Undrafted,11,2.0,1.3,0.1,0.9,0.065,0.149,0.182,0.64,0.033,2020-21
266,1628395,Jordan Bell,1610612744,GSW,26.0,6-8,80,216,Oregon,USA,2017,2,38,6,2.5,4.0,1.2,-17.0,0.069,0.189,0.14,0.328,0.13,2020-21
267,1629648,Jordan Bone,1610612753,ORL,23.0,6-2,74,180,Tennessee,USA,2019,2,57,14,4.0,1.7,1.3,-14.3,0.018,0.102,0.121,0.519,0.143,2020-21
268,203903,Jordan Clarkson,1610612762,UTA,29.0,6-4,76,194,Missouri,USA,2014,2,46,68,18.4,4.0,2.5,7.8,0.025,0.117,0.286,0.549,0.149,2020-21
269,1629162,Jordan McLaughlin,1610612750,MIN,25.0,5-11,71,185,Southern California,USA,Undrafted,Undrafted,Undrafted,51,5.0,2.1,3.8,-6.3,0.02,0.09,0.133,0.502,0.292,2020-21
270,1629670,Jordan Nwora,1610612749,MIL,22.0,6-8,80,225,Louisville,USA,2020,2,45,30,5.7,2.0,0.2,-0.3,0.033,0.162,0.254,0.586,0.04,2020-21
271,1629673,Jordan Poole,1610612744,GSW,21.0,6-4,76,194,Michigan,USA,2019,1,28,51,12.0,1.8,1.9,0.7,0.015,0.074,0.246,0.581,0.161,2020-21
272,1630182,Josh Green,1610612742,DAL,20.0,6-5,77,200,Arizona,Australia,2020,1,18,39,2.6,2.0,0.7,1.9,0.059,0.11,0.112,0.49,0.083,2020-21
273,1630221,Josh Hall,1610612760,OKC,20.0,6-9,81,190,None,USA,Undrafted,Undrafted,Undrafted,21,4.1,2.8,1.3,-13.2,0.016,0.151,0.174,0.363,0.118,2020-21
274,1628404,Josh Hart,1610612740,NOP,26.0,6-5,77,215,Villanova,USA,2017,1,30,47,9.2,8.0,2.3,-0.2,0.039,0.234,0.133,0.566,0.109,2020-21
275,1628367,Josh Jackson,1610612765,DET,24.0,6-8,80,207,Kansas,USA,2017,1,4,62,13.4,4.1,2.3,-3.4,0.035,0.123,0.254,0.516,0.15,2020-21
276,1629006,Josh Okogie,1610612750,MIN,22.0,6-4,76,213,Georgia Tech,Nigeria,2018,1,20,59,5.4,2.6,1.1,-6.6,0.048,0.079,0.119,0.524,0.072,2020-21
277,1626196,Josh Richardson,1610612742,DAL,27.0,6-5,77,200,Tennessee,USA,2015,2,40,59,12.1,3.3,2.6,-0.2,0.028,0.079,0.181,0.537,0.123,2020-21
278,201950,Jrue Holiday,1610612749,MIL,30.0,6-3,75,205,UCLA,USA,2009,1,17,59,17.7,4.5,6.1,9.2,0.037,0.093,0.217,0.592,0.253,2020-21
279,1629308,Juan Toscano-Anderson,1610612744,GSW,28.0,6-6,78,209,Marquette,USA,Undrafted,Undrafted,Undrafted,53,5.7,4.4,2.8,3.8,0.026,0.172,0.108,0.676,0.181,2020-21
280,1627823,Juancho Hernangomez,1610612750,MIN,25.0,6-9,81,214,None,Spain,2016,1,15,52,7.2,3.9,0.7,-4.9,0.047,0.177,0.167,0.549,0.055,2020-21
281,203944,Julius Randle,1610612752,NYK,26.0,6-8,80,250,Kentucky,USA,2014,1,7,71,24.1,10.2,6.0,3.0,0.031,0.227,0.285,0.567,0.269,2020-21
282,203200,Justin Holiday,1610612754,IND,32.0,6-6,78,180,Washington,USA,Undrafted,Undrafted,Undrafted,72,10.5,3.6,1.7,-0.6,0.014,0.098,0.138,0.571,0.07,2020-21
283,1628382,Justin Jackson,1610612749,MIL,26.0,6-8,80,220,North Carolina,USA,2017,1,15,34,7.2,2.3,1.5,-3.0,0.026,0.1,0.195,0.516,0.136,2020-21
284,1629713,Justin James,1610612758,SAC,24.0,6-7,79,190,Wyoming,USA,2019,2,40,36,3.9,0.8,0.6,-8.5,0.027,0.067,0.192,0.548,0.109,2020-21
285,1628383,Justin Patton,1610612745,HOU,23.0,6-11,83,241,Creighton,USA,2017,1,16,13,5.4,3.8,1.1,-14.1,0.047,0.142,0.128,0.488,0.084,2020-21
286,1629620,Justin Robinson,1610612760,OKC,23.0,6-1,73,195,Virginia Tech,USA,2019,,,9,2.3,0.8,1.0,-22.0,0.011,0.067,0.111,0.453,0.15,2020-21
287,1626159,Justise Winslow,1610612763,MEM,25.0,6-6,78,222,Duke,USA,2015,1,10,26,6.8,4.5,1.9,-6.1,0.032,0.187,0.212,0.395,0.14,2020-21
288,203994,Jusuf Nurkic,1610612757,POR,26.0,6-11,83,290,None,Bosnia and Herzegovina,2014,1,16,37,11.5,9.0,3.4,6.9,0.094,0.283,0.217,0.554,0.206,2020-21
289,1629752,Juwan Morgan,1610612762,UTA,24.0,6-7,79,232,Indiana,USA,Undrafted,Undrafted,Undrafted,29,1.2,1.0,0.3,-34.1,0.051,0.133,0.102,0.529,0.101,2020-21
290,1629644,KZ Okpala,1610612748,MIA,22.0,6-8,80,215,Stanford,USA,2019,2,32,37,2.5,1.8,0.5,-6.8,0.047,0.104,0.115,0.448,0.06,2020-21
291,1630211,Karim Mane,1610612753,ORL,21.0,6-3,75,190,None,Senegal,Undrafted,Undrafted,Undrafted,10,1.1,1.4,0.4,-12.0,0.01,0.151,0.085,0.362,0.061,2020-21
292,1626157,Karl-Anthony Towns,1610612750,MIN,25.0,6-11,83,248,Kentucky,USA,2015,1,1,50,24.8,10.6,4.5,-0.1,0.075,0.237,0.286,0.612,0.216,2020-21
293,202695,Kawhi Leonard,1610612746,LAC,29.0,6-7,79,225,San Diego State,USA,2011,1,15,52,24.8,6.5,5.2,12.2,0.034,0.161,0.282,0.622,0.238,2020-21
294,1628966,Keita Bates-Diop,1610612759,SAS,25.0,6-8,80,229,Ohio State,USA,2018,2,48,30,2.6,1.6,0.4,-7.7,0.037,0.154,0.144,0.518,0.075,2020-21
295,1629103,Kelan Martin,1610612754,IND,25.0,6-5,77,230,Butler,USA,Undrafted,Undrafted,Undrafted,35,4.5,2.2,0.5,15.6,0.052,0.159,0.199,0.551,0.071,2020-21
296,1629640,Keldon Johnson,1610612759,SAS,21.0,6-5,77,220,Kentucky,USA,2019,1,29,69,12.8,6.0,1.8,-3.8,0.045,0.163,0.189,0.557,0.087,2020-21
297,1629833,Keljin Blevins,1610612757,POR,25.0,6-4,76,200,Montana State,USA,2019,,,17,0.7,0.6,0.2,-22.2,0.031,0.071,0.126,0.3,0.083,2020-21
298,203482,Kelly Olynyk,1610612745,HOU,30.0,6-11,83,240,Gonzaga,Canada,2013,1,13,70,13.5,7.0,2.9,-2.5,0.043,0.196,0.19,0.61,0.151,2020-21
299,1626162,Kelly Oubre Jr.,1610612744,GSW,25.0,6-7,79,203,Kansas,USA,2015,1,15,55,15.4,6.0,1.3,-4.6,0.046,0.135,0.215,0.529,0.067,2020-21
300,202689,Kemba Walker,1610612738,BOS,31.0,6-0,72,184,Connecticut,USA,2011,1,9,43,19.3,4.0,4.9,3.1,0.012,0.113,0.256,0.559,0.233,2020-21
301,1629134,Kendrick Nunn,1610612748,MIA,25.0,6-2,74,190,Oakland,USA,Undrafted,Undrafted,Undrafted,56,14.6,3.2,2.6,-0.4,0.013,0.096,0.205,0.596,0.14,2020-21
302,1629026,Kenrich Williams,1610612760,OKC,26.0,6-6,78,210,TCU,USA,Undrafted,Undrafted,Undrafted,66,8.0,4.1,2.3,-6.3,0.056,0.129,0.148,0.599,0.153,2020-21
303,203145,Kent Bazemore,1610612744,GSW,31.0,6-4,76,195,Old Dominion,USA,Undrafted,Undrafted,Undrafted,67,7.2,3.4,1.6,5.9,0.019,0.14,0.159,0.564,0.108,2020-21
304,203484,Kentavious Caldwell-Pope,1610612747,LAL,28.0,6-5,77,204,Georgia,USA,2013,1,8,67,9.7,2.7,1.9,3.3,0.015,0.081,0.139,0.588,0.091,2020-21
305,1630231,Kenyon Martin Jr.,1610612745,HOU,20.0,6-6,78,215,None,USA,2020,2,52,45,9.3,5.4,1.1,-11.5,0.063,0.159,0.154,0.59,0.068,2020-21
306,201142,Kevin Durant,1610612751,BKN,32.0,6-10,82,240,Texas-Austin,USA,2007,1,2,35,26.9,7.1,5.6,10.7,0.012,0.18,0.303,0.666,0.252,2020-21
307,1628989,Kevin Huerter,1610612737,ATL,22.0,6-7,79,190,Maryland,USA,2018,1,19,69,11.9,3.3,3.5,1.7,0.017,0.09,0.167,0.541,0.161,2020-21
308,1628995,Kevin Knox II,1610612752,NYK,21.0,6-7,79,215,Kentucky,USA,2018,1,9,42,3.9,1.5,0.5,-3.5,0.02,0.101,0.152,0.537,0.064,2020-21
309,201567,Kevin Love,1610612739,CLE,32.0,6-8,80,251,UCLA,USA,2008,1,5,25,12.2,7.4,2.5,-6.5,0.026,0.272,0.211,0.556,0.153,2020-21
310,1629645,Kevin Porter Jr.,1610612745,HOU,21.0,6-4,76,203,Southern California,USA,2019,1,30,26,16.6,3.8,6.3,-12.6,0.022,0.098,0.247,0.528,0.293,2020-21
311,1626172,Kevon Looney,1610612744,GSW,25.0,6-9,81,222,UCLA,USA,2015,1,30,61,4.1,5.3,2.0,6.0,0.098,0.165,0.092,0.575,0.132,2020-21
312,203920,Khem Birch,1610612761,TOR,28.0,6-9,81,233,UNLV,Canada,Undrafted,Undrafted,Undrafted,67,7.2,5.8,1.3,-3.6,0.101,0.138,0.133,0.552,0.085,2020-21
313,203114,Khris Middleton,1610612749,MIL,29.0,6-7,79,222,Texas A&M,USA,2012,2,39,68,20.4,6.0,5.4,6.2,0.023,0.143,0.245,0.588,0.227,2020-21
314,1629017,Khyri Thomas,1610612745,HOU,25.0,6-3,75,210,Creighton,USA,2018,2,38,5,16.4,3.6,5.0,7.3,0.047,0.072,0.208,0.586,0.21,2020-21
315,1630165,Killian Hayes,1610612765,DET,19.0,6-5,77,195,None,France,2020,1,7,26,6.8,2.7,5.3,-10.1,0.009,0.092,0.185,0.422,0.299,2020-21
316,1629681,Killian Tillie,1610612763,MEM,23.0,6-9,81,220,Gonzaga,France,Undrafted,Undrafted,Undrafted,18,3.2,1.3,0.4,9.6,0.031,0.082,0.148,0.461,0.063,2020-21
317,1630184,Kira Lewis Jr.,1610612740,NOP,20.0,6-1,73,170,Alabama,USA,2020,1,13,54,6.4,1.3,2.3,0.8,0.012,0.064,0.176,0.477,0.191,2020-21
318,1628961,Kostas Antetokounmpo,1610612747,LAL,23.0,6-10,82,200,Dayton,Greece,2018,2,60,15,0.8,1.3,0.1,22.1,0.059,0.211,0.172,0.382,0.023,2020-21
319,1627739,Kris Dunn,1610612737,ATL,27.0,6-3,75,205,Providence,USA,2016,1,5,4,1.3,1.5,0.5,-31.4,0.0,0.125,0.157,0.182,0.08,2020-21
320,204001,Kristaps Porzingis,1610612742,DAL,25.0,7-3,87,240,None,Latvia,2015,1,4,43,20.1,8.9,1.6,0.7,0.062,0.219,0.259,0.582,0.081,2020-21
321,203937,Kyle Anderson,1610612763,MEM,27.0,6-9,81,230,UCLA,USA,2014,1,30,69,12.4,5.7,3.6,1.6,0.026,0.173,0.181,0.578,0.182,2020-21
322,1629657,Kyle Guy,1610612758,SAC,23.0,6-1,73,167,Virginia,USA,2019,2,55,31,2.8,1.1,1.0,-4.2,0.019,0.128,0.185,0.449,0.184,2020-21
323,1628398,Kyle Kuzma,1610612747,LAL,25.0,6-10,82,221,Utah,USA,2017,1,27,68,12.9,6.1,1.9,-0.6,0.054,0.157,0.198,0.546,0.1,2020-21
324,200768,Kyle Lowry,1610612761,TOR,35.0,6-0,72,196,Villanova,USA,2006,1,24,46,17.2,5.4,7.3,-0.3,0.021,0.133,0.209,0.593,0.311,2020-21
325,202681,Kyrie Irving,1610612751,BKN,29.0,6-2,74,195,Duke,Australia,2011,1,1,54,26.9,4.8,6.0,5.6,0.029,0.101,0.297,0.614,0.269,2020-21
326,200746,LaMarcus Aldridge,1610612751,BKN,35.0,6-11,83,250,Texas-Austin,USA,2006,1,2,26,13.5,4.5,1.9,-2.8,0.027,0.148,0.224,0.556,0.109,2020-21
327,1630163,LaMelo Ball,1610612766,CHA,19.0,6-6,78,180,None,USA,2020,1,3,51,15.7,5.9,6.1,-3.1,0.041,0.161,0.247,0.539,0.322,2020-21
328,1630205,Lamar Stevens,1610612739,CLE,23.0,6-6,78,230,Penn State,USA,Undrafted,Undrafted,Undrafted,40,4.1,2.4,0.6,-10.4,0.044,0.145,0.152,0.521,0.079,2020-21
329,1629013,Landry Shamet,1610612751,BKN,24.0,6-4,76,190,Wichita State,USA,2018,1,26,61,9.3,1.8,1.6,1.1,0.008,0.067,0.164,0.578,0.097,2020-21
330,204038,Langston Galloway,1610612756,PHX,29.0,6-1,73,200,St. Joseph's (PA),USA,Undrafted,Undrafted,Undrafted,40,4.8,1.1,0.7,3.2,0.017,0.08,0.163,0.605,0.08,2020-21
331,1626204,Larry Nance Jr.,1610612739,CLE,28.0,6-7,79,245,Wyoming,USA,2015,1,27,35,9.3,6.7,3.1,-5.6,0.049,0.169,0.139,0.557,0.145,2020-21
332,1628374,Lauri Markkanen,1610612741,CHI,24.0,7-0,84,240,Arizona,Finland,2017,1,7,51,13.6,5.3,0.9,-2.8,0.027,0.173,0.197,0.619,0.051,2020-21
333,2544,LeBron James,1610612747,LAL,36.0,6-9,81,250,None,USA,2003,1,1,45,25.0,7.7,7.8,9.2,0.02,0.202,0.31,0.602,0.394,2020-21
334,1629022,Lonnie Walker IV,1610612759,SAS,22.0,6-4,76,204,Miami,USA,2018,1,18,60,11.2,2.6,1.7,-6.3,0.009,0.093,0.199,0.523,0.095,2020-21
335,1628366,Lonzo Ball,1610612740,NOP,23.0,6-6,78,190,UCLA,USA,2017,1,2,55,14.6,4.8,5.7,0.5,0.018,0.129,0.202,0.551,0.246,2020-21
336,101150,Lou Williams,1610612737,ATL,34.0,6-1,73,175,None,USA,2005,2,45,66,11.3,2.1,3.4,1.8,0.015,0.08,0.244,0.519,0.233,2020-21
337,1629663,Louis King,1610612758,SAC,22.0,6-7,79,205,Oregon,USA,Undrafted,Undrafted,Undrafted,6,7.3,3.0,1.5,-3.3,0.051,0.135,0.191,0.6,0.18,2020-21
338,1629652,Luguentz Dort,1610612760,OKC,22.0,6-3,75,215,Arizona State,Canada,Undrafted,Undrafted,Undrafted,52,14.0,3.6,1.7,-7.2,0.023,0.092,0.218,0.513,0.09,2020-21
339,1629029,Luka Doncic,1610612742,DAL,22.0,6-7,79,230,None,Slovenia,2018,1,3,66,27.7,8.0,8.6,3.9,0.024,0.202,0.35,0.587,0.425,2020-21
340,1629677,Luka Samanic,1610612759,SAS,21.0,6-10,82,227,None,Croatia,2019,1,19,33,3.7,2.1,0.5,-2.0,0.049,0.158,0.187,0.518,0.073,2020-21
341,1628379,Luke Kennard,1610612746,LAC,24.0,6-5,77,206,Duke,USA,2017,1,12,63,8.3,2.6,1.7,-0.4,0.013,0.118,0.166,0.608,0.12,2020-21
342,1628436,Luke Kornet,1610612738,BOS,25.0,7-2,86,250,Vanderbilt,USA,Undrafted,Undrafted,Undrafted,31,3.4,2.2,0.8,5.8,0.041,0.144,0.135,0.511,0.095,2020-21
343,1630201,Malachi Flynn,1610612761,TOR,23.0,6-1,73,175,San Diego State,USA,2020,1,29,47,7.5,2.5,2.9,-5.6,0.01,0.114,0.183,0.484,0.225,2020-21
344,1627763,Malcolm Brogdon,1610612754,IND,28.0,6-5,77,229,Virginia,USA,2016,2,36,56,21.2,5.3,5.9,-0.5,0.029,0.118,0.257,0.561,0.271,2020-21
345,1627736,Malik Beasley,1610612750,MIN,24.0,6-4,76,187,Florida State,USA,2016,1,19,37,19.6,4.4,2.4,-7.2,0.021,0.112,0.235,0.57,0.114,2020-21
346,1630238,Malik Fitts,1610612746,LAC,23.0,6-8,80,230,None,USA,Undrafted,Undrafted,Undrafted,3,1.0,1.0,0.0,-27.3,0.0,0.3,0.12,0.5,0.0,2020-21
347,1628370,Malik Monk,1610612766,CHA,23.0,6-3,75,200,Kentucky,USA,2017,1,11,42,11.7,2.4,2.1,0.8,0.015,0.096,0.227,0.569,0.155,2020-21
348,1629603,Mamadi Diakite,1610612749,MIL,24.0,6-9,81,228,Virginia,Guinea,Undrafted,Undrafted,Undrafted,14,3.1,2.4,0.6,3.8,0.052,0.16,0.142,0.477,0.079,2020-21
349,201188,Marc Gasol,1610612747,LAL,36.0,6-11,83,255,None,Spain,2007,2,48,52,5.0,4.1,2.1,4.3,0.039,0.174,0.117,0.606,0.145,2020-21
350,202694,Marcus Morris Sr.,1610612746,LAC,31.0,6-8,80,218,Kansas,USA,2011,1,14,57,13.4,4.1,1.0,4.2,0.025,0.133,0.194,0.614,0.056,2020-21
351,203935,Marcus Smart,1610612738,BOS,27.0,6-3,75,220,Oklahoma State,USA,2014,1,6,48,13.1,3.5,5.7,2.8,0.022,0.084,0.179,0.539,0.227,2020-21
352,1628365,Markelle Fultz,1610612753,ORL,23.0,6-3,75,209,Washington,USA,2017,1,1,8,12.9,3.1,5.4,-6.5,0.021,0.095,0.25,0.458,0.293,2020-21
353,202693,Markieff Morris,1610612747,LAL,31.0,6-9,81,245,Kansas,USA,2011,1,13,61,6.7,4.4,1.2,0.8,0.04,0.176,0.16,0.509,0.088,2020-21
354,1630210,Markus Howard,1610612743,DEN,22.0,5-10,70,175,Marquette,USA,Undrafted,Undrafted,Undrafted,37,2.8,0.6,0.5,-17.0,0.004,0.095,0.25,0.477,0.145,2020-21
355,1629716,Marques Bolden,1610612739,CLE,23.0,6-10,82,249,Duke,USA,2019,,,6,1.2,1.0,0.0,12.3,0.083,0.088,0.136,0.537,0.0,2020-21
356,1627737,Marquese Chriss,1610612744,GSW,23.0,6-9,81,240,Washington,USA,2016,1,8,2,6.5,6.5,1.0,-40.3,0.075,0.385,0.25,0.412,0.2,2020-21
357,1628963,Marvin Bagley III,1610612758,SAC,22.0,6-11,83,235,Duke,USA,2018,1,2,43,14.1,7.4,1.0,-3.7,0.092,0.188,0.229,0.554,0.057,2020-21
358,1630222,Mason Jones,1610612755,PHI,22.0,6-4,76,200,Arkansas,USA,Undrafted,Undrafted,Undrafted,32,5.3,1.7,1.3,-9.9,0.018,0.145,0.217,0.556,0.211,2020-21
359,203486,Mason Plumlee,1610612765,DET,31.0,6-11,83,254,Duke,USA,2013,1,22,56,10.4,9.3,3.6,-4.9,0.095,0.264,0.163,0.638,0.205,2020-21
360,1629680,Matisse Thybulle,1610612755,PHI,24.0,6-5,77,201,Washington,USA,2019,1,20,65,3.9,1.9,1.0,4.6,0.023,0.07,0.09,0.508,0.064,2020-21
361,1629744,Matt Thomas,1610612762,UTA,26.0,6-4,76,190,Iowa State,USA,Undrafted,Undrafted,Undrafted,45,3.1,1.0,0.4,-9.3,0.02,0.112,0.187,0.522,0.096,2020-21
362,203521,Matthew Dellavedova,1610612739,CLE,30.0,6-3,75,200,St.Mary's College of California,Australia,Undrafted,Undrafted,Undrafted,13,2.8,1.8,4.5,-3.1,0.029,0.085,0.125,0.312,0.337,2020-21
363,203090,Maurice Harkless,1610612758,SAC,28.0,6-7,79,220,St. John's,USA,2012,1,15,37,5.2,2.4,1.2,-2.9,0.017,0.097,0.114,0.527,0.071,2020-21
364,1629622,Max Strus,1610612748,MIA,25.0,6-5,77,215,DePaul,USA,Undrafted,Undrafted,Undrafted,39,6.1,1.1,0.6,-4.2,0.011,0.073,0.179,0.597,0.074,2020-21
365,1628467,Maxi Kleber,1610612742,DAL,29.0,6-10,82,240,None,Germany,Undrafted,Undrafted,Undrafted,50,7.1,5.2,1.4,4.6,0.035,0.151,0.103,0.606,0.066,2020-21
366,203086,Meyers Leonard,1610612748,MIA,29.0,7-0,84,260,Illinois,USA,2012,1,11,3,3.3,2.3,0.7,-1.4,0.0,0.241,0.152,0.635,0.105,2020-21
367,1629662,Mfiondu Kabengele,1610612739,CLE,23.0,6-9,81,250,Florida State,Canada,2019,1,27,39,2.4,1.5,0.4,-14.2,0.039,0.151,0.168,0.486,0.099,2020-21
368,203487,Michael Carter-Williams,1610612753,ORL,29.0,6-5,77,190,Syracuse,USA,2013,1,11,31,8.8,4.5,4.2,-2.5,0.044,0.123,0.198,0.449,0.238,2020-21
369,1629008,Michael Porter Jr.,1610612743,DEN,22.0,6-10,82,218,Missouri,USA,2018,1,14,61,19.0,7.3,1.1,8.3,0.051,0.189,0.214,0.663,0.052,2020-21
370,1628969,Mikal Bridges,1610612756,PHX,24.0,6-6,78,209,Villanova,USA,2018,1,10,72,13.5,4.3,2.1,7.4,0.035,0.099,0.147,0.667,0.085,2020-21
371,201144,Mike Conley,1610612762,UTA,33.0,6-1,73,175,Ohio State,USA,2007,1,4,51,16.2,3.5,6.0,16.7,0.024,0.082,0.224,0.589,0.303,2020-21
372,1628455,Mike James,1610612751,BKN,30.0,6-1,73,175,Lamar,USA,Undrafted,Undrafted,Undrafted,13,7.7,2.5,4.2,4.1,0.013,0.112,0.231,0.481,0.303,2020-21
373,203488,Mike Muscala,1610612760,OKC,29.0,6-10,82,240,Bucknell,USA,2013,2,44,35,9.7,3.8,0.8,0.6,0.028,0.157,0.194,0.599,0.069,2020-21
374,203118,Mike Scott,1610612755,PHI,32.0,6-7,79,237,Virginia,USA,2012,2,43,51,4.2,2.4,0.8,-0.2,0.012,0.129,0.116,0.492,0.064,2020-21
375,1628970,Miles Bridges,1610612766,CHA,23.0,6-6,78,225,Michigan State,USA,2018,1,12,66,12.7,6.0,2.2,0.3,0.041,0.158,0.17,0.625,0.113,2020-21
376,1629011,Mitchell Robinson,1610612752,NYK,23.0,7-0,84,240,Western Kentucky,USA,2018,2,36,31,8.3,8.1,0.5,-0.4,0.124,0.155,0.114,0.642,0.03,2020-21
377,1629671,Miye Oni,1610612762,UTA,23.0,6-5,77,206,Yale,USA,2019,2,58,54,1.9,1.6,0.5,8.8,0.043,0.106,0.095,0.517,0.071,2020-21
378,1628964,Mo Bamba,1610612753,ORL,23.0,7-0,84,231,Texas-Austin,USA,2018,1,6,46,8.0,5.8,0.8,-12.9,0.091,0.24,0.21,0.556,0.082,2020-21
379,1628420,Monte Morris,1610612743,DEN,25.0,6-2,74,183,Iowa State,USA,2017,2,51,47,10.2,2.0,3.2,6.2,0.009,0.071,0.161,0.574,0.172,2020-21
380,1626149,Montrezl Harrell,1610612747,LAL,27.0,6-7,79,240,Louisville,USA,2015,2,32,69,13.5,6.2,1.1,1.4,0.1,0.167,0.211,0.65,0.078,2020-21
381,1629021,Moritz Wagner,1610612753,ORL,24.0,6-11,83,245,Michigan,Germany,2018,1,25,45,6.9,3.2,1.1,-7.9,0.035,0.149,0.178,0.58,0.107,2020-21
382,1629650,Moses Brown,1610612760,OKC,21.0,7-2,86,245,UCLA,USA,Undrafted,Undrafted,Undrafted,43,8.6,8.9,0.2,-18.3,0.143,0.238,0.157,0.572,0.017,2020-21
383,1628539,Mychal Mulder,1610612744,GSW,26.0,6-3,75,184,Kentucky,Canada,Undrafted,Undrafted,Undrafted,60,5.6,1.0,0.4,2.9,0.01,0.062,0.157,0.613,0.047,2020-21
384,1626167,Myles Turner,1610612754,IND,25.0,6-11,83,250,Texas-Austin,USA,2015,1,11,47,12.6,6.5,1.0,1.3,0.043,0.159,0.167,0.599,0.047,2020-21
385,1630230,Naji Marshall,1610612740,NOP,23.0,6-7,79,220,Xavier,USA,Undrafted,Undrafted,Undrafted,32,7.7,4.6,2.8,-1.5,0.02,0.182,0.16,0.508,0.165,2020-21
386,1629642,Nassir Little,1610612757,POR,21.0,6-5,77,220,North Carolina,USA,2019,1,25,48,4.6,2.7,0.5,-2.2,0.046,0.144,0.135,0.589,0.049,2020-21
387,1630268,Nate Darling,1610612766,CHA,22.0,6-6,78,200,Delaware,Canada,Undrafted,Undrafted,Undrafted,7,1.3,0.1,0.1,-54.3,0.032,0.0,0.133,0.541,0.111,2020-21
388,1630207,Nate Hinton,1610612742,DAL,22.0,6-5,77,210,Houston,USA,Undrafted,Undrafted,Undrafted,21,2.0,0.4,0.4,-28.2,0.009,0.091,0.217,0.442,0.151,2020-21
389,1630233,Nathan Knight,1610612737,ATL,23.0,6-10,82,253,William & Mary,USA,Undrafted,Undrafted,Undrafted,33,3.8,2.2,0.2,-4.3,0.093,0.155,0.207,0.499,0.045,2020-21
390,1629675,Naz Reid,1610612750,MIN,21.0,6-9,81,264,Louisiana State,USA,Undrafted,Undrafted,Undrafted,70,11.2,4.6,1.0,-9.7,0.054,0.173,0.218,0.599,0.088,2020-21
391,202357,Nemanja Bjelica,1610612748,MIA,33.0,6-10,82,234,None,Serbia,2010,2,35,37,6.5,3.4,1.9,-6.7,0.049,0.172,0.179,0.554,0.16,2020-21
392,203457,Nerlens Noel,1610612752,NYK,27.0,6-11,83,220,Kentucky,USA,2013,1,6,64,5.1,6.4,0.7,0.7,0.094,0.164,0.092,0.638,0.041,2020-21
393,1630208,Nick Richards,1610612766,CHA,23.0,7-0,84,245,Kentucky,Jamaica,2020,2,42,18,0.8,0.6,0.1,-10.5,0.056,0.096,0.111,0.542,0.054,2020-21
394,1629638,Nickeil Alexander-Walker,1610612740,NOP,22.0,6-6,78,205,Virginia Tech,Canada,2019,1,17,46,11.0,3.1,2.2,-3.3,0.012,0.127,0.228,0.522,0.155,2020-21
395,1630185,Nico Mannion,1610612744,GSW,20.0,6-2,74,190,Arizona,Italy,2020,2,48,30,4.1,1.5,2.3,-9.4,0.016,0.107,0.186,0.487,0.27,2020-21
396,201587,Nicolas Batum,1610612746,LAC,32.0,6-8,80,230,None,France,2008,1,25,67,8.1,4.7,2.2,8.9,0.029,0.143,0.116,0.617,0.105,2020-21
397,1629651,Nicolas Claxton,1610612751,BKN,22.0,6-11,83,215,Georgia,USA,2019,2,31,32,6.6,5.2,0.9,12.3,0.074,0.187,0.136,0.612,0.068,2020-21
398,1629740,Nicolo Melli,1610612742,DAL,30.0,6-9,81,236,None,Italy,Undrafted,Undrafted,Undrafted,45,3.0,2.7,1.0,1.1,0.046,0.166,0.123,0.441,0.108,2020-21
399,203999,Nikola Jokic,1610612743,DEN,26.0,6-11,83,284,None,Serbia,2014,2,41,72,26.4,10.8,8.3,7.7,0.087,0.237,0.293,0.647,0.377,2020-21
400,202696,Nikola Vucevic,1610612741,CHI,30.0,6-11,83,260,Southern California,Montenegro,2011,1,16,70,23.4,11.7,3.8,-7.0,0.059,0.289,0.292,0.56,0.207,2020-21
401,203943,Noah Vonleh,1610612751,BKN,25.0,6-10,82,257,Indiana,USA,2014,1,9,4,0.0,0.3,0.3,-63.2,0.0,0.143,0.217,0.0,0.143,2020-21
402,1626181,Norman Powell,1610612757,POR,28.0,6-3,75,215,UCLA,USA,2015,2,46,69,18.6,3.1,1.9,1.8,0.018,0.079,0.221,0.618,0.089,2020-21
403,203658,Norvel Pelle,1610612752,NYK,28.0,6-10,82,231,Iona,USA,Undrafted,Undrafted,Undrafted,13,1.5,1.5,0.2,12.2,0.077,0.153,0.106,0.567,0.032,2020-21
404,1628384,OG Anunoby,1610612761,TOR,23.0,6-7,79,232,Indiana,United Kingdom,2017,1,23,43,15.9,5.5,2.2,3.3,0.037,0.125,0.193,0.605,0.098,2020-21
405,1630167,Obi Toppin,1610612752,NYK,23.0,6-9,81,220,Dayton,USA,2020,1,8,62,4.1,2.2,0.5,2.7,0.037,0.155,0.157,0.574,0.065,2020-21
406,1630168,Onyeka Okongwu,1610612737,ATL,20.0,6-8,80,235,Southern California,USA,2020,1,6,50,4.6,3.3,0.4,-6.3,0.1,0.172,0.141,0.655,0.047,2020-21
407,1629052,Oshae Brissett,1610612754,IND,22.0,6-7,79,210,Syracuse,Canada,Undrafted,Undrafted,Undrafted,21,10.9,5.5,0.9,6.0,0.054,0.149,0.149,0.638,0.042,2020-21
408,203490,Otto Porter Jr.,1610612753,ORL,28.0,6-8,80,198,Georgetown,USA,2013,1,3,28,9.7,5.4,2.0,-3.0,0.044,0.198,0.184,0.552,0.133,2020-21
409,200782,P.J. Tucker,1610612749,MIL,36.0,6-5,77,245,Texas-Austin,USA,2006,2,35,52,3.7,3.9,1.2,-5.5,0.035,0.113,0.072,0.51,0.057,2020-21
410,1629023,P.J. Washington,1610612766,CHA,22.0,6-7,79,230,Kentucky,USA,2019,1,12,64,12.9,6.5,2.5,0.6,0.045,0.163,0.191,0.549,0.12,2020-21
411,1628408,PJ Dozier,1610612743,DEN,24.0,6-6,78,205,South Carolina,USA,Undrafted,Undrafted,Undrafted,50,7.7,3.6,1.8,9.5,0.031,0.133,0.166,0.501,0.116,2020-21
412,1627783,Pascal Siakam,1610612761,TOR,27.0,6-9,81,230,New Mexico State,Cameroon,2016,1,27,56,21.4,7.2,4.5,3.0,0.045,0.156,0.261,0.547,0.195,2020-21
413,1626192,Pat Connaughton,1610612749,MIL,28.0,6-5,77,209,Notre Dame,USA,2015,2,41,69,6.8,4.8,1.2,6.9,0.039,0.152,0.113,0.578,0.064,2020-21
414,201976,Patrick Beverley,1610612746,LAC,32.0,6-1,73,180,Arkansas,USA,2009,2,42,37,7.5,3.2,2.1,9.0,0.037,0.108,0.146,0.58,0.123,2020-21
415,1627775,Patrick McCaw,1610612761,TOR,25.0,6-7,79,181,UNLV,USA,2016,2,38,5,1.0,0.6,0.8,-33.0,0.027,0.071,0.026,1.078,0.19,2020-21
416,202335,Patrick Patterson,1610612746,LAC,32.0,6-8,80,235,Kentucky,USA,2010,1,14,38,5.2,2.0,0.8,2.1,0.032,0.093,0.135,0.571,0.069,2020-21
417,1630172,Patrick Williams,1610612741,CHI,19.0,6-7,79,215,Florida State,USA,2020,1,4,71,9.2,4.6,1.4,-7.1,0.033,0.131,0.146,0.562,0.068,2020-21
418,201988,Patty Mills,1610612759,SAS,32.0,6-1,73,180,St.Mary's College of California,Australia,2009,2,55,68,10.8,1.7,2.4,1.4,0.01,0.053,0.177,0.57,0.142,2020-21
419,202331,Paul George,1610612746,LAC,31.0,6-8,80,220,Fresno State,USA,2010,1,10,54,23.3,6.6,5.2,11.3,0.026,0.171,0.296,0.598,0.239,2020-21
420,200794,Paul Millsap,1610612743,DEN,36.0,6-7,79,257,Louisiana Tech,USA,2006,2,47,56,9.0,4.7,1.8,4.7,0.067,0.167,0.184,0.565,0.113,2020-21
421,1630194,Paul Reed,1610612755,PHI,21.0,6-9,81,210,DePaul,USA,2020,2,58,26,3.4,2.3,0.5,11.2,0.147,0.172,0.208,0.54,0.107,2020-21
422,1628778,Paul Watson,1610612761,TOR,26.0,6-6,78,210,Fresno State,USA,Undrafted,Undrafted,Undrafted,27,4.1,1.7,0.6,-1.7,0.012,0.129,0.133,0.649,0.081,2020-21
423,1630202,Payton Pritchard,1610612738,BOS,23.0,6-1,73,195,Oregon,USA,2020,1,26,66,7.7,2.4,1.8,0.6,0.025,0.099,0.162,0.582,0.136,2020-21
424,1630173,Precious Achiuwa,1610612748,MIA,21.0,6-8,80,225,Memphis,Nigeria,2020,1,20,61,5.0,3.4,0.5,-7.2,0.097,0.174,0.184,0.55,0.064,2020-21
425,1626188,Quinn Cook,1610612739,CLE,28.0,6-1,73,180,Duke,USA,Undrafted,Undrafted,Undrafted,23,3.3,0.7,0.8,-3.9,0.012,0.084,0.204,0.531,0.184,2020-21
426,1629683,Quinndary Weatherspoon,1610612759,SAS,24.0,6-3,75,205,Mississippi State,USA,2019,2,49,20,2.3,0.6,0.4,-22.6,0.024,0.07,0.18,0.547,0.107,2020-21
427,1630181,R.J. Hampton,1610612753,ORL,20.0,6-4,76,175,None,USA,2020,1,24,51,6.9,3.5,1.7,-14.2,0.03,0.162,0.191,0.507,0.155,2020-21
428,1629628,RJ Barrett,1610612752,NYK,20.0,6-6,78,214,Duke,Canada,2019,1,3,72,17.6,5.8,3.0,2.7,0.027,0.13,0.228,0.535,0.134,2020-21
429,200765,Rajon Rondo,1610612746,LAC,35.0,6-1,73,180,Kentucky,USA,2006,1,21,45,5.4,2.4,4.4,1.0,0.023,0.113,0.166,0.544,0.375,2020-21
430,203526,Raul Neto,1610612764,WAS,29.0,6-1,73,180,None,Brazil,2013,2,47,64,8.7,2.4,2.3,-1.0,0.019,0.087,0.155,0.575,0.141,2020-21
431,1629034,Ray Spalding,1610612745,HOU,24.0,6-9,81,225,Louisville,USA,2018,2,56,2,2.0,2.0,0.0,-15.9,0.083,0.083,0.157,0.41,0.0,2020-21
432,1629730,Rayjon Tucker,1610612755,PHI,23.0,6-3,75,209,Arkansas-Little Rock,USA,Undrafted,Undrafted,Undrafted,14,2.4,0.8,0.4,-5.2,0.012,0.164,0.176,0.645,0.154,2020-21
433,203493,Reggie Bullock,1610612752,NYK,30.0,6-6,78,205,North Carolina,USA,2013,1,25,65,10.9,3.4,1.5,2.5,0.008,0.102,0.14,0.606,0.072,2020-21
434,202704,Reggie Jackson,1610612746,LAC,31.0,6-2,74,208,Boston College,USA,2011,1,24,67,10.7,2.9,3.1,7.4,0.016,0.107,0.195,0.576,0.185,2020-21
435,1629617,Reggie Perry,1610612751,BKN,21.0,6-8,80,250,Mississippi State,USA,2020,2,57,26,3.0,2.8,0.5,-7.3,0.117,0.204,0.19,0.466,0.097,2020-21
436,1626158,Richaun Holmes,1610612758,SAC,27.0,6-10,82,235,Bowling Green,USA,2015,2,37,61,14.2,8.3,1.7,0.3,0.081,0.196,0.173,0.669,0.082,2020-21
437,201937,Ricky Rubio,1610612750,MIN,30.0,6-3,75,190,None,Spain,2009,1,5,68,8.6,3.3,6.4,-5.0,0.014,0.11,0.155,0.516,0.33,2020-21
438,203496,Robert Covington,1610612757,POR,30.0,6-7,79,209,Tennessee State,USA,Undrafted,Undrafted,Undrafted,70,8.5,6.7,1.7,4.8,0.026,0.183,0.114,0.553,0.066,2020-21
439,1629606,Robert Franks,1610612753,ORL,24.0,6-7,79,225,Washington State,USA,2019,,,7,6.1,2.0,0.7,-14.4,0.053,0.082,0.148,0.638,0.07,2020-21
440,1629057,Robert Williams III,1610612738,BOS,23.0,6-8,80,237,Texas A&M,USA,2018,1,27,52,8.0,6.9,1.8,0.4,0.136,0.232,0.145,0.719,0.137,2020-21
441,1630218,Robert Woodard II,1610612758,SAC,21.0,6-6,78,235,Mississippi State,USA,2020,2,40,13,1.5,1.2,0.2,6.6,0.08,0.235,0.21,0.425,0.056,2020-21
442,201577,Robin Lopez,1610612764,WAS,33.0,7-0,84,281,Stanford,USA,2008,1,15,71,9.0,3.8,0.8,-1.1,0.097,0.092,0.169,0.661,0.06,2020-21
443,1629066,Rodions Kurucs,1610612749,MIL,23.0,6-9,81,228,None,Latvia,2018,2,40,21,1.5,1.1,0.5,-0.3,0.037,0.134,0.145,0.459,0.115,2020-21
444,203918,Rodney Hood,1610612761,TOR,28.0,6-8,80,208,Duke,USA,2014,1,23,55,4.5,1.9,1.0,-6.6,0.023,0.084,0.139,0.452,0.083,2020-21
445,203585,Rodney McGruder,1610612765,DET,29.0,6-4,76,205,Kansas State,USA,Undrafted,Undrafted,Undrafted,16,5.7,1.4,1.0,-4.0,0.042,0.078,0.179,0.619,0.128,2020-21
446,1629641,Romeo Langford,1610612738,BOS,21.0,6-4,76,216,Indiana,USA,2019,1,14,18,3.1,1.9,0.7,-10.1,0.04,0.077,0.111,0.436,0.069,2020-21
447,1626178,Rondae Hollis-Jefferson,1610612757,POR,26.0,6-6,78,217,Arizona,USA,2015,1,23,11,2.5,2.4,1.2,-1.1,0.08,0.14,0.105,0.539,0.169,2020-21
448,1626220,Royce O'Neale,1610612762,UTA,28.0,6-4,76,226,Baylor,USA,Undrafted,Undrafted,Undrafted,71,7.0,6.8,2.5,10.4,0.039,0.162,0.095,0.599,0.103,2020-21
449,200752,Rudy Gay,1610612759,SAS,34.0,6-8,80,250,Connecticut,USA,2006,1,8,63,11.4,4.8,1.4,4.5,0.028,0.176,0.23,0.532,0.1,2020-21
450,203497,Rudy Gobert,1610612762,UTA,28.0,7-1,85,258,None,France,2013,1,27,71,14.3,13.5,1.3,15.9,0.11,0.288,0.166,0.683,0.059,2020-21
451,1629060,Rui Hachimura,1610612764,WAS,23.0,6-8,80,230,Gonzaga,Japan,2019,1,9,57,13.8,5.5,1.4,-2.8,0.026,0.139,0.18,0.549,0.062,2020-21
452,201566,Russell Westbrook,1610612764,WAS,32.0,6-3,75,200,UCLA,USA,2008,1,4,65,22.2,11.5,11.7,-1.2,0.043,0.249,0.295,0.509,0.477,2020-21
453,1627853,Ryan Arcidiacono,1610612741,CHI,27.0,6-3,75,195,Villanova,USA,Undrafted,Undrafted,Undrafted,44,3.1,1.5,1.3,0.0,0.011,0.135,0.128,0.541,0.176,2020-21
454,1630240,Saben Lee,1610612765,DET,21.0,6-2,74,183,Vanderbilt,USA,2020,2,38,48,5.6,2.0,3.6,-6.3,0.026,0.099,0.171,0.536,0.333,2020-21
455,1630180,Saddiq Bey,1610612765,DET,22.0,6-7,79,215,Villanova,USA,2020,1,19,70,12.2,4.5,1.4,-5.6,0.022,0.145,0.182,0.567,0.077,2020-21
456,1630241,Sam Merrill,1610612749,MIL,25.0,6-4,76,205,Utah State,USA,2020,2,60,30,3.0,1.0,0.7,-8.5,0.024,0.094,0.146,0.603,0.135,2020-21
457,1630253,Sean McDermott,1610612763,MEM,24.0,6-6,78,195,Butler,USA,Undrafted,Undrafted,Undrafted,18,2.2,1.1,0.2,-17.7,0.031,0.087,0.101,0.534,0.043,2020-21
458,1629635,Sekou Doumbouya,1610612765,DET,20.0,6-8,80,230,None,France,2019,1,15,56,5.1,2.6,0.8,-6.9,0.045,0.117,0.176,0.459,0.08,2020-21
459,1628400,Semi Ojeleye,1610612738,BOS,26.0,6-6,78,240,Southern Methodist,USA,2017,2,37,56,4.6,2.6,0.7,-0.2,0.032,0.121,0.114,0.553,0.054,2020-21
460,201586,Serge Ibaka,1610612746,LAC,31.0,6-10,82,235,None,Republic of the Congo,2008,1,24,41,11.1,6.7,1.8,7.4,0.08,0.217,0.2,0.585,0.11,2020-21
461,203552,Seth Curry,1610612755,PHI,30.0,6-2,74,185,Duke,USA,Undrafted,Undrafted,Undrafted,57,12.5,2.4,2.7,8.2,0.006,0.074,0.169,0.607,0.131,2020-21
462,1628983,Shai Gilgeous-Alexander,1610612760,OKC,22.0,6-6,78,180,Kentucky,Canada,2018,1,11,35,23.7,4.7,5.9,-7.7,0.015,0.119,0.283,0.623,0.311,2020-21
463,1629003,Shake Milton,1610612755,PHI,24.0,6-5,77,205,Southern Methodist,USA,2018,2,54,63,13.0,2.3,3.1,4.3,0.022,0.076,0.239,0.549,0.21,2020-21
464,1627885,Shaquille Harrison,1610612743,DEN,27.0,6-7,79,190,Tulsa,USA,Undrafted,Undrafted,Undrafted,34,2.1,1.4,0.7,-10.1,0.02,0.117,0.124,0.416,0.109,2020-21
465,1628414,Sindarius Thornwell,1610612753,ORL,26.0,6-4,76,215,South Carolina,USA,2017,2,48,21,2.0,0.9,1.0,-2.0,0.013,0.067,0.11,0.414,0.135,2020-21
466,1630219,Skylar Mays,1610612737,ATL,23.0,6-4,76,205,Louisiana State,USA,2020,2,50,33,3.8,1.1,0.9,1.4,0.037,0.095,0.186,0.569,0.18,2020-21
467,203524,Solomon Hill,1610612737,ATL,30.0,6-6,78,226,Arizona,USA,2013,1,23,71,4.5,3.0,1.1,1.0,0.028,0.111,0.102,0.498,0.065,2020-21
468,203915,Spencer Dinwiddie,1610612751,BKN,28.0,6-5,77,215,Colorado,USA,2014,2,38,3,6.7,4.3,3.0,29.8,0.0,0.151,0.154,0.536,0.173,2020-21
469,1626169,Stanley Johnson,1610612761,TOR,25.0,6-6,78,242,Arizona,USA,2015,1,8,61,4.4,2.5,1.5,-6.4,0.027,0.128,0.13,0.519,0.127,2020-21
470,201939,Stephen Curry,1610612744,GSW,33.0,6-3,75,185,Davidson,USA,2009,1,7,63,32.0,5.5,5.8,4.6,0.013,0.135,0.331,0.655,0.283,2020-21
471,1628425,Sterling Brown,1610612745,HOU,26.0,6-5,77,219,Southern Methodist,USA,2017,2,46,51,8.2,4.4,1.4,-5.4,0.029,0.147,0.133,0.597,0.088,2020-21
472,203500,Steven Adams,1610612740,NOP,27.0,6-11,83,265,Pittsburgh,New Zealand,2013,1,12,58,7.6,8.9,1.9,-0.1,0.132,0.187,0.118,0.596,0.088,2020-21
473,1629004,Svi Mykhailiuk,1610612760,OKC,23.0,6-7,79,205,Kansas,Ukraine,2018,2,47,66,8.5,2.5,1.7,-8.2,0.017,0.104,0.19,0.529,0.127,2020-21
474,1628388,T.J. Leaf,1610612757,POR,24.0,6-10,82,222,UCLA,USA,2017,1,18,7,1.7,0.7,0.1,-24.8,0.0,0.106,0.138,0.551,0.038,2020-21
475,204456,T.J. McConnell,1610612754,IND,29.0,6-1,73,190,Arizona,USA,2015,0,,69,8.6,3.7,6.6,2.5,0.03,0.106,0.149,0.583,0.337,2020-21
476,203933,T.J. Warren,1610612754,IND,27.0,6-8,80,220,North Carolina State,USA,2014,1,14,4,15.5,3.5,1.3,2.6,0.017,0.106,0.213,0.56,0.06,2020-21
477,1629605,Tacko Fall,1610612738,BOS,25.0,7-5,89,311,Central Florida,Senegal,Undrafted,Undrafted,Undrafted,19,2.5,2.7,0.2,6.3,0.123,0.237,0.127,0.66,0.028,2020-21
478,201959,Taj Gibson,1610612752,NYK,35.0,6-9,81,232,Southern California,USA,2009,1,26,45,5.4,5.6,0.8,7.3,0.102,0.151,0.095,0.661,0.054,2020-21
479,1629659,Talen Horton-Tucker,1610612747,LAL,20.0,6-4,76,234,Iowa State,USA,2019,2,46,65,9.0,2.6,2.8,1.0,0.019,0.104,0.21,0.536,0.209,2020-21
480,1627752,Taurean Prince,1610612739,CLE,27.0,6-7,79,218,Baylor,USA,2016,1,12,41,9.5,3.5,1.9,-6.1,0.021,0.132,0.189,0.54,0.121,2020-21
481,1629611,Terance Mann,1610612746,LAC,24.0,6-5,77,215,Florida State,USA,2019,2,48,67,7.0,3.6,1.6,2.7,0.044,0.14,0.144,0.603,0.114,2020-21
482,1629056,Terence Davis,1610612758,SAC,24.0,6-4,76,201,Mississippi,USA,Undrafted,Undrafted,Undrafted,61,8.7,2.5,1.4,-2.8,0.018,0.125,0.213,0.555,0.122,2020-21
483,1628390,Terrance Ferguson,1610612755,PHI,23.0,6-6,78,190,None,USA,2017,1,21,13,0.2,0.1,0.2,-17.8,0.0,0.024,0.094,0.143,0.057,2020-21
484,203082,Terrence Ross,1610612753,ORL,30.0,6-6,78,206,Washington,USA,2012,1,8,46,15.6,3.4,2.3,-8.8,0.01,0.104,0.23,0.53,0.133,2020-21
485,1626179,Terry Rozier,1610612766,CHA,27.0,6-1,73,190,Louisville,USA,2015,1,16,69,20.4,4.4,4.2,-2.0,0.019,0.105,0.238,0.575,0.193,2020-21
486,201152,Thaddeus Young,1610612741,CHI,32.0,6-8,80,235,Georgia Tech,USA,2007,1,12,68,12.1,6.2,4.3,4.1,0.105,0.154,0.216,0.578,0.253,2020-21
487,203648,Thanasis Antetokounmpo,1610612749,MIL,28.0,6-6,78,219,None,Greece,2014,2,51,57,2.9,2.2,0.8,2.5,0.093,0.113,0.147,0.523,0.113,2020-21
488,1630177,Theo Maledon,1610612760,OKC,19.0,6-4,76,175,None,France,2020,2,34,65,10.1,3.2,3.5,-16.5,0.012,0.101,0.188,0.489,0.197,2020-21
489,1629033,Theo Pinson,1610612752,NYK,25.0,6-5,77,212,North Carolina,USA,Undrafted,Undrafted,Undrafted,17,0.1,0.3,0.1,-16.0,0.0,0.114,0.118,0.111,0.063,2020-21
490,1628418,Thomas Bryant,1610612764,WAS,23.0,6-10,82,248,Indiana,USA,2017,2,42,10,14.3,6.1,1.5,-2.1,0.063,0.163,0.163,0.704,0.079,2020-21
491,1627748,Thon Maker,1610612739,CLE,24.0,7-0,84,221,None,South Sudan,2016,1,10,8,3.8,2.3,0.5,-10.9,0.093,0.118,0.145,0.657,0.1,2020-21
492,204025,Tim Frazier,1610612763,MEM,30.0,6-0,72,170,Penn State,USA,Undrafted,Undrafted,Undrafted,5,1.6,1.6,3.2,7.8,0.0,0.107,0.178,0.177,0.333,2020-21
493,203501,Tim Hardaway Jr.,1610612742,DAL,29.0,6-5,77,205,Michigan,USA,2013,1,24,70,16.6,3.3,1.8,2.1,0.01,0.101,0.23,0.589,0.098,2020-21
494,1627789,Timothe Luwawu-Cabarrot,1610612751,BKN,26.0,6-7,79,220,None,France,2016,1,24,58,6.4,2.2,1.2,-0.4,0.026,0.092,0.165,0.493,0.088,2020-21
495,202699,Tobias Harris,1610612755,PHI,28.0,6-8,80,226,Tennessee,USA,2011,1,19,62,19.5,6.8,3.5,7.2,0.032,0.17,0.237,0.597,0.175,2020-21
496,203107,Tomas Satoransky,1610612741,CHI,29.0,6-7,79,210,None,Czech Republic,2012,2,32,58,7.7,2.4,4.7,-0.8,0.024,0.087,0.15,0.614,0.278,2020-21
497,1628396,Tony Bradley,1610612760,OKC,23.0,6-10,82,248,North Carolina,USA,2017,1,28,42,7.1,5.7,0.9,-1.8,0.121,0.224,0.154,0.678,0.077,2020-21
498,203503,Tony Snell,1610612737,ATL,29.0,6-6,78,213,New Mexico,USA,2013,1,20,47,5.3,2.4,1.3,2.2,0.019,0.09,0.084,0.708,0.08,2020-21
499,1628470,Torrey Craig,1610612756,PHX,30.0,6-7,79,221,South Carolina Upstate,USA,Undrafted,Undrafted,Undrafted,50,5.5,3.9,1.0,-3.7,0.07,0.185,0.141,0.579,0.084,2020-21
500,1629027,Trae Young,1610612737,ATL,22.0,6-1,73,180,Oklahoma,USA,2018,1,5,63,25.3,3.9,9.4,5.2,0.018,0.094,0.32,0.589,0.426,2020-21
501,1630200,Tre Jones,1610612759,SAS,21.0,6-1,73,185,Duke,USA,2020,2,41,37,2.5,0.6,1.1,-13.8,0.028,0.049,0.159,0.544,0.228,2020-21
502,1629682,Tremont Waters,1610612738,BOS,23.0,5-10,70,175,Louisiana State,USA,2019,2,51,26,3.8,0.8,2.4,-2.0,0.021,0.062,0.204,0.541,0.38,2020-21
503,1630235,Trent Forrest,1610612762,UTA,22.0,6-4,76,210,Florida State,USA,Undrafted,Undrafted,Undrafted,30,2.9,1.5,1.5,-7.7,0.038,0.111,0.144,0.554,0.205,2020-21
504,2772,Trevor Ariza,1610612748,MIA,35.0,6-8,80,215,UCLA,USA,2004,2,43,30,9.4,4.8,1.8,2.8,0.033,0.15,0.149,0.542,0.089,2020-21
505,203504,Trey Burke,1610612742,DAL,28.0,6-0,72,185,Michigan,USA,2013,1,9,62,6.6,0.9,1.3,1.3,0.011,0.047,0.193,0.544,0.129,2020-21
506,1626168,Trey Lyles,1610612759,SAS,25.0,6-9,81,234,Kentucky,Canada,2015,1,12,23,5.0,3.7,0.6,-14.5,0.022,0.213,0.128,0.574,0.06,2020-21
507,202684,Tristan Thompson,1610612738,BOS,30.0,6-9,81,254,Texas-Austin,Canada,2011,1,4,54,7.6,8.1,1.2,1.0,0.124,0.212,0.144,0.54,0.073,2020-21
508,1628972,Troy Brown Jr.,1610612741,CHI,21.0,6-6,78,215,Oregon,USA,2018,1,15,34,4.7,3.1,0.9,3.1,0.039,0.158,0.141,0.525,0.076,2020-21
509,1629660,Ty Jerome,1610612760,OKC,23.0,6-5,77,195,Virginia,USA,2019,1,24,33,10.7,2.8,3.6,-8.5,0.012,0.1,0.181,0.585,0.229,2020-21
510,1630234,Ty-Shon Alexander,1610612756,PHX,22.0,6-3,75,195,Creighton,USA,Undrafted,Undrafted,Undrafted,15,0.6,0.7,0.4,-6.0,0.038,0.157,0.143,0.349,0.2,2020-21
511,1630189,Tyler Bey,1610612742,DAL,23.0,6-7,79,215,Colorado,USA,2020,2,36,18,1.0,1.1,0.2,-27.0,0.09,0.177,0.143,0.372,0.063,2020-21
512,1629076,Tyler Cook,1610612765,DET,23.0,6-8,80,255,Iowa,USA,Undrafted,Undrafted,Undrafted,32,4.9,3.0,0.5,-4.2,0.065,0.149,0.136,0.659,0.057,2020-21
513,1629639,Tyler Herro,1610612748,MIA,21.0,6-5,77,195,Kentucky,USA,2019,1,13,54,15.1,5.0,3.4,-2.9,0.015,0.144,0.225,0.543,0.184,2020-21
514,204020,Tyler Johnson,1610612751,BKN,29.0,6-3,75,186,Fresno State,USA,Undrafted,Undrafted,Undrafted,39,5.4,2.0,1.2,3.3,0.009,0.096,0.132,0.546,0.091,2020-21
515,1630179,Tyrell Terry,1610612742,DAL,20.0,6-2,74,160,Stanford,USA,2020,2,31,11,1.0,0.5,0.5,0.0,0.0,0.118,0.135,0.318,0.158,2020-21
516,1630169,Tyrese Haliburton,1610612758,SAC,21.0,6-5,77,185,Iowa State,USA,2020,1,12,58,13.0,3.0,5.3,-5.6,0.022,0.076,0.175,0.585,0.247,2020-21
517,1630178,Tyrese Maxey,1610612755,PHI,20.0,6-2,74,200,Kentucky,USA,2020,1,21,61,8.0,1.7,2.0,-1.6,0.011,0.098,0.222,0.531,0.207,2020-21
518,1626145,Tyus Jones,1610612763,MEM,25.0,6-0,72,196,Duke,USA,2015,1,24,70,6.3,2.0,3.7,-2.8,0.016,0.093,0.165,0.511,0.305,2020-21
519,1628962,Udoka Azubuike,1610612762,UTA,21.0,6-10,82,280,Kansas,Nigeria,2020,1,27,15,1.1,0.9,0.0,-54.5,0.063,0.15,0.119,0.597,0.0,2020-21
520,2617,Udonis Haslem,1610612748,MIA,40.0,6-8,80,235,Florida,USA,Undrafted,Undrafted,Undrafted,1,4.0,1.0,0.0,66.7,0.0,0.25,0.286,1.0,0.0,2020-21
521,1630176,Vernon Carey Jr.,1610612766,CHA,20.0,6-9,81,270,Duke,USA,2020,2,32,19,2.4,1.4,0.1,-3.2,0.054,0.174,0.178,0.563,0.028,2020-21
522,203506,Victor Oladipo,1610612748,MIA,29.0,6-4,76,213,Indiana,USA,2013,1,2,33,19.8,4.8,4.6,-2.3,0.01,0.137,0.286,0.512,0.233,2020-21
523,1629738,Vincent Poirier,1610612755,PHI,27.0,7-0,84,235,None,France,Undrafted,Undrafted,Undrafted,10,0.8,1.4,0.2,-19.4,0.13,0.222,0.194,0.273,0.08,2020-21
524,1628427,Vlatko Cancar,1610612743,DEN,24.0,6-8,80,236,None,Slovenia,2017,2,49,41,2.1,1.2,0.3,-17.5,0.035,0.136,0.132,0.547,0.073,2020-21
525,201961,Wayne Ellington,1610612765,DET,33.0,6-4,76,207,North Carolina,USA,2009,1,28,46,9.6,1.8,1.5,-4.3,0.012,0.073,0.162,0.625,0.097,2020-21
526,1628976,Wendell Carter Jr.,1610612753,ORL,22.0,6-10,82,270,Duke,USA,2018,1,7,54,11.2,8.2,1.9,-9.0,0.091,0.219,0.188,0.566,0.116,2020-21
527,1629117,Wenyen Gabriel,1610612740,NOP,24.0,6-9,81,205,Kentucky,South Sudan,Undrafted,Undrafted,Undrafted,21,3.4,2.6,0.5,0.8,0.069,0.135,0.135,0.533,0.063,2020-21
528,1628411,Wes Iwundu,1610612740,NOP,26.0,6-6,78,195,Kansas State,USA,2017,2,33,41,2.4,2.2,0.4,-6.6,0.025,0.13,0.103,0.428,0.045,2020-21
529,202083,Wesley Matthews,1610612747,LAL,34.0,6-4,76,220,Marquette,USA,Undrafted,Undrafted,Undrafted,58,4.8,1.6,0.9,1.9,0.018,0.064,0.111,0.517,0.065,2020-21
530,203115,Will Barton,1610612743,DEN,30.0,6-6,78,181,Memphis,USA,2012,2,40,56,12.7,4.0,3.2,6.0,0.024,0.109,0.187,0.538,0.135,2020-21
531,1630266,Will Magnay,1610612740,NOP,22.0,6-10,82,234,None,Australia,Undrafted,Undrafted,Undrafted,1,0.0,0.0,0.0,-148.2,0.0,0.0,0.2,0.0,0.0,2020-21
532,1626161,Willie Cauley-Stein,1610612742,DAL,27.0,7-0,84,240,Kentucky,USA,2015,1,6,53,5.3,4.5,0.7,9.4,0.073,0.175,0.12,0.647,0.053,2020-21
533,1626195,Willy Hernangomez,1610612740,NOP,27.0,6-11,83,250,None,Spain,2015,2,35,47,7.8,7.1,1.1,0.0,0.134,0.247,0.166,0.591,0.082,2020-21
534,1630214,Xavier Tillman,1610612763,MEM,22.0,6-8,80,245,Michigan State,USA,2020,2,35,59,6.6,4.3,1.3,2.9,0.065,0.163,0.142,0.605,0.096,2020-21
535,1627812,Yogi Ferrell,1610612746,LAC,28.0,6-0,72,178,Indiana,USA,Undrafted,Undrafted,Undrafted,10,5.6,1.9,2.2,-0.4,0.034,0.095,0.193,0.459,0.229,2020-21
536,1629139,Yuta Watanabe,1610612761,TOR,26.0,6-9,81,215,George Washington,Japan,Undrafted,Undrafted,Undrafted,50,4.4,3.2,0.8,-2.7,0.046,0.171,0.121,0.565,0.079,2020-21
537,203897,Zach LaVine,1610612741,CHI,26.0,6-5,77,200,UCLA,USA,2014,1,13,58,27.4,5.0,4.9,-0.8,0.018,0.121,0.302,0.634,0.225,2020-21
538,1630192,Zeke Nnaji,1610612743,DEN,20.0,6-9,81,240,Arizona,USA,2020,1,22,42,3.2,1.5,0.2,-10.5,0.034,0.129,0.126,0.615,0.037,2020-21
539,1629627,Zion Williamson,1610612740,NOP,20.0,6-7,79,284,Duke,USA,2019,1,1,61,27.0,7.2,3.7,2.1,0.081,0.131,0.287,0.649,0.188,2020-21
