,PLAYER_ID,PLAYER_NAME,TEAM_ID,TEAM_ABBREVIATION,GP,W,L,MIN,DRIVES,DRIVE_FGM,DRIVE_FGA,DRIVE_FG_PCT,DRIVE_FTM,DRIVE_FTA,DRIVE_FT_PCT,DRIVE_PTS,DRIVE_PTS_PCT,DRIVE_PASSES,DRIVE_PASSES_PCT,DRIVE_AST,DRIVE_AST_PCT,DRIVE_TOV,DRIVE_TOV_PCT,DRIVE_PF,DRIVE_PF_PCT,Season
0,203932,Aaron Gordon,1610612743,DEN,50,29,21,27.7,4.6,0.8,1.8,0.433,0.5,0.8,0.615,2.0,0.447,1.7,0.364,0.4,0.083,0.4,0.083,0.4,0.088,2020-21
1,1628988,Aaron Holiday,1610612754,IND,66,30,36,17.8,5.8,0.9,2.5,0.359,0.4,0.5,0.813,2.2,0.381,2.4,0.418,0.6,0.102,0.4,0.076,0.2,0.042,2020-21
2,1630174,Aaron Nesmith,1610612738,BOS,46,22,24,14.5,1.6,0.3,0.6,0.429,0.2,0.3,0.667,0.7,0.452,0.7,0.411,0.2,0.096,0.1,0.082,0.1,0.082,2020-21
3,1627846,Abdel Nader,1610612756,PHX,24,16,8,14.8,3.5,0.8,1.6,0.526,0.3,0.5,0.583,2.0,0.578,1.1,0.313,0.3,0.096,0.3,0.096,0.3,0.072,2020-21
4,1629690,Adam Mokoka,1610612741,CHI,14,3,11,4.0,0.4,0.1,0.2,0.333,0.0,0.0,0.0,0.1,0.4,0.1,0.2,0.1,0.2,0.0,0.0,0.0,0.0,2020-21
5,201143,Al Horford,1610612760,OKC,28,11,17,27.9,2.0,0.8,1.3,0.595,0.0,0.0,0.0,1.6,0.836,0.6,0.309,0.1,0.055,0.0,0.0,0.0,0.0,2020-21
6,202329,Al-Farouq Aminu,1610612741,CHI,23,5,18,18.9,1.7,0.3,0.6,0.538,0.1,0.1,1.0,0.7,0.447,0.7,0.421,0.1,0.079,0.3,0.211,0.0,0.026,2020-21
7,202692,Alec Burks,1610612752,NYK,49,27,22,25.6,5.9,1.2,2.7,0.44,0.8,1.0,0.854,3.3,0.566,2.2,0.376,0.6,0.107,0.3,0.052,0.5,0.083,2020-21
8,1630197,Aleksej Pokusevski,1610612760,OKC,45,13,32,24.2,5.3,0.8,2.0,0.398,0.3,0.4,0.833,1.9,0.363,2.4,0.46,0.5,0.101,0.6,0.118,0.2,0.038,2020-21
9,1629346,Alen Smailagic,1610612744,GSW,15,10,5,5.6,1.0,0.3,0.7,0.364,0.1,0.1,0.5,0.6,0.6,0.1,0.133,0.0,0.0,0.0,0.0,0.1,0.067,2020-21
10,1627936,Alex Caruso,1610612747,LAL,58,32,26,21.0,4.0,0.5,1.4,0.38,0.3,0.4,0.769,1.4,0.346,1.9,0.483,0.5,0.124,0.4,0.094,0.2,0.056,2020-21
11,203458,Alex Len,1610612764,WAS,64,30,34,15.3,0.3,0.1,0.2,0.7,0.1,0.1,0.571,0.3,1.0,0.0,0.118,0.0,0.059,0.0,0.0,0.0,0.176,2020-21
12,1628035,Alfonzo McKinnie,1610612747,LAL,39,22,17,6.6,0.5,0.1,0.3,0.5,0.1,0.2,0.625,0.4,0.75,0.1,0.15,0.0,0.0,0.1,0.1,0.1,0.2,2020-21
13,1628993,Alize Johnson,1610612751,BKN,18,10,8,10.5,1.6,0.5,1.0,0.5,0.1,0.1,1.0,1.1,0.69,0.3,0.207,0.0,0.0,0.1,0.069,0.1,0.034,2020-21
14,1628578,Amida Brimah,1610612754,IND,5,2,3,5.9,0.0,0.0,0.0,0.0,0.0,0.0,0.0,0.0,0.0,0.0,0.0,0.0,0.0,0.0,0.0,0.0,0.0,2020-21
15,1629599,Amir Coffey,1610612746,LAC,44,32,12,9.0,1.3,0.3,0.6,0.462,0.2,0.2,0.7,0.7,0.552,0.5,0.362,0.1,0.069,0.1,0.103,0.1,0.086,2020-21
16,2760,Anderson Varejao,1610612739,CLE,5,1,4,7.2,0.0,0.0,0.0,0.0,0.0,0.0,0.0,0.0,0.0,0.0,0.0,0.0,0.0,0.0,0.0,0.0,0.0,2020-21
17,203083,Andre Drummond,1610612747,LAL,46,19,27,27.0,2.8,0.8,1.9,0.398,0.3,0.5,0.583,1.8,0.649,0.3,0.122,0.1,0.031,0.3,0.092,0.3,0.092,2020-21
18,2738,Andre Iguodala,1610612748,MIA,63,37,26,21.3,1.2,0.1,0.2,0.533,0.0,0.0,1.0,0.3,0.24,0.8,0.707,0.2,0.147,0.1,0.053,0.0,0.013,2020-21
19,203460,Andre Roberson,1610612751,BKN,5,4,1,12.6,0.0,0.0,0.0,0.0,0.0,0.0,0.0,0.0,0.0,0.0,0.0,0.0,0.0,0.0,0.0,0.0,0.0,2020-21
20,203952,Andrew Wiggins,1610612744,GSW,71,38,33,33.3,8.0,1.8,3.6,0.512,1.1,1.6,0.721,5.0,0.622,2.9,0.361,0.6,0.07,0.5,0.067,0.8,0.096,2020-21
21,1629014,Anfernee Simons,1610612757,POR,64,37,27,17.3,2.3,0.5,1.1,0.397,0.4,0.5,0.8,1.3,0.561,0.8,0.324,0.1,0.041,0.1,0.047,0.2,0.101,2020-21
22,203076,Anthony Davis,1610612747,LAL,36,23,13,32.3,2.9,0.8,1.6,0.474,0.4,0.6,0.8,2.0,0.67,0.6,0.208,0.2,0.066,0.4,0.123,0.3,0.094,2020-21
23,1630162,Anthony Edwards,1610612750,MIN,72,23,49,32.1,10.5,2.5,5.3,0.463,1.5,2.0,0.771,6.7,0.641,3.0,0.288,0.8,0.074,0.8,0.076,1.0,0.097,2020-21
24,1630264,Anthony Gill,1610612764,WAS,26,11,15,8.4,0.3,0.2,0.2,0.667,0.0,0.0,0.0,0.3,0.889,0.1,0.333,0.0,0.0,0.0,0.0,0.0,0.0,2020-21
25,1630237,Anthony Lamb,1610612745,HOU,24,3,21,17.3,2.5,0.3,0.8,0.421,0.1,0.1,1.0,0.8,0.311,1.3,0.525,0.1,0.049,0.3,0.131,0.0,0.016,2020-21
26,201229,Anthony Tolliver,1610612755,PHI,11,7,4,9.0,0.2,0.0,0.1,0.0,0.0,0.0,0.0,0.0,0.0,0.1,0.5,0.0,0.0,0.0,0.0,0.0,0.0,2020-21
27,1628394,Anzejs Pasecniks,1610612764,WAS,1,1,0,6.3,0.0,0.0,0.0,0.0,0.0,0.0,0.0,0.0,0.0,0.0,0.0,0.0,0.0,0.0,0.0,0.0,0.0,2020-21
28,1629717,Armoni Brooks,1610612745,HOU,20,3,17,26.0,2.0,0.5,0.9,0.556,0.2,0.2,0.75,1.2,0.615,0.7,0.359,0.3,0.128,0.3,0.128,0.1,0.051,2020-21
29,203382,Aron Baynes,1610612761,TOR,53,20,33,18.5,0.2,0.0,0.1,0.333,0.0,0.0,0.0,0.1,0.308,0.1,0.462,0.0,0.154,0.0,0.077,0.0,0.0,2020-21
30,1630204,Ashton Hagans,1610612750,MIN,2,0,2,2.0,0.5,0.0,0.0,0.0,0.0,0.0,0.0,0.0,0.0,0.0,0.0,0.0,0.0,0.5,1.0,0.0,0.0,2020-21
31,203085,Austin Rivers,1610612743,DEN,36,20,16,23.5,5.6,1.1,2.4,0.477,0.3,0.4,0.75,2.7,0.48,2.5,0.445,0.5,0.095,0.3,0.055,0.2,0.04,2020-21
32,202340,Avery Bradley,1610612745,HOU,27,6,21,22.3,1.8,0.2,0.6,0.375,0.1,0.1,1.0,0.5,0.292,0.8,0.458,0.2,0.104,0.3,0.167,0.0,0.021,2020-21
33,1626253,Axel Toupane,1610612749,MIL,8,2,6,7.7,0.5,0.0,0.1,0.0,0.1,0.3,0.5,0.1,0.25,0.3,0.5,0.0,0.0,0.0,0.0,0.1,0.25,2020-21
34,1628389,Bam Adebayo,1610612748,MIA,64,34,30,33.5,3.5,0.9,1.8,0.504,0.6,0.8,0.82,2.6,0.75,0.8,0.228,0.1,0.036,0.4,0.112,0.4,0.112,2020-21
35,203463,Ben McLemore,1610612747,LAL,53,20,33,17.1,0.7,0.1,0.3,0.375,0.0,0.0,0.0,0.2,0.308,0.3,0.41,0.0,0.0,0.1,0.103,0.0,0.026,2020-21
36,1627732,Ben Simmons,1610612755,PHI,58,42,16,32.4,10.2,1.9,3.6,0.524,1.0,1.7,0.59,4.9,0.481,4.7,0.462,1.0,0.095,0.7,0.073,0.9,0.085,2020-21
37,202687,Bismack Biyombo,1610612766,CHA,66,28,38,20.4,0.1,0.0,0.0,0.5,0.0,0.0,0.0,0.0,0.4,0.0,0.6,0.0,0.0,0.0,0.0,0.0,0.0,2020-21
38,201933,Blake Griffin,1610612751,BKN,46,24,22,25.8,1.7,0.4,0.7,0.529,0.2,0.2,0.875,1.0,0.57,0.5,0.304,0.2,0.101,0.2,0.114,0.1,0.051,2020-21
39,1626246,Boban Marjanovic,1610612742,DAL,33,14,19,8.2,0.0,0.0,0.0,0.0,0.0,0.0,0.0,0.0,0.0,0.0,0.0,0.0,0.0,0.0,0.0,0.0,0.0,2020-21
40,1626171,Bobby Portis,1610612749,MIL,66,44,22,20.8,1.1,0.4,0.8,0.51,0.0,0.1,0.5,0.8,0.775,0.2,0.197,0.0,0.042,0.1,0.056,0.0,0.028,2020-21
41,203992,Bogdan Bogdanovic,1610612737,ATL,44,30,14,29.7,7.0,1.3,2.7,0.466,0.4,0.4,0.889,2.9,0.415,3.5,0.497,0.9,0.127,0.4,0.056,0.2,0.029,2020-21
42,202711,Bojan Bogdanovic,1610612762,UTA,72,52,20,30.8,7.5,1.6,3.4,0.463,1.3,1.4,0.931,4.6,0.613,2.6,0.349,0.5,0.065,0.6,0.079,0.7,0.094,2020-21
43,1629626,Bol Bol,1610612743,DEN,32,21,11,5.0,0.5,0.2,0.3,0.455,0.0,0.0,0.0,0.3,0.667,0.0,0.067,0.0,0.0,0.1,0.2,0.0,0.0,2020-21
44,202954,Brad Wanamaker,1610612766,CHA,61,29,32,17.3,4.5,0.9,1.8,0.491,0.4,0.4,0.885,2.3,0.514,2.0,0.438,0.5,0.12,0.3,0.065,0.2,0.047,2020-21
45,203078,Bradley Beal,1610612764,WAS,60,32,28,35.8,15.7,4.5,8.5,0.535,2.5,2.9,0.862,12.2,0.773,4.6,0.289,1.0,0.061,0.9,0.059,1.4,0.091,2020-21
46,1629634,Brandon Clarke,1610612763,MEM,59,32,27,24.0,3.1,0.8,1.8,0.467,0.3,0.4,0.731,2.0,0.663,0.9,0.304,0.2,0.072,0.1,0.033,0.2,0.072,2020-21
47,1629164,Brandon Goodwin,1610612737,ATL,47,25,22,13.2,4.1,0.6,1.6,0.39,0.3,0.3,0.75,1.6,0.374,1.9,0.467,0.5,0.118,0.3,0.072,0.2,0.041,2020-21
48,1627742,Brandon Ingram,1610612740,NOP,61,29,32,34.3,12.9,2.9,5.5,0.516,1.9,2.0,0.944,7.9,0.611,5.0,0.392,1.3,0.099,0.8,0.061,1.0,0.081,2020-21
49,1628968,Brian Bowen II,1610612754,IND,6,1,5,2.5,0.2,0.2,0.2,1.0,0.0,0.0,0.0,0.5,3.0,0.0,0.0,0.0,0.0,0.0,0.0,0.0,0.0,2020-21
50,1630271,Brodric Thomas,1610612739,CLE,32,6,26,12.5,1.8,0.2,0.4,0.417,0.4,0.6,0.722,0.8,0.429,0.8,0.464,0.3,0.143,0.2,0.107,0.3,0.161,2020-21
51,201572,Brook Lopez,1610612749,MIL,70,46,24,27.2,1.1,0.5,0.7,0.64,0.3,0.4,0.808,1.2,1.075,0.1,0.113,0.0,0.013,0.1,0.075,0.2,0.163,2020-21
52,1628971,Bruce Brown,1610612751,BKN,65,45,20,22.3,1.8,0.3,0.7,0.417,0.1,0.2,0.667,0.8,0.408,0.7,0.392,0.1,0.067,0.2,0.133,0.1,0.05,2020-21
53,203998,Bruno Caboclo,1610612745,HOU,6,1,5,6.1,0.7,0.5,0.5,1.0,0.0,0.0,0.0,1.0,1.5,0.2,0.25,0.0,0.0,0.0,0.0,0.0,0.0,2020-21
54,1628981,Bruno Fernando,1610612737,ATL,33,20,13,6.8,0.4,0.0,0.2,0.167,0.1,0.1,1.0,0.1,0.333,0.0,0.083,0.0,0.0,0.1,0.167,0.0,0.083,2020-21
55,1627854,Bryn Forbes,1610612749,MIL,70,45,25,19.3,1.6,0.5,1.0,0.536,0.1,0.1,0.7,1.2,0.739,0.4,0.261,0.1,0.036,0.1,0.063,0.1,0.045,2020-21
56,1627741,Buddy Hield,1610612758,SAC,71,31,40,34.3,4.8,0.7,1.7,0.437,0.1,0.2,0.833,1.6,0.339,2.5,0.526,0.5,0.114,0.4,0.091,0.1,0.018,2020-21
57,1629604,CJ Elleby,1610612757,POR,30,19,11,6.4,0.5,0.2,0.3,0.556,0.1,0.1,1.0,0.4,0.75,0.1,0.25,0.0,0.063,0.0,0.063,0.0,0.063,2020-21
58,203468,CJ McCollum,1610612757,POR,47,28,19,34.0,8.1,2.4,4.8,0.513,1.0,1.2,0.842,6.1,0.751,2.3,0.288,0.6,0.071,0.3,0.042,0.6,0.073,2020-21
59,1628997,Caleb Martin,1610612766,CHA,53,23,30,15.4,2.4,0.5,1.0,0.51,0.3,0.4,0.636,1.3,0.532,0.9,0.373,0.2,0.071,0.2,0.103,0.2,0.087,2020-21
60,1629629,Cam Reddish,1610612737,ATL,26,10,16,28.9,5.0,0.8,2.6,0.324,1.3,1.6,0.805,2.9,0.58,1.3,0.252,0.2,0.046,0.3,0.061,0.8,0.153,2020-21
61,1629661,Cameron Johnson,1610612756,PHX,60,43,17,24.0,2.6,0.6,1.0,0.574,0.2,0.2,1.0,1.5,0.557,1.2,0.468,0.3,0.127,0.2,0.057,0.1,0.044,2020-21
62,1628419,Cameron Oliver,1610612745,HOU,4,1,3,21.8,1.0,0.5,0.8,0.667,0.0,0.0,0.0,1.0,1.0,0.0,0.0,0.0,0.0,0.3,0.25,0.0,0.0,2020-21
63,1626166,Cameron Payne,1610612756,PHX,60,42,18,18.0,6.3,1.5,3.0,0.511,0.5,0.5,0.875,3.6,0.566,2.6,0.413,0.7,0.108,0.4,0.056,0.3,0.042,2020-21
64,1629244,Cameron Reynolds,1610612745,HOU,5,3,2,8.1,0.6,0.2,0.2,1.0,0.0,0.0,0.0,0.4,0.667,0.2,0.333,0.2,0.333,0.0,0.0,0.0,0.0,2020-21
65,1627747,Caris LeVert,1610612754,IND,47,24,23,31.6,14.3,3.7,7.9,0.473,1.4,1.8,0.771,9.2,0.641,4.5,0.312,1.2,0.083,0.8,0.053,0.9,0.062,2020-21
66,2546,Carmelo Anthony,1610612757,POR,69,39,30,24.5,1.0,0.2,0.7,0.356,0.2,0.3,0.889,0.7,0.735,0.1,0.132,0.0,0.029,0.1,0.074,0.1,0.132,2020-21
67,1629035,Carsen Edwards,1610612738,BOS,31,14,17,8.9,1.0,0.3,0.5,0.563,0.1,0.1,0.75,0.7,0.656,0.4,0.375,0.1,0.125,0.0,0.031,0.1,0.063,2020-21
68,1630199,Cassius Stanley,1610612754,IND,24,10,14,3.9,0.8,0.1,0.6,0.214,0.1,0.1,1.0,0.3,0.4,0.1,0.15,0.0,0.0,0.0,0.05,0.0,0.05,2020-21
69,1630216,Cassius Winston,1610612764,WAS,22,10,12,4.5,0.9,0.2,0.4,0.5,0.1,0.2,0.75,0.5,0.579,0.3,0.368,0.0,0.053,0.0,0.053,0.1,0.105,2020-21
70,1626224,Cedi Osman,1610612739,CLE,59,17,42,25.6,5.2,0.8,2.3,0.368,0.3,0.3,0.9,2.0,0.388,2.2,0.43,0.6,0.121,0.4,0.081,0.2,0.036,2020-21
71,1628990,Chandler Hutchison,1610612764,WAS,25,11,14,13.8,2.4,0.4,1.3,0.344,0.4,0.5,0.75,1.2,0.525,0.6,0.271,0.2,0.068,0.2,0.085,0.2,0.102,2020-21
72,1629718,Charlie Brown Jr.,1610612760,OKC,9,1,8,16.9,1.2,0.2,0.8,0.286,0.0,0.0,0.0,0.4,0.364,0.2,0.182,0.0,0.0,0.2,0.182,0.0,0.0,2020-21
73,1626184,Chasson Randle,1610612753,ORL,41,10,31,20.4,4.3,0.7,1.6,0.469,0.3,0.4,0.722,1.8,0.416,2.1,0.489,0.4,0.084,0.3,0.073,0.2,0.051,2020-21
74,1629002,Chimezie Metu,1610612758,SAC,36,14,22,13.6,1.2,0.2,0.6,0.35,0.2,0.3,0.583,0.6,0.488,0.4,0.326,0.1,0.047,0.1,0.047,0.2,0.14,2020-21
75,1628449,Chris Boucher,1610612761,TOR,60,25,35,24.2,1.0,0.3,0.5,0.563,0.3,0.3,0.938,0.9,0.881,0.2,0.203,0.0,0.034,0.1,0.085,0.1,0.136,2020-21
76,1629185,Chris Chiozza,1610612751,BKN,22,12,10,10.6,4.8,0.3,1.0,0.273,0.3,0.4,0.75,0.9,0.181,3.2,0.667,0.8,0.171,0.3,0.057,0.2,0.038,2020-21
77,101108,Chris Paul,1610612756,PHX,70,49,21,31.4,11.9,2.6,4.8,0.549,0.4,0.4,0.933,5.7,0.483,6.1,0.51,1.7,0.14,0.5,0.042,0.2,0.018,2020-21
78,1629735,Chris Silva,1610612758,SAC,15,8,7,6.2,0.3,0.1,0.2,0.667,0.1,0.1,1.0,0.4,1.2,0.1,0.2,0.0,0.0,0.0,0.0,0.1,0.2,2020-21
79,1626174,Christian Wood,1610612745,HOU,41,12,29,32.3,4.4,1.2,2.6,0.444,0.6,1.1,0.591,3.0,0.687,0.8,0.176,0.2,0.038,0.4,0.082,0.5,0.121,2020-21
80,1629643,Chuma Okeke,1610612753,ORL,45,15,30,25.2,2.5,0.4,1.0,0.426,0.1,0.2,0.6,1.0,0.412,1.2,0.474,0.2,0.079,0.2,0.061,0.1,0.044,2020-21
81,203991,Clint Capela,1610612737,ATL,63,34,29,30.1,0.5,0.1,0.3,0.368,0.0,0.1,0.333,0.3,0.516,0.1,0.129,0.0,0.032,0.0,0.0,0.0,0.097,2020-21
82,1629632,Coby White,1610612741,CHI,69,30,39,31.2,9.4,1.8,3.9,0.465,0.8,0.9,0.933,4.6,0.488,4.1,0.435,1.1,0.116,0.8,0.087,0.4,0.046,2020-21
83,1628998,Cody Martin,1610612766,CHA,52,26,26,16.3,2.2,0.3,0.7,0.421,0.2,0.4,0.5,0.8,0.368,0.9,0.43,0.2,0.105,0.3,0.123,0.2,0.088,2020-21
84,203469,Cody Zeller,1610612766,CHA,48,21,27,20.9,1.8,0.7,1.2,0.576,0.3,0.3,0.75,1.7,0.943,0.4,0.205,0.1,0.034,0.1,0.034,0.2,0.091,2020-21
85,1630175,Cole Anthony,1610612753,ORL,47,13,34,27.1,10.6,2.3,5.2,0.433,0.8,1.0,0.848,5.4,0.515,3.9,0.37,0.7,0.07,0.7,0.064,0.5,0.05,2020-21
86,1629012,Collin Sexton,1610612739,CLE,60,18,42,35.3,16.8,3.7,7.8,0.473,2.1,2.5,0.815,9.7,0.58,5.9,0.349,1.2,0.073,1.2,0.069,1.3,0.075,2020-21
87,202709,Cory Joseph,1610612765,DET,63,25,38,23.0,7.5,1.4,2.9,0.495,0.6,0.8,0.813,3.6,0.475,3.4,0.451,1.0,0.138,0.5,0.068,0.4,0.051,2020-21
88,1626245,Cristiano Felicio,1610612741,CHI,18,6,12,4.6,0.1,0.0,0.0,0.0,0.1,0.1,0.5,0.1,0.5,0.1,0.5,0.0,0.0,0.0,0.0,0.1,0.5,2020-21
89,1626156,D'Angelo Russell,1610612750,MIN,42,16,26,28.5,6.8,1.6,3.4,0.472,1.0,1.2,0.808,4.3,0.629,2.2,0.318,0.6,0.084,0.4,0.056,0.6,0.091,2020-21
90,201571,D.J. Augustin,1610612745,HOU,57,28,29,19.8,5.3,0.6,1.5,0.379,0.5,0.6,0.882,1.7,0.319,3.0,0.569,0.7,0.132,0.3,0.053,0.3,0.056,2020-21
91,1628391,D.J. Wilson,1610612745,HOU,35,13,22,12.4,1.0,0.2,0.5,0.5,0.2,0.2,0.75,0.7,0.676,0.3,0.353,0.2,0.176,0.0,0.029,0.1,0.118,2020-21
92,1629610,DaQuan Jeffries,1610612759,SAS,31,6,25,15.9,1.1,0.3,0.7,0.476,0.1,0.1,1.0,0.7,0.629,0.3,0.229,0.0,0.0,0.1,0.057,0.0,0.029,2020-21
93,1629751,Dakota Mathias,1610612755,PHI,8,4,4,15.4,1.0,0.4,0.5,0.75,0.0,0.0,0.0,0.8,0.75,0.5,0.5,0.3,0.25,0.0,0.0,0.0,0.0,2020-21
94,1627745,Damian Jones,1610612758,SAC,39,24,15,14.0,0.2,0.1,0.1,1.0,0.0,0.0,0.0,0.2,1.333,0.0,0.167,0.0,0.0,0.0,0.0,0.0,0.0,2020-21
95,203081,Damian Lillard,1610612757,POR,67,39,28,35.8,13.6,3.0,5.7,0.518,2.4,2.7,0.901,8.7,0.642,5.0,0.366,1.5,0.112,0.8,0.06,1.4,0.1,2020-21
96,1627814,Damion Lee,1610612744,GSW,57,28,29,18.9,1.9,0.4,0.6,0.595,0.2,0.2,1.0,1.0,0.557,0.9,0.5,0.2,0.123,0.2,0.085,0.1,0.057,2020-21
97,1628422,Damyean Dotson,1610612739,CLE,46,14,32,19.7,3.6,0.7,1.2,0.536,0.3,0.4,0.667,1.6,0.443,1.8,0.503,0.3,0.09,0.3,0.078,0.2,0.054,2020-21
98,1629655,Daniel Gafford,1610612764,WAS,54,31,23,14.7,0.1,0.1,0.1,0.75,0.0,0.0,0.0,0.1,0.75,0.0,0.125,0.0,0.0,0.1,0.375,0.0,0.0,2020-21
99,1630187,Daniel Oturu,1610612746,LAC,30,21,9,5.4,0.2,0.1,0.2,0.8,0.0,0.0,0.0,0.3,1.333,0.0,0.167,0.0,0.0,0.0,0.0,0.0,0.0,2020-21
100,1628464,Daniel Theis,1610612741,CHI,65,28,37,24.6,0.5,0.1,0.2,0.438,0.1,0.1,0.5,0.3,0.543,0.1,0.229,0.0,0.057,0.1,0.143,0.1,0.114,2020-21
101,201568,Danilo Gallinari,1610612737,ATL,51,29,22,24.0,2.0,0.4,0.8,0.513,0.8,0.8,0.976,1.6,0.816,0.7,0.33,0.2,0.078,0.1,0.049,0.4,0.204,2020-21
102,201980,Danny Green,1610612755,PHI,69,46,23,28.0,1.7,0.3,0.8,0.37,0.1,0.1,0.875,0.7,0.412,0.6,0.377,0.2,0.114,0.1,0.079,0.1,0.035,2020-21
103,203957,Dante Exum,1610612745,HOU,6,3,3,19.4,3.3,0.3,1.2,0.286,0.2,0.3,0.5,0.8,0.25,1.7,0.5,0.8,0.25,0.2,0.05,0.2,0.05,2020-21
104,1627863,Danuel House Jr.,1610612745,HOU,36,8,28,25.9,4.8,0.5,1.4,0.388,0.5,0.8,0.6,1.7,0.349,2.6,0.547,0.6,0.128,0.3,0.064,0.4,0.087,2020-21
105,203967,Dario Saric,1610612756,PHX,50,37,13,17.4,1.3,0.3,0.6,0.438,0.2,0.2,0.909,0.8,0.567,0.3,0.254,0.0,0.03,0.2,0.179,0.1,0.075,2020-21
106,1629647,Darius Bazley,1610612760,OKC,55,16,39,31.2,8.6,1.7,4.1,0.422,1.1,1.6,0.721,4.7,0.545,2.6,0.304,0.5,0.059,0.9,0.099,0.8,0.091,2020-21
107,1629636,Darius Garland,1610612739,CLE,54,18,36,33.1,15.9,3.2,7.0,0.463,1.0,1.1,0.897,7.5,0.473,6.6,0.418,1.8,0.115,1.1,0.068,0.5,0.034,2020-21
108,203121,Darius Miller,1610612760,OKC,18,5,13,10.9,0.7,0.0,0.1,0.0,0.1,0.1,1.0,0.1,0.167,0.5,0.75,0.2,0.25,0.1,0.083,0.1,0.083,2020-21
109,1628021,David Nwaba,1610612745,HOU,30,8,22,22.6,2.8,0.8,1.6,0.5,0.5,0.6,0.778,2.2,0.798,0.6,0.226,0.0,0.012,0.2,0.06,0.3,0.107,2020-21
110,202722,Davis Bertans,1610612764,WAS,57,29,28,25.7,0.6,0.0,0.1,0.286,0.1,0.1,1.0,0.1,0.222,0.4,0.639,0.0,0.056,0.0,0.056,0.0,0.056,2020-21
111,1628368,De'Aaron Fox,1610612758,SAC,58,24,34,35.1,18.4,4.9,8.7,0.562,3.0,4.2,0.724,13.3,0.721,5.7,0.308,1.5,0.08,1.2,0.066,2.1,0.114,2020-21
112,1629631,De'Andre Hunter,1610612737,ATL,23,12,11,29.5,6.2,1.6,3.1,0.507,1.2,1.3,0.9,4.3,0.692,2.1,0.336,0.8,0.126,0.3,0.049,0.7,0.105,2020-21
113,1629001,De'Anthony Melton,1610612763,MEM,52,27,25,20.1,5.2,0.8,1.7,0.456,0.3,0.3,0.833,1.9,0.363,2.6,0.507,0.6,0.119,0.4,0.074,0.2,0.033,2020-21
114,201599,DeAndre Jordan,1610612751,BKN,57,37,20,21.9,0.1,0.0,0.0,0.5,0.0,0.0,0.5,0.1,0.75,0.0,0.0,0.0,0.0,0.0,0.25,0.0,0.25,2020-21
115,1627761,DeAndre' Bembry,1610612761,TOR,51,23,28,19.1,4.0,0.8,1.5,0.506,0.3,0.4,0.75,1.9,0.468,1.9,0.468,0.6,0.153,0.3,0.079,0.2,0.049,2020-21
116,201942,DeMar DeRozan,1610612759,SAS,61,27,34,33.7,18.2,3.6,6.8,0.527,3.1,3.5,0.878,10.6,0.581,8.2,0.45,2.1,0.116,1.1,0.059,1.8,0.097,2020-21
117,202326,DeMarcus Cousins,1610612746,LAC,41,22,19,17.4,1.9,0.3,0.8,0.412,0.3,0.3,0.786,1.0,0.519,0.7,0.342,0.1,0.051,0.2,0.101,0.2,0.089,2020-21
118,1629731,Dean Wade,1610612739,CLE,63,19,44,19.2,1.4,0.1,0.4,0.391,0.0,0.0,1.0,0.3,0.233,0.9,0.651,0.2,0.128,0.1,0.07,0.0,0.012,2020-21
119,1629028,Deandre Ayton,1610612756,PHX,69,48,21,30.6,0.2,0.1,0.1,0.667,0.1,0.1,1.0,0.2,1.067,0.0,0.133,0.0,0.067,0.0,0.133,0.0,0.133,2020-21
120,1629686,Deividas Sirvydis,1610612765,DET,20,8,12,6.7,0.5,0.0,0.2,0.0,0.0,0.0,0.0,0.0,0.0,0.3,0.6,0.1,0.2,0.0,0.0,0.0,0.0,2020-21
121,1627749,Dejounte Murray,1610612759,SAS,67,32,35,31.9,11.9,2.5,5.4,0.455,0.4,0.7,0.682,5.5,0.462,5.1,0.435,1.3,0.113,0.6,0.053,0.3,0.029,2020-21
122,1626153,Delon Wright,1610612758,SAC,63,21,42,27.7,11.3,1.7,3.8,0.454,0.9,1.1,0.826,4.4,0.388,6.1,0.535,1.3,0.116,0.6,0.05,0.5,0.048,2020-21
123,1630166,Deni Avdija,1610612764,WAS,54,25,29,23.3,1.6,0.4,0.7,0.487,0.1,0.2,0.778,0.8,0.536,0.6,0.369,0.1,0.071,0.1,0.083,0.1,0.06,2020-21
124,203471,Dennis Schroder,1610612747,LAL,61,38,23,32.1,13.3,2.6,5.3,0.495,1.7,1.9,0.872,7.1,0.533,5.7,0.429,1.3,0.101,0.9,0.068,1.0,0.073,2020-21
125,1628372,Dennis Smith Jr.,1610612765,DET,23,7,16,18.3,5.7,0.9,2.0,0.447,0.1,0.1,1.0,2.0,0.344,3.0,0.519,0.9,0.16,0.3,0.053,0.0,0.008,2020-21
126,1627756,Denzel Valentine,1610612741,CHI,62,26,36,16.7,3.1,0.5,1.5,0.33,0.1,0.1,1.0,1.0,0.33,1.4,0.438,0.4,0.119,0.2,0.057,0.0,0.01,2020-21
127,202324,Derrick Favors,1610612762,UTA,68,49,19,15.3,0.0,0.0,0.0,0.0,0.0,0.0,0.0,0.0,0.0,0.0,0.0,0.0,0.0,0.0,0.0,0.0,0.0,2020-21
128,1627884,Derrick Jones Jr.,1610612757,POR,58,32,26,22.7,0.8,0.2,0.4,0.44,0.0,0.1,0.5,0.4,0.522,0.2,0.239,0.0,0.043,0.1,0.174,0.0,0.043,2020-21
129,201565,Derrick Rose,1610612752,NYK,50,28,22,25.6,11.9,2.9,5.9,0.497,1.2,1.3,0.866,7.1,0.599,4.7,0.398,1.0,0.084,0.4,0.035,0.7,0.056,2020-21
130,1628401,Derrick White,1610612759,SAS,36,18,18,29.5,9.9,2.0,4.2,0.477,1.0,1.3,0.822,5.2,0.53,4.3,0.434,1.2,0.118,0.5,0.051,0.6,0.065,2020-21
131,1630217,Desmond Bane,1610612763,MEM,68,36,32,22.3,3.5,0.7,1.5,0.5,0.0,0.0,0.5,1.5,0.438,1.6,0.477,0.3,0.089,0.3,0.072,0.0,0.004,2020-21
132,1626164,Devin Booker,1610612756,PHX,67,48,19,33.9,13.4,3.1,5.6,0.548,1.8,2.1,0.856,8.2,0.614,5.3,0.393,1.0,0.076,1.0,0.075,1.0,0.077,2020-21
133,1629962,Devin Cannady,1610612753,ORL,8,0,8,9.3,1.0,0.3,0.8,0.333,0.0,0.0,0.0,0.5,0.5,0.3,0.25,0.0,0.0,0.0,0.0,0.0,0.0,2020-21
134,1630170,Devin Vassell,1610612759,SAS,62,30,32,17.0,1.5,0.5,0.8,0.56,0.2,0.3,0.75,1.1,0.723,0.5,0.362,0.2,0.106,0.0,0.0,0.1,0.085,2020-21
135,1629653,Devon Dotson,1610612741,CHI,11,4,7,4.6,1.7,0.5,0.7,0.75,0.0,0.0,0.0,1.1,0.632,0.9,0.526,0.2,0.105,0.0,0.0,0.0,0.0,2020-21
136,1629719,Devontae Cacok,1610612747,LAL,20,8,12,4.9,0.3,0.0,0.1,0.0,0.0,0.0,0.0,0.0,0.0,0.1,0.4,0.0,0.0,0.0,0.0,0.0,0.0,2020-21
137,1628984,Devonte' Graham,1610612766,CHA,55,23,32,30.2,5.6,0.5,1.6,0.299,0.9,1.0,0.857,1.8,0.33,2.9,0.529,0.8,0.144,0.4,0.065,0.5,0.092,2020-21
138,203473,Dewayne Dedmon,1610612748,MIA,16,11,5,13.2,0.1,0.1,0.1,1.0,0.0,0.0,0.0,0.1,1.0,0.1,0.5,0.0,0.0,0.0,0.0,0.0,0.0,2020-21
139,1629712,Didi Louzada,1610612740,NOP,3,0,3,18.8,3.7,0.3,1.3,0.25,0.0,0.0,0.0,0.7,0.182,2.0,0.545,0.3,0.091,0.3,0.091,0.0,0.0,2020-21
140,1628415,Dillon Brooks,1610612763,MEM,67,36,31,29.8,7.8,2.1,5.0,0.416,0.9,1.0,0.826,5.0,0.65,1.7,0.219,0.3,0.04,0.5,0.062,0.5,0.065,2020-21
141,1627734,Domantas Sabonis,1610612754,IND,62,29,33,36.0,4.3,0.9,1.8,0.523,0.6,0.8,0.712,2.5,0.58,1.5,0.352,0.3,0.064,0.4,0.087,0.4,0.098,2020-21
142,1628378,Donovan Mitchell,1610612762,UTA,53,39,14,33.4,15.5,3.7,7.6,0.479,2.0,2.4,0.841,9.6,0.624,5.0,0.321,1.4,0.09,1.0,0.063,1.2,0.078,2020-21
143,1629743,Donta Hall,1610612753,ORL,13,3,10,13.8,0.0,0.0,0.0,0.0,0.0,0.0,0.0,0.0,0.0,0.0,0.0,0.0,0.0,0.0,0.0,0.0,0.0,2020-21
144,1628978,Donte DiVincenzo,1610612749,MIL,66,44,22,27.5,4.2,0.5,1.3,0.386,0.2,0.3,0.75,1.3,0.296,2.4,0.561,0.7,0.161,0.2,0.057,0.2,0.036,2020-21
145,1627827,Dorian Finney-Smith,1610612742,DAL,60,36,24,32.0,2.8,0.5,0.9,0.585,0.2,0.2,0.75,1.2,0.432,1.6,0.556,0.3,0.118,0.2,0.083,0.1,0.036,2020-21
146,203926,Doug McDermott,1610612754,IND,66,32,34,24.5,4.0,1.3,2.5,0.524,0.3,0.3,0.955,3.0,0.753,1.1,0.274,0.2,0.042,0.2,0.042,0.2,0.042,2020-21
147,203110,Draymond Green,1610612744,GSW,63,35,28,31.5,3.7,0.7,1.3,0.56,0.3,0.4,0.917,1.9,0.5,1.8,0.47,0.5,0.136,0.4,0.106,0.2,0.051,2020-21
148,1629234,Drew Eubanks,1610612759,SAS,54,21,33,14.0,0.5,0.1,0.3,0.375,0.0,0.1,0.5,0.3,0.538,0.1,0.231,0.0,0.0,0.0,0.077,0.0,0.077,2020-21
149,1629130,Duncan Robinson,1610612748,MIA,72,40,32,31.4,1.9,0.2,0.5,0.424,0.1,0.1,0.833,0.5,0.252,1.2,0.622,0.4,0.2,0.1,0.074,0.0,0.022,2020-21
150,1628407,Dwayne Bacon,1610612753,ORL,72,21,51,25.7,6.5,1.6,3.9,0.412,1.0,1.2,0.831,4.4,0.683,1.6,0.244,0.2,0.032,0.2,0.034,0.6,0.094,2020-21
151,2730,Dwight Howard,1610612755,PHI,69,46,23,17.3,0.4,0.1,0.2,0.75,0.1,0.1,0.833,0.3,0.923,0.1,0.154,0.0,0.0,0.1,0.231,0.0,0.115,2020-21
152,203939,Dwight Powell,1610612742,DAL,58,36,22,16.6,0.7,0.2,0.4,0.5,0.2,0.3,0.813,0.7,0.884,0.2,0.233,0.1,0.093,0.0,0.0,0.1,0.186,2020-21
153,1629685,Dylan Windler,1610612739,CLE,31,11,20,16.5,2.1,0.4,0.7,0.545,0.3,0.4,0.75,1.1,0.5,1.0,0.485,0.2,0.106,0.2,0.076,0.2,0.091,2020-21
154,202734,E'Twaun Moore,1610612756,PHX,27,20,7,14.4,3.0,1.0,1.8,0.551,0.1,0.1,1.0,2.1,0.691,1.0,0.333,0.4,0.123,0.1,0.037,0.0,0.012,2020-21
155,202334,Ed Davis,1610612750,MIN,23,5,18,13.0,0.1,0.0,0.1,0.333,0.0,0.0,0.0,0.1,0.667,0.0,0.0,0.0,0.0,0.0,0.0,0.0,0.0,2020-21
156,1628410,Edmond Sumner,1610612754,IND,53,23,30,16.2,3.3,0.8,1.6,0.494,0.5,0.5,0.857,2.2,0.657,1.1,0.326,0.2,0.063,0.2,0.057,0.3,0.08,2020-21
157,203901,Elfrid Payton,1610612752,NYK,63,36,27,23.6,9.3,2.4,5.4,0.454,0.4,0.7,0.667,5.5,0.588,2.7,0.287,0.8,0.082,0.6,0.068,0.3,0.036,2020-21
158,1629091,Elijah Bryant,1610612749,MIL,1,0,1,31.6,3.0,0.0,0.0,0.0,2.0,2.0,1.0,2.0,0.667,2.0,0.667,1.0,0.333,0.0,0.0,1.0,0.333,2020-21
159,1630190,Elijah Hughes,1610612762,UTA,18,14,4,3.5,0.7,0.1,0.2,0.25,0.0,0.0,0.0,0.1,0.154,0.4,0.538,0.1,0.154,0.1,0.154,0.0,0.0,2020-21
160,202683,Enes Kanter,1610612757,POR,72,42,30,24.4,0.2,0.1,0.2,0.571,0.0,0.0,0.0,0.2,1.133,0.0,0.067,0.0,0.0,0.0,0.0,0.0,0.0,2020-21
161,202339,Eric Bledsoe,1610612740,NOP,71,31,40,29.7,9.3,1.4,3.1,0.447,0.6,1.0,0.639,3.5,0.373,4.8,0.516,1.2,0.133,0.6,0.066,0.5,0.054,2020-21
162,201569,Eric Gordon,1610612745,HOU,27,10,17,29.2,10.1,2.9,5.0,0.582,1.3,1.6,0.795,7.3,0.722,3.3,0.326,0.6,0.059,0.8,0.077,0.8,0.081,2020-21
163,1629672,Eric Paschall,1610612744,GSW,40,20,20,17.4,4.1,0.8,1.9,0.432,0.5,0.8,0.606,2.2,0.53,1.3,0.317,0.2,0.055,0.4,0.085,0.4,0.098,2020-21
164,101141,Ersan Ilyasova,1610612762,UTA,17,14,3,8.7,0.1,0.0,0.1,0.0,0.0,0.0,0.0,0.0,0.0,0.0,0.0,0.0,0.0,0.1,0.5,0.0,0.0,2020-21
165,203095,Evan Fournier,1610612738,BOS,42,18,24,30.0,7.0,1.5,3.0,0.516,0.8,1.1,0.696,4.0,0.579,2.7,0.384,0.8,0.11,0.5,0.068,0.5,0.079,2020-21
166,1630267,Facundo Campazzo,1610612743,DEN,65,43,22,21.9,3.9,0.4,0.9,0.383,0.3,0.3,0.944,1.0,0.266,2.4,0.607,0.6,0.147,0.3,0.071,0.1,0.036,2020-21
167,1628402,Frank Jackson,1610612765,DET,40,13,27,18.5,3.6,0.9,2.0,0.456,0.3,0.4,0.75,2.2,0.607,1.0,0.269,0.3,0.083,0.4,0.097,0.2,0.055,2020-21
168,1626163,Frank Kaminsky,1610612756,PHX,47,33,14,15.2,2.3,0.5,1.0,0.479,0.2,0.3,0.571,1.2,0.519,1.0,0.426,0.1,0.065,0.1,0.056,0.1,0.065,2020-21
169,1628412,Frank Mason,1610612753,ORL,4,1,3,19.8,7.0,1.3,3.8,0.333,0.8,1.0,0.75,3.3,0.464,2.5,0.357,1.0,0.143,0.3,0.036,0.5,0.071,2020-21
170,1628373,Frank Ntilikina,1610612752,NYK,33,23,10,9.8,0.9,0.1,0.3,0.273,0.1,0.2,0.5,0.3,0.333,0.4,0.433,0.1,0.067,0.0,0.033,0.1,0.1,2020-21
171,1627832,Fred VanVleet,1610612761,TOR,52,22,30,36.5,14.8,1.5,3.8,0.38,1.5,1.8,0.857,4.5,0.306,8.9,0.604,2.0,0.133,0.7,0.048,0.9,0.059,2020-21
172,1630273,Freddie Gillespie,1610612761,TOR,20,7,13,19.6,0.3,0.1,0.2,0.333,0.1,0.1,0.5,0.2,0.5,0.1,0.333,0.0,0.0,0.0,0.0,0.1,0.167,2020-21
173,1627788,Furkan Korkmaz,1610612755,PHI,55,39,16,19.3,3.2,0.5,1.4,0.351,0.4,0.5,0.741,1.4,0.421,1.2,0.371,0.3,0.107,0.3,0.096,0.2,0.073,2020-21
174,1629216,Gabe Vincent,1610612748,MIA,50,27,23,13.1,2.9,0.6,1.2,0.5,0.1,0.1,0.833,1.3,0.435,1.4,0.483,0.4,0.136,0.2,0.068,0.1,0.02,2020-21
175,1630466,Gabriel Deck,1610612760,OKC,10,1,9,21.2,2.7,0.7,1.3,0.538,1.1,1.2,0.917,2.7,1.0,0.6,0.222,0.2,0.074,0.1,0.037,0.6,0.222,2020-21
176,202066,Garrett Temple,1610612741,CHI,56,25,31,27.3,2.3,0.5,0.9,0.491,0.1,0.1,0.875,1.1,0.465,1.1,0.457,0.3,0.14,0.2,0.07,0.1,0.031,2020-21
177,1629726,Garrison Mathews,1610612764,WAS,64,32,32,16.2,0.4,0.0,0.2,0.3,0.0,0.0,1.0,0.1,0.32,0.2,0.48,0.1,0.24,0.0,0.0,0.0,0.04,2020-21
178,1629109,Gary Clark,1610612755,PHI,39,12,27,16.8,0.4,0.0,0.1,0.2,0.1,0.1,0.75,0.2,0.4,0.2,0.533,0.0,0.067,0.0,0.0,0.1,0.133,2020-21
179,203914,Gary Harris,1610612753,ORL,39,15,24,27.7,5.1,0.9,2.2,0.425,0.6,0.8,0.8,2.5,0.497,1.9,0.367,0.4,0.075,0.4,0.075,0.4,0.075,2020-21
180,1627780,Gary Payton II,1610612744,GSW,10,7,3,4.0,0.0,0.0,0.0,0.0,0.0,0.0,0.0,0.0,0.0,0.0,0.0,0.0,0.0,0.0,0.0,0.0,0.0,2020-21
181,1629018,Gary Trent Jr.,1610612761,TOR,58,29,29,31.1,3.5,1.1,2.4,0.442,0.5,0.6,0.75,2.7,0.751,0.7,0.19,0.3,0.083,0.2,0.044,0.3,0.088,2020-21
182,201588,George Hill,1610612755,PHI,30,16,14,22.4,6.1,1.3,2.4,0.548,0.6,0.7,0.818,3.4,0.549,2.5,0.408,0.6,0.098,0.6,0.098,0.4,0.06,2020-21
183,1627777,Georges Niang,1610612762,UTA,72,52,20,16.0,2.0,0.5,1.0,0.479,0.2,0.2,0.938,1.2,0.585,0.7,0.366,0.2,0.077,0.1,0.063,0.1,0.056,2020-21
184,203507,Giannis Antetokounmpo,1610612749,MIL,61,40,21,33.0,11.3,3.0,4.8,0.638,2.2,2.9,0.764,8.5,0.757,3.6,0.318,1.1,0.099,1.0,0.086,1.5,0.129,2020-21
185,203922,Glenn Robinson III,1610612758,SAC,23,9,14,16.1,2.3,0.6,1.1,0.5,0.3,0.3,1.0,1.4,0.615,0.9,0.385,0.2,0.096,0.1,0.038,0.1,0.058,2020-21
186,1629048,Goga Bitadze,1610612754,IND,45,19,26,12.5,0.0,0.0,0.0,0.0,0.0,0.0,0.0,0.0,0.0,0.0,0.0,0.0,0.0,0.0,0.0,0.0,0.0,2020-21
187,201609,Goran Dragic,1610612748,MIA,50,30,20,26.7,9.7,1.5,3.5,0.425,0.4,0.6,0.786,3.5,0.355,5.1,0.52,1.2,0.119,0.7,0.068,0.3,0.029,2020-21
188,202330,Gordon Hayward,1610612766,CHA,44,24,20,34.0,11.3,1.9,4.5,0.434,1.6,1.9,0.845,5.6,0.495,4.6,0.412,1.1,0.095,0.8,0.067,1.0,0.085,2020-21
189,203476,Gorgui Dieng,1610612759,SAS,38,14,24,14.5,0.9,0.2,0.3,0.538,0.2,0.3,0.9,0.6,0.727,0.2,0.273,0.1,0.091,0.1,0.152,0.1,0.152,2020-21
190,1630203,Grant Riller,1610612766,CHA,7,2,5,3.9,0.9,0.4,0.4,1.0,0.0,0.0,0.0,0.9,1.0,0.4,0.5,0.0,0.0,0.0,0.0,0.0,0.0,2020-21
191,1629684,Grant Williams,1610612738,BOS,63,30,33,18.1,1.1,0.2,0.5,0.379,0.1,0.2,0.667,0.5,0.417,0.4,0.347,0.2,0.139,0.1,0.111,0.1,0.083,2020-21
192,1628960,Grayson Allen,1610612763,MEM,50,26,24,25.2,5.0,0.9,1.8,0.489,0.6,0.7,0.882,2.5,0.496,2.1,0.423,0.4,0.085,0.5,0.109,0.3,0.069,2020-21
193,204222,Greg Whittington,1610612743,DEN,4,3,1,3.0,0.3,0.0,0.3,0.0,0.0,0.0,0.0,0.0,0.0,0.0,0.0,0.0,0.0,0.0,0.0,0.0,0.0,2020-21
194,1628977,Hamidou Diallo,1610612765,DET,52,18,34,23.6,6.8,1.6,3.5,0.443,1.0,1.7,0.628,4.3,0.637,1.8,0.263,0.3,0.048,0.5,0.074,0.8,0.119,2020-21
195,203084,Harrison Barnes,1610612758,SAC,58,25,33,36.2,7.7,1.7,3.1,0.544,1.0,1.3,0.811,4.5,0.591,3.2,0.411,1.0,0.126,0.5,0.065,0.6,0.083,2020-21
196,1628385,Harry Giles III,1610612757,POR,38,23,15,9.2,0.3,0.1,0.2,0.429,0.1,0.1,0.5,0.2,0.692,0.1,0.231,0.0,0.077,0.0,0.0,0.1,0.154,2020-21
197,202355,Hassan Whiteside,1610612758,SAC,36,16,20,15.2,0.3,0.1,0.1,0.6,0.1,0.1,1.0,0.2,0.889,0.0,0.0,0.0,0.0,0.1,0.333,0.0,0.111,2020-21
198,1627740,Henry Ellenson,1610612761,TOR,2,0,2,19.2,1.5,0.0,0.0,0.0,1.5,2.0,0.75,1.5,1.0,0.0,0.0,0.0,0.0,0.0,0.0,1.0,0.667,2020-21
199,1629649,Ignas Brazdeikis,1610612753,ORL,13,3,10,19.1,5.4,1.0,2.0,0.5,0.8,1.1,0.786,2.8,0.529,2.1,0.386,0.5,0.086,0.5,0.1,0.5,0.1,2020-21
200,202697,Iman Shumpert,1610612751,BKN,2,1,1,5.5,0.5,0.0,0.0,0.0,0.0,0.0,0.0,0.0,0.0,0.5,1.0,0.0,0.0,0.0,0.0,0.0,0.0,2020-21
201,1630193,Immanuel Quickley,1610612752,NYK,64,37,27,19.4,6.0,1.3,3.1,0.407,0.7,0.7,0.894,3.3,0.552,2.0,0.334,0.5,0.08,0.3,0.052,0.4,0.06,2020-21
202,1629067,Isaac Bonga,1610612764,WAS,40,16,24,10.8,0.8,0.1,0.4,0.267,0.0,0.1,0.0,0.2,0.29,0.3,0.323,0.1,0.097,0.1,0.097,0.0,0.032,2020-21
203,1630171,Isaac Okoro,1610612739,CLE,67,20,47,32.4,4.9,1.2,2.7,0.438,0.3,0.5,0.618,2.8,0.559,1.6,0.32,0.3,0.069,0.3,0.057,0.3,0.051,2020-21
204,1628392,Isaiah Hartenstein,1610612739,CLE,46,20,26,12.2,0.6,0.2,0.3,0.643,0.1,0.1,0.5,0.5,0.852,0.2,0.259,0.0,0.074,0.0,0.074,0.1,0.111,2020-21
205,1630198,Isaiah Joe,1610612755,PHI,41,22,19,9.3,1.0,0.1,0.4,0.267,0.1,0.1,0.667,0.3,0.3,0.4,0.425,0.1,0.075,0.1,0.075,0.1,0.075,2020-21
206,1629676,Isaiah Roby,1610612760,OKC,61,19,42,23.4,3.8,0.8,1.8,0.427,0.4,0.6,0.75,2.0,0.528,1.3,0.33,0.2,0.043,0.3,0.09,0.3,0.073,2020-21
207,1630191,Isaiah Stewart,1610612765,DET,68,20,48,21.4,0.1,0.1,0.1,0.8,0.0,0.0,0.0,0.1,1.125,0.0,0.125,0.0,0.0,0.0,0.125,0.0,0.0,2020-21
208,202738,Isaiah Thomas,1610612740,NOP,3,1,2,16.1,4.0,0.3,2.0,0.167,0.0,0.0,0.0,0.7,0.167,2.0,0.5,0.0,0.0,0.0,0.0,0.0,0.0,2020-21
209,202397,Ish Smith,1610612764,WAS,44,23,21,21.0,8.0,1.2,2.5,0.464,0.1,0.3,0.5,2.5,0.317,4.8,0.601,1.4,0.173,0.4,0.048,0.1,0.017,2020-21
210,1627826,Ivica Zubac,1610612746,LAC,72,47,25,22.3,0.2,0.1,0.1,0.625,0.1,0.1,1.0,0.2,0.933,0.0,0.067,0.0,0.067,0.1,0.267,0.0,0.133,2020-21
211,200755,JJ Redick,1610612742,DAL,44,22,22,16.4,0.9,0.2,0.3,0.533,0.0,0.0,0.0,0.4,0.41,0.5,0.513,0.1,0.103,0.0,0.051,0.0,0.0,2020-21
212,1629630,Ja Morant,1610612763,MEM,63,33,30,32.6,18.4,3.5,7.8,0.451,2.3,3.1,0.749,9.5,0.516,7.2,0.391,2.2,0.12,1.4,0.074,1.5,0.083,2020-21
213,203960,JaKarr Sampson,1610612754,IND,29,14,15,10.9,0.7,0.2,0.4,0.5,0.1,0.1,0.75,0.5,0.714,0.1,0.19,0.0,0.0,0.1,0.143,0.1,0.095,2020-21
214,203210,JaMychal Green,1610612743,DEN,58,38,20,19.3,0.4,0.1,0.2,0.4,0.0,0.0,0.0,0.1,0.364,0.2,0.455,0.0,0.045,0.0,0.091,0.0,0.0,2020-21
215,201580,JaVale McGee,1610612743,DEN,46,21,25,14.7,1.2,0.4,0.9,0.475,0.1,0.1,1.0,0.9,0.754,0.2,0.14,0.0,0.0,0.1,0.105,0.0,0.035,2020-21
216,203953,Jabari Parker,1610612738,BOS,13,4,9,12.7,1.1,0.4,0.5,0.714,0.1,0.2,0.5,0.9,0.857,0.4,0.357,0.2,0.143,0.1,0.071,0.1,0.071,2020-21
217,1630183,Jaden McDaniels,1610612750,MIN,63,18,45,24.0,1.8,0.3,0.8,0.44,0.1,0.2,0.8,0.8,0.46,0.7,0.416,0.1,0.08,0.1,0.053,0.1,0.044,2020-21
218,203109,Jae Crowder,1610612756,PHX,60,42,18,27.5,1.0,0.1,0.4,0.333,0.2,0.3,0.65,0.5,0.45,0.4,0.367,0.1,0.1,0.0,0.033,0.2,0.167,2020-21
219,1630256,Jae'Sean Tate,1610612745,HOU,70,17,53,29.2,4.6,1.1,2.3,0.465,0.3,0.5,0.706,2.5,0.539,1.7,0.359,0.4,0.09,0.4,0.084,0.2,0.053,2020-21
220,1626143,Jahlil Okafor,1610612765,DET,27,5,22,12.9,0.3,0.1,0.2,0.5,0.0,0.1,0.25,0.3,0.778,0.0,0.111,0.0,0.0,0.0,0.0,0.1,0.222,2020-21
221,1630186,Jahmi'us Ramsey,1610612758,SAC,13,5,8,7.3,1.0,0.3,0.8,0.4,0.0,0.0,0.0,0.6,0.615,0.2,0.154,0.0,0.0,0.1,0.077,0.0,0.0,2020-21
222,1627774,Jake Layman,1610612750,MIN,45,12,33,13.9,1.5,0.4,0.8,0.474,0.2,0.2,0.8,1.0,0.697,0.4,0.273,0.1,0.076,0.1,0.061,0.1,0.076,2020-21
223,1627751,Jakob Poeltl,1610612759,SAS,69,32,37,26.7,0.4,0.1,0.2,0.5,0.0,0.1,0.0,0.2,0.483,0.1,0.31,0.0,0.069,0.0,0.069,0.0,0.069,2020-21
224,1628973,Jalen Brunson,1610612742,DAL,68,40,28,25.0,8.9,2.6,4.3,0.592,0.5,0.6,0.705,5.7,0.645,3.6,0.403,1.0,0.108,0.5,0.051,0.3,0.036,2020-21
225,1630223,Jalen Harris,1610612761,TOR,13,3,10,13.2,4.2,0.9,1.5,0.6,0.4,0.5,0.833,2.3,0.545,1.7,0.4,0.3,0.073,0.5,0.127,0.2,0.055,2020-21
226,1629665,Jalen Lecque,1610612754,IND,4,2,2,3.0,1.8,0.3,1.3,0.2,0.5,0.5,1.0,1.3,0.714,0.3,0.143,0.0,0.0,0.0,0.0,0.3,0.143,2020-21
227,1629667,Jalen McDaniels,1610612766,CHA,47,18,29,19.2,4.0,0.8,1.8,0.434,0.4,0.6,0.621,2.0,0.489,1.5,0.363,0.3,0.079,0.4,0.095,0.3,0.079,2020-21
228,1630188,Jalen Smith,1610612756,PHX,27,19,8,5.8,0.1,0.0,0.1,0.333,0.0,0.0,0.0,0.1,0.667,0.0,0.0,0.0,0.0,0.0,0.0,0.0,0.0,2020-21
229,1627750,Jamal Murray,1610612743,DEN,48,31,17,35.5,8.9,2.3,4.5,0.523,0.9,1.1,0.865,5.6,0.635,3.2,0.358,0.7,0.077,0.6,0.068,0.5,0.061,2020-21
230,203516,James Ennis III,1610612753,ORL,41,12,29,24.1,2.6,0.5,1.3,0.4,0.4,0.5,0.85,1.6,0.61,0.7,0.257,0.2,0.067,0.3,0.105,0.2,0.095,2020-21
231,201935,James Harden,1610612751,BKN,44,31,13,36.6,17.4,3.9,7.4,0.523,2.4,2.9,0.827,10.3,0.596,7.0,0.401,2.6,0.148,1.2,0.067,1.4,0.082,2020-21
232,201949,James Johnson,1610612740,NOP,51,21,30,20.5,4.3,1.1,2.2,0.518,0.4,0.5,0.679,2.7,0.627,1.4,0.332,0.4,0.086,0.2,0.055,0.3,0.064,2020-21
233,203263,James Nunnally,1610612740,NOP,9,3,6,5.3,0.2,0.0,0.0,0.0,0.0,0.0,0.0,0.0,0.0,0.1,0.5,0.0,0.0,0.1,0.5,0.0,0.0,2020-21
234,1630164,James Wiseman,1610612744,GSW,39,18,21,21.4,0.8,0.2,0.7,0.333,0.0,0.0,0.0,0.5,0.581,0.0,0.0,0.0,0.0,0.1,0.065,0.0,0.0,2020-21
235,201162,Jared Dudley,1610612747,LAL,12,7,5,6.7,0.1,0.0,0.1,0.0,0.0,0.0,0.0,0.0,0.0,0.0,0.0,0.0,0.0,0.0,0.0,0.0,0.0,2020-21
236,1629607,Jared Harper,1610612752,NYK,8,5,3,2.0,0.8,0.0,0.4,0.0,0.3,0.3,1.0,0.3,0.333,0.3,0.333,0.0,0.0,0.0,0.0,0.1,0.167,2020-21
237,1628991,Jaren Jackson Jr.,1610612763,MEM,11,4,7,23.5,2.9,0.8,1.6,0.5,0.7,1.1,0.667,2.5,0.875,0.4,0.125,0.2,0.063,0.4,0.125,0.5,0.188,2020-21
238,1629020,Jarred Vanderbilt,1610612750,MIN,64,18,46,17.8,0.6,0.1,0.3,0.316,0.0,0.0,0.5,0.2,0.378,0.2,0.405,0.1,0.162,0.0,0.054,0.0,0.027,2020-21
239,1629714,Jarrell Brantley,1610612762,UTA,28,23,5,4.9,1.0,0.2,0.4,0.455,0.0,0.0,0.0,0.4,0.345,0.5,0.448,0.1,0.069,0.2,0.172,0.0,0.0,2020-21
240,1628386,Jarrett Allen,1610612739,CLE,63,20,43,29.6,0.4,0.1,0.4,0.348,0.0,0.0,0.0,0.3,0.571,0.0,0.071,0.0,0.0,0.0,0.071,0.0,0.036,2020-21
241,1629633,Jarrett Culver,1610612750,MIN,34,7,27,14.7,3.6,0.8,1.8,0.443,0.3,0.6,0.5,1.9,0.524,1.2,0.331,0.2,0.056,0.2,0.056,0.3,0.081,2020-21
242,1629750,Javonte Green,1610612741,CHI,41,19,22,11.6,1.2,0.2,0.6,0.391,0.3,0.4,0.75,0.8,0.633,0.3,0.245,0.0,0.02,0.1,0.082,0.2,0.163,2020-21
243,1629637,Jaxson Hayes,1610612740,NOP,60,24,36,16.1,0.4,0.1,0.2,0.5,0.1,0.1,0.75,0.4,0.955,0.0,0.045,0.0,0.0,0.1,0.136,0.1,0.182,2020-21
244,1630206,Jay Scrubb,1610612746,LAC,4,2,2,21.0,1.5,0.3,0.8,0.333,0.0,0.0,0.0,0.5,0.333,0.5,0.333,0.0,0.0,0.3,0.167,0.0,0.0,2020-21
245,1629121,Jaylen Adams,1610612749,MIL,7,5,2,2.6,1.0,0.1,0.9,0.167,0.0,0.0,0.0,0.3,0.286,0.1,0.143,0.0,0.0,0.0,0.0,0.0,0.0,2020-21
246,1627759,Jaylen Brown,1610612738,BOS,58,30,28,34.5,10.5,2.6,5.1,0.505,1.1,1.4,0.815,6.5,0.617,3.6,0.34,1.1,0.102,0.8,0.072,0.7,0.067,2020-21
247,1629658,Jaylen Hoard,1610612760,OKC,19,1,18,16.8,3.1,0.8,1.7,0.469,0.3,0.6,0.417,1.9,0.621,0.7,0.224,0.2,0.052,0.2,0.069,0.3,0.103,2020-21
248,1629669,Jaylen Nowell,1610612750,MIN,42,10,32,18.1,4.7,1.2,2.5,0.486,0.5,0.6,0.885,3.1,0.652,1.4,0.298,0.2,0.051,0.3,0.061,0.3,0.066,2020-21
249,1628369,Jayson Tatum,1610612738,BOS,64,34,30,35.8,12.4,3.0,6.4,0.478,1.7,2.0,0.844,8.0,0.65,3.7,0.297,0.9,0.073,0.9,0.071,1.0,0.081,2020-21
250,201145,Jeff Green,1610612751,BKN,68,44,24,27.0,2.0,0.5,1.1,0.446,0.7,0.9,0.81,1.7,0.873,0.4,0.179,0.1,0.067,0.1,0.037,0.4,0.216,2020-21
251,201952,Jeff Teague,1610612749,MIL,55,27,28,17.3,6.6,1.3,2.8,0.458,1.0,1.2,0.838,3.7,0.563,2.7,0.404,0.6,0.096,0.5,0.069,0.6,0.093,2020-21
252,203924,Jerami Grant,1610612765,DET,54,15,39,33.9,11.3,2.5,5.3,0.474,2.4,2.9,0.832,7.6,0.671,3.3,0.293,0.6,0.056,0.9,0.079,1.4,0.128,2020-21
253,1629725,Jeremiah Martin,1610612739,CLE,9,0,9,8.4,3.0,0.2,1.4,0.154,0.1,0.6,0.2,0.6,0.185,1.2,0.407,0.2,0.074,0.1,0.037,0.2,0.074,2020-21
254,203087,Jeremy Lamb,1610612754,IND,36,16,20,21.3,5.4,1.1,2.4,0.432,1.2,1.3,0.933,3.4,0.631,2.1,0.379,0.4,0.072,0.3,0.051,0.6,0.113,2020-21
255,1629010,Jerome Robinson,1610612764,WAS,17,5,12,17.9,3.7,0.3,1.5,0.2,0.4,0.5,0.875,1.1,0.286,1.5,0.413,0.3,0.079,0.5,0.127,0.2,0.063,2020-21
256,1628975,Jevon Carter,1610612756,PHX,60,42,18,11.9,1.5,0.3,0.5,0.586,0.1,0.1,0.75,0.6,0.416,0.9,0.584,0.2,0.101,0.1,0.056,0.0,0.022,2020-21
257,202710,Jimmy Butler,1610612748,MIA,52,33,19,33.6,15.6,2.8,5.9,0.477,2.4,2.8,0.888,8.3,0.533,7.3,0.467,1.9,0.12,0.7,0.044,1.4,0.088,2020-21
258,203925,Joe Harris,1610612751,BKN,69,45,24,31.0,4.1,0.8,1.8,0.471,0.2,0.3,0.632,1.9,0.456,1.8,0.431,0.4,0.107,0.3,0.071,0.1,0.036,2020-21
259,204060,Joe Ingles,1610612762,UTA,67,47,20,27.9,7.8,1.2,2.1,0.593,0.6,0.7,0.86,3.3,0.417,4.4,0.568,1.3,0.163,0.7,0.088,0.4,0.048,2020-21
260,203954,Joel Embiid,1610612755,PHI,51,39,12,31.1,3.6,1.1,2.1,0.514,0.9,1.0,0.923,3.2,0.887,0.7,0.183,0.1,0.027,0.2,0.054,0.5,0.14,2020-21
261,1628381,John Collins,1610612737,ATL,63,34,29,29.3,2.3,0.7,1.4,0.467,0.3,0.4,0.875,1.7,0.745,0.5,0.2,0.1,0.028,0.2,0.083,0.2,0.083,2020-21
262,1629723,John Konchar,1610612763,MEM,43,23,20,13.4,1.3,0.1,0.4,0.375,0.1,0.2,0.75,0.4,0.321,0.8,0.589,0.1,0.107,0.0,0.036,0.1,0.071,2020-21
263,202322,John Wall,1610612745,HOU,40,12,28,32.2,15.4,3.1,6.4,0.486,2.1,2.8,0.759,8.7,0.562,5.7,0.371,1.0,0.066,1.2,0.075,1.4,0.091,2020-21
264,202685,Jonas Valanciunas,1610612763,MEM,62,32,30,28.3,0.9,0.3,0.6,0.486,0.1,0.2,0.6,0.7,0.741,0.1,0.138,0.0,0.0,0.1,0.069,0.1,0.086,2020-21
265,1629007,Jontay Porter,1610612763,MEM,11,7,4,4.9,0.2,0.0,0.0,0.0,0.0,0.0,0.0,0.0,0.0,0.0,0.0,0.0,0.0,0.2,1.0,0.0,0.0,2020-21
266,1628395,Jordan Bell,1610612744,GSW,6,3,3,13.6,0.8,0.0,0.2,0.0,0.0,0.0,0.0,0.0,0.0,0.7,0.8,0.2,0.2,0.0,0.0,0.0,0.0,2020-21
267,1629648,Jordan Bone,1610612753,ORL,14,2,12,14.0,0.8,0.3,0.3,1.0,0.0,0.0,0.0,0.6,0.727,0.5,0.636,0.1,0.182,0.0,0.0,0.0,0.0,2020-21
268,203903,Jordan Clarkson,1610612762,UTA,68,49,19,26.7,10.4,2.9,5.5,0.528,0.6,0.7,0.935,6.6,0.631,3.4,0.331,1.0,0.095,0.7,0.071,0.3,0.033,2020-21
269,1629162,Jordan McLaughlin,1610612750,MIN,51,15,36,18.4,5.9,0.8,2.0,0.4,0.1,0.2,0.75,1.7,0.291,3.2,0.538,0.7,0.117,0.3,0.057,0.1,0.013,2020-21
270,1629670,Jordan Nwora,1610612749,MIL,30,19,11,9.1,1.0,0.4,0.7,0.5,0.1,0.1,0.75,0.9,0.897,0.1,0.103,0.0,0.034,0.0,0.034,0.1,0.069,2020-21
271,1629673,Jordan Poole,1610612744,GSW,51,28,23,19.4,5.2,1.2,2.4,0.525,0.7,0.7,0.921,3.2,0.62,2.0,0.38,0.4,0.075,0.2,0.041,0.4,0.071,2020-21
272,1630182,Josh Green,1610612742,DAL,39,20,19,11.4,1.2,0.2,0.5,0.45,0.0,0.1,0.5,0.5,0.417,0.6,0.479,0.1,0.083,0.1,0.083,0.0,0.021,2020-21
273,1630221,Josh Hall,1610612760,OKC,21,2,19,16.0,3.4,0.6,1.8,0.316,0.5,1.0,0.55,1.7,0.493,0.8,0.239,0.2,0.056,0.1,0.042,0.5,0.141,2020-21
274,1628404,Josh Hart,1610612740,NOP,47,21,26,28.7,2.8,0.6,1.0,0.622,0.4,0.6,0.655,1.7,0.586,1.4,0.496,0.3,0.12,0.1,0.038,0.3,0.105,2020-21
275,1628367,Josh Jackson,1610612765,DET,62,16,46,25.2,7.0,1.6,3.3,0.481,0.8,1.0,0.774,4.0,0.578,2.3,0.327,0.6,0.085,0.7,0.101,0.5,0.071,2020-21
276,1629006,Josh Okogie,1610612750,MIN,59,21,38,20.3,2.1,0.2,0.8,0.261,0.3,0.4,0.769,0.7,0.349,0.8,0.389,0.2,0.095,0.3,0.119,0.2,0.103,2020-21
277,1626196,Josh Richardson,1610612742,DAL,59,35,24,30.3,6.3,1.4,2.8,0.5,0.6,0.6,0.921,3.5,0.557,2.5,0.403,0.5,0.078,0.4,0.07,0.3,0.051,2020-21
278,201950,Jrue Holiday,1610612749,MIL,59,41,18,32.3,10.0,2.3,4.4,0.529,1.0,1.3,0.789,5.7,0.567,4.1,0.409,1.2,0.117,0.7,0.066,0.6,0.064,2020-21
279,1629308,Juan Toscano-Anderson,1610612744,GSW,53,28,25,20.9,1.6,0.4,0.6,0.606,0.1,0.1,0.667,0.8,0.517,0.8,0.46,0.2,0.092,0.2,0.126,0.1,0.034,2020-21
280,1627823,Juancho Hernangomez,1610612750,MIN,52,19,33,17.3,1.5,0.3,0.7,0.472,0.4,0.6,0.767,1.1,0.744,0.3,0.218,0.1,0.077,0.2,0.128,0.3,0.192,2020-21
281,203944,Julius Randle,1610612752,NYK,71,40,31,37.6,10.5,1.9,4.0,0.479,1.0,1.2,0.818,5.1,0.485,4.9,0.467,1.4,0.135,0.7,0.064,0.6,0.059,2020-21
282,203200,Justin Holiday,1610612754,IND,72,34,38,30.3,2.3,0.3,0.8,0.426,0.2,0.2,0.706,0.8,0.352,1.2,0.539,0.2,0.103,0.1,0.061,0.1,0.055,2020-21
283,1628382,Justin Jackson,1610612749,MIL,34,12,22,17.0,3.8,0.7,1.6,0.429,0.6,0.7,0.913,2.0,0.527,1.5,0.388,0.4,0.101,0.4,0.093,0.3,0.085,2020-21
284,1629713,Justin James,1610612758,SAC,36,15,21,8.6,1.8,0.5,1.0,0.543,0.3,0.4,0.625,1.3,0.727,0.5,0.273,0.1,0.03,0.1,0.061,0.2,0.121,2020-21
285,1628383,Justin Patton,1610612745,HOU,13,1,12,19.0,0.1,0.0,0.0,0.0,0.0,0.0,0.0,0.0,0.0,0.0,0.0,0.0,0.0,0.1,1.0,0.0,0.0,2020-21
286,1629620,Justin Robinson,1610612760,OKC,9,0,9,9.8,1.3,0.2,0.4,0.5,0.0,0.0,0.0,0.6,0.417,0.7,0.5,0.1,0.083,0.1,0.083,0.0,0.0,2020-21
287,1626159,Justise Winslow,1610612763,MEM,26,13,13,19.5,5.1,0.8,2.2,0.345,0.3,0.5,0.75,1.9,0.368,2.0,0.398,0.5,0.098,0.5,0.105,0.2,0.045,2020-21
288,203994,Jusuf Nurkic,1610612757,POR,37,22,15,23.8,0.8,0.3,0.6,0.524,0.1,0.1,0.5,0.7,0.893,0.1,0.071,0.0,0.0,0.1,0.071,0.1,0.071,2020-21
289,1629752,Juwan Morgan,1610612762,UTA,29,24,5,5.1,0.0,0.0,0.0,0.0,0.0,0.0,0.0,0.0,0.0,0.0,1.0,0.0,0.0,0.0,0.0,0.0,0.0,2020-21
290,1629644,KZ Okpala,1610612748,MIA,37,22,15,12.1,1.2,0.2,0.4,0.563,0.1,0.1,0.75,0.6,0.478,0.6,0.457,0.1,0.087,0.1,0.109,0.1,0.043,2020-21
291,1630211,Karim Mane,1610612753,ORL,10,2,8,8.8,1.4,0.1,0.9,0.111,0.4,0.5,0.8,0.6,0.429,0.3,0.214,0.0,0.0,0.0,0.0,0.3,0.214,2020-21
292,1626157,Karl-Anthony Towns,1610612750,MIN,50,19,31,33.8,5.6,1.6,2.9,0.538,1.2,1.4,0.884,4.5,0.804,1.3,0.225,0.3,0.057,0.4,0.075,0.7,0.125,2020-21
293,202695,Kawhi Leonard,1610612746,LAC,52,36,16,34.1,12.5,2.9,5.3,0.558,1.8,2.1,0.88,8.0,0.639,5.3,0.419,1.3,0.104,0.7,0.052,1.0,0.083,2020-21
294,1628966,Keita Bates-Diop,1610612759,SAS,30,13,17,8.2,1.3,0.3,0.9,0.357,0.1,0.2,0.667,0.8,0.6,0.2,0.15,0.0,0.025,0.0,0.025,0.1,0.075,2020-21
295,1629103,Kelan Martin,1610612754,IND,35,16,19,9.2,1.5,0.3,0.8,0.333,0.1,0.1,1.0,0.6,0.385,0.5,0.365,0.1,0.096,0.1,0.077,0.0,0.019,2020-21
296,1629640,Keldon Johnson,1610612759,SAS,69,32,37,28.5,7.3,2.1,4.3,0.483,1.0,1.3,0.789,5.4,0.747,1.5,0.212,0.3,0.048,0.6,0.086,0.7,0.094,2020-21
297,1629833,Keljin Blevins,1610612757,POR,17,11,6,4.4,0.5,0.1,0.4,0.143,0.0,0.0,0.0,0.1,0.222,0.1,0.222,0.1,0.111,0.0,0.0,0.0,0.0,2020-21
298,203482,Kelly Olynyk,1610612745,HOU,70,26,44,28.5,2.8,0.5,0.9,0.585,0.4,0.5,0.861,1.6,0.558,1.2,0.426,0.4,0.152,0.4,0.132,0.3,0.091,2020-21
299,1626162,Kelly Oubre Jr.,1610612744,GSW,55,27,28,30.7,4.7,1.2,2.9,0.415,0.7,1.0,0.696,3.2,0.67,0.9,0.192,0.2,0.038,0.3,0.073,0.5,0.107,2020-21
300,202689,Kemba Walker,1610612738,BOS,43,22,21,31.8,10.2,2.1,4.1,0.503,1.2,1.3,0.897,5.5,0.54,4.5,0.437,1.2,0.121,0.7,0.071,0.7,0.066,2020-21
301,1629134,Kendrick Nunn,1610612748,MIA,56,31,25,29.5,5.9,1.5,2.9,0.531,0.4,0.4,0.92,3.5,0.583,2.3,0.393,0.5,0.087,0.4,0.069,0.2,0.036,2020-21
302,1629026,Kenrich Williams,1610612760,OKC,66,21,45,21.6,4.6,0.8,1.8,0.474,0.2,0.4,0.583,1.9,0.414,2.2,0.48,0.5,0.106,0.3,0.073,0.2,0.04,2020-21
303,203145,Kent Bazemore,1610612744,GSW,67,35,32,19.9,2.7,0.4,0.9,0.45,0.2,0.3,0.65,1.1,0.399,1.1,0.404,0.2,0.067,0.2,0.084,0.1,0.056,2020-21
304,203484,Kentavious Caldwell-Pope,1610612747,LAL,67,39,28,28.4,2.3,0.3,0.8,0.418,0.2,0.2,0.786,0.9,0.39,1.1,0.461,0.3,0.123,0.3,0.117,0.1,0.045,2020-21
305,1630231,Kenyon Martin Jr.,1610612745,HOU,45,10,35,23.7,2.1,0.5,1.1,0.44,0.3,0.4,0.833,1.3,0.634,0.5,0.247,0.2,0.075,0.2,0.097,0.2,0.097,2020-21
306,201142,Kevin Durant,1610612751,BKN,35,23,12,33.1,8.4,2.5,4.4,0.574,1.8,2.1,0.889,7.1,0.85,2.2,0.259,0.6,0.071,0.7,0.082,1.0,0.122,2020-21
307,1628989,Kevin Huerter,1610612737,ATL,69,40,29,30.8,5.2,1.3,2.8,0.482,0.3,0.3,0.818,3.0,0.573,1.9,0.36,0.5,0.091,0.3,0.066,0.2,0.03,2020-21
308,1628995,Kevin Knox II,1610612752,NYK,42,26,16,11.1,1.3,0.2,0.6,0.308,0.1,0.2,0.75,0.5,0.415,0.4,0.34,0.0,0.019,0.1,0.057,0.1,0.075,2020-21
309,201567,Kevin Love,1610612739,CLE,25,7,18,24.9,0.7,0.2,0.2,0.667,0.1,0.2,0.5,0.4,0.611,0.3,0.444,0.0,0.056,0.0,0.056,0.1,0.111,2020-21
310,1629645,Kevin Porter Jr.,1610612745,HOU,26,4,22,32.1,11.8,2.3,4.9,0.472,1.2,1.7,0.727,6.0,0.505,4.6,0.391,1.2,0.098,0.9,0.075,0.8,0.072,2020-21
311,1626172,Kevon Looney,1610612744,GSW,61,34,27,19.0,0.5,0.2,0.3,0.588,0.0,0.0,1.0,0.4,0.71,0.2,0.323,0.0,0.065,0.0,0.065,0.0,0.032,2020-21
312,203920,Khem Birch,1610612761,TOR,67,23,44,22.8,0.7,0.1,0.3,0.412,0.2,0.2,0.813,0.4,0.636,0.2,0.341,0.1,0.114,0.1,0.091,0.1,0.182,2020-21
313,203114,Khris Middleton,1610612749,MIL,68,45,23,33.4,7.9,1.7,3.4,0.511,0.6,0.7,0.848,4.1,0.521,3.3,0.419,1.0,0.129,0.6,0.08,0.3,0.043,2020-21
314,1629017,Khyri Thomas,1610612745,HOU,5,1,4,30.6,5.2,1.8,3.2,0.563,0.0,0.0,0.0,3.6,0.692,1.4,0.269,0.6,0.115,0.6,0.115,0.0,0.0,2020-21
315,1630165,Killian Hayes,1610612765,DET,26,6,20,25.8,11.1,1.5,3.7,0.402,0.2,0.2,0.833,3.2,0.292,5.9,0.531,1.5,0.135,1.1,0.101,0.1,0.01,2020-21
316,1629681,Killian Tillie,1610612763,MEM,18,11,7,10.1,0.8,0.3,0.6,0.545,0.2,0.2,0.75,0.8,1.071,0.1,0.071,0.1,0.071,0.0,0.0,0.1,0.143,2020-21
317,1630184,Kira Lewis Jr.,1610612740,NOP,54,23,31,16.7,4.9,1.0,2.5,0.396,0.3,0.3,0.778,2.2,0.453,2.1,0.419,0.4,0.091,0.2,0.038,0.1,0.03,2020-21
318,1628961,Kostas Antetokounmpo,1610612747,LAL,15,6,9,3.7,0.8,0.0,0.2,0.0,0.1,0.4,0.333,0.1,0.167,0.1,0.083,0.1,0.083,0.3,0.417,0.2,0.25,2020-21
319,1627739,Kris Dunn,1610612737,ATL,4,1,3,11.4,3.5,0.0,2.0,0.0,0.5,0.5,1.0,0.5,0.143,1.0,0.286,0.0,0.0,0.3,0.071,0.3,0.071,2020-21
320,204001,Kristaps Porzingis,1610612742,DAL,43,26,17,30.9,2.3,0.6,1.3,0.473,0.5,0.6,0.833,1.7,0.758,0.5,0.212,0.1,0.03,0.2,0.071,0.3,0.121,2020-21
321,203937,Kyle Anderson,1610612763,MEM,69,36,33,27.4,5.6,1.4,2.6,0.522,0.8,1.1,0.743,3.6,0.641,2.0,0.354,0.5,0.093,0.4,0.065,0.6,0.098,2020-21
322,1629657,Kyle Guy,1610612758,SAC,31,11,20,7.6,2.0,0.4,0.9,0.407,0.1,0.1,1.0,0.9,0.444,0.9,0.429,0.3,0.159,0.1,0.063,0.1,0.032,2020-21
323,1628398,Kyle Kuzma,1610612747,LAL,68,40,28,28.7,4.0,0.8,1.9,0.442,0.2,0.3,0.682,2.0,0.489,1.4,0.357,0.3,0.085,0.4,0.103,0.2,0.04,2020-21
324,200768,Kyle Lowry,1610612761,TOR,46,15,31,34.8,10.7,1.4,3.1,0.468,1.0,1.2,0.849,3.9,0.366,6.1,0.571,1.7,0.156,0.6,0.057,0.6,0.055,2020-21
325,202681,Kyrie Irving,1610612751,BKN,54,36,18,34.9,12.2,4.1,7.3,0.562,1.3,1.4,0.932,9.7,0.797,3.4,0.276,1.2,0.098,0.5,0.038,0.7,0.058,2020-21
326,200746,LaMarcus Aldridge,1610612751,BKN,26,15,11,25.9,0.5,0.0,0.2,0.167,0.2,0.2,1.0,0.2,0.5,0.1,0.167,0.0,0.083,0.1,0.167,0.1,0.167,2020-21
327,1630163,LaMelo Ball,1610612766,CHA,51,23,28,28.8,12.6,2.5,5.2,0.483,1.2,1.6,0.738,6.3,0.496,5.2,0.409,1.4,0.109,0.9,0.073,0.8,0.064,2020-21
328,1630205,Lamar Stevens,1610612739,CLE,40,13,27,12.5,1.8,0.3,0.9,0.353,0.2,0.4,0.643,0.9,0.472,0.6,0.347,0.0,0.014,0.1,0.056,0.2,0.097,2020-21
329,1629013,Landry Shamet,1610612751,BKN,61,39,22,23.0,2.6,0.5,1.0,0.475,0.5,0.6,0.882,1.5,0.577,1.0,0.404,0.4,0.147,0.1,0.058,0.3,0.109,2020-21
330,204038,Langston Galloway,1610612756,PHX,40,29,11,10.9,1.4,0.4,0.7,0.63,0.1,0.1,1.0,1.0,0.709,0.6,0.4,0.1,0.073,0.1,0.055,0.1,0.036,2020-21
331,1626204,Larry Nance Jr.,1610612739,CLE,35,13,22,31.2,1.2,0.3,0.4,0.6,0.1,0.1,0.5,0.6,0.476,0.5,0.429,0.1,0.048,0.2,0.143,0.1,0.048,2020-21
332,1628374,Lauri Markkanen,1610612741,CHI,51,20,31,25.8,2.9,0.7,1.5,0.5,0.4,0.5,0.769,2.0,0.676,0.7,0.257,0.2,0.061,0.3,0.095,0.3,0.095,2020-21
333,2544,LeBron James,1610612747,LAL,45,30,15,33.4,9.5,2.5,4.1,0.608,1.3,1.9,0.702,6.6,0.692,3.4,0.361,1.0,0.105,0.7,0.075,0.9,0.093,2020-21
334,1629022,Lonnie Walker IV,1610612759,SAS,60,28,32,25.4,6.0,1.2,2.4,0.493,0.3,0.4,0.818,2.7,0.447,2.8,0.464,0.9,0.145,0.6,0.095,0.2,0.034,2020-21
335,1628366,Lonzo Ball,1610612740,NOP,55,23,32,31.8,5.0,0.7,1.9,0.379,0.2,0.3,0.722,1.7,0.337,2.4,0.482,0.5,0.098,0.4,0.083,0.2,0.036,2020-21
336,101150,Lou Williams,1610612737,ATL,66,44,22,21.6,8.2,1.7,3.9,0.435,0.6,0.8,0.76,4.0,0.489,3.3,0.397,1.0,0.125,0.5,0.064,0.4,0.046,2020-21
337,1629663,Louis King,1610612758,SAC,6,3,3,14.2,3.0,1.0,2.2,0.462,0.3,0.3,1.0,2.5,0.833,0.5,0.167,0.2,0.056,0.0,0.0,0.2,0.056,2020-21
338,1629652,Luguentz Dort,1610612760,OKC,52,18,34,29.7,10.0,1.7,4.1,0.41,1.1,1.6,0.69,4.6,0.46,4.3,0.427,0.8,0.075,0.6,0.061,0.8,0.08,2020-21
339,1629029,Luka Doncic,1610612742,DAL,66,40,26,34.3,20.3,4.8,8.0,0.592,2.2,3.0,0.755,12.2,0.599,8.8,0.431,2.3,0.112,1.3,0.064,1.5,0.073,2020-21
340,1629677,Luka Samanic,1610612759,SAS,33,14,19,9.3,1.5,0.4,0.8,0.464,0.1,0.2,0.333,0.9,0.569,0.5,0.314,0.2,0.098,0.1,0.059,0.1,0.059,2020-21
341,1628379,Luke Kennard,1610612746,LAC,63,44,19,19.6,2.9,0.6,1.2,0.461,0.1,0.2,0.75,1.3,0.453,1.3,0.442,0.4,0.127,0.2,0.083,0.1,0.033,2020-21
342,1628436,Luke Kornet,1610612738,BOS,31,13,18,11.2,0.2,0.0,0.1,0.0,0.0,0.0,0.0,0.0,0.0,0.1,0.333,0.0,0.0,0.1,0.333,0.0,0.0,2020-21
343,1630201,Malachi Flynn,1610612761,TOR,47,21,26,19.7,5.6,1.0,2.4,0.429,0.3,0.3,0.867,2.4,0.43,2.7,0.475,0.8,0.14,0.3,0.049,0.2,0.03,2020-21
344,1627763,Malcolm Brogdon,1610612754,IND,56,27,29,34.5,14.5,3.1,6.3,0.497,1.0,1.2,0.824,7.5,0.518,6.2,0.43,1.4,0.095,0.8,0.057,0.6,0.042,2020-21
345,1627736,Malik Beasley,1610612750,MIN,37,8,29,32.8,5.6,1.4,3.2,0.424,0.6,0.7,0.885,3.4,0.611,1.6,0.293,0.5,0.082,0.4,0.067,0.4,0.063,2020-21
346,1630238,Malik Fitts,1610612746,LAC,3,3,0,3.6,0.3,0.0,0.0,0.0,0.0,0.0,0.0,0.0,0.0,0.3,1.0,0.0,0.0,0.0,0.0,0.0,0.0,2020-21
347,1628370,Malik Monk,1610612766,CHA,42,19,23,20.9,6.7,1.3,2.7,0.482,0.6,0.9,0.722,3.3,0.496,2.9,0.429,0.6,0.096,0.6,0.086,0.4,0.064,2020-21
348,1629603,Mamadi Diakite,1610612749,MIL,14,7,7,10.1,0.7,0.2,0.5,0.429,0.0,0.0,0.0,0.4,0.6,0.1,0.2,0.0,0.0,0.1,0.1,0.0,0.0,2020-21
349,201188,Marc Gasol,1610612747,LAL,52,32,20,19.1,0.3,0.0,0.1,0.4,0.0,0.0,0.0,0.1,0.235,0.2,0.647,0.0,0.118,0.0,0.0,0.0,0.0,2020-21
350,202694,Marcus Morris Sr.,1610612746,LAC,57,38,19,26.3,2.1,0.5,1.3,0.413,0.2,0.3,0.625,1.3,0.627,0.4,0.195,0.2,0.076,0.2,0.076,0.1,0.068,2020-21
351,203935,Marcus Smart,1610612738,BOS,48,24,24,32.9,7.0,1.3,2.7,0.489,1.0,1.2,0.828,3.7,0.521,2.9,0.417,0.9,0.127,0.5,0.071,0.6,0.086,2020-21
352,1628365,Markelle Fultz,1610612753,ORL,8,6,2,26.9,14.1,3.4,6.4,0.529,0.4,0.5,0.75,7.5,0.531,6.1,0.434,1.6,0.115,1.0,0.071,0.3,0.018,2020-21
353,202693,Markieff Morris,1610612747,LAL,61,32,29,19.7,1.2,0.3,0.7,0.5,0.1,0.1,1.0,0.8,0.649,0.3,0.27,0.1,0.054,0.1,0.122,0.0,0.027,2020-21
354,1630210,Markus Howard,1610612743,DEN,37,24,13,5.5,1.4,0.3,0.6,0.478,0.0,0.0,0.0,0.6,0.451,0.5,0.353,0.2,0.118,0.2,0.137,0.0,0.0,2020-21
355,1629716,Marques Bolden,1610612739,CLE,6,2,4,4.8,0.0,0.0,0.0,0.0,0.0,0.0,0.0,0.0,0.0,0.0,0.0,0.0,0.0,0.0,0.0,0.0,0.0,2020-21
356,1627737,Marquese Chriss,1610612744,GSW,2,0,2,13.4,2.0,0.5,2.0,0.25,0.0,0.0,0.0,1.0,0.5,0.0,0.0,0.0,0.0,0.0,0.0,0.0,0.0,2020-21
357,1628963,Marvin Bagley III,1610612758,SAC,43,20,23,25.9,2.6,0.7,1.6,0.406,0.3,0.6,0.542,1.6,0.627,0.4,0.145,0.1,0.036,0.3,0.1,0.3,0.109,2020-21
358,1630222,Mason Jones,1610612755,PHI,32,10,22,10.5,2.7,0.4,0.8,0.538,0.4,0.6,0.7,1.4,0.523,1.3,0.488,0.3,0.093,0.2,0.07,0.3,0.116,2020-21
359,203486,Mason Plumlee,1610612765,DET,56,14,42,26.8,1.9,0.4,0.8,0.5,0.1,0.2,0.6,0.9,0.5,0.8,0.406,0.2,0.094,0.2,0.094,0.1,0.047,2020-21
360,1629680,Matisse Thybulle,1610612755,PHI,65,46,19,20.0,1.3,0.2,0.6,0.385,0.0,0.0,1.0,0.5,0.415,0.6,0.439,0.1,0.098,0.1,0.073,0.0,0.012,2020-21
361,1629744,Matt Thomas,1610612762,UTA,45,27,18,7.3,0.9,0.1,0.2,0.444,0.0,0.0,0.0,0.2,0.231,0.5,0.59,0.1,0.103,0.1,0.128,0.0,0.0,2020-21
362,203521,Matthew Dellavedova,1610612739,CLE,13,4,9,17.2,3.5,0.5,1.8,0.292,0.2,0.2,1.0,1.2,0.356,1.5,0.444,0.4,0.111,0.0,0.0,0.1,0.022,2020-21
363,203090,Maurice Harkless,1610612758,SAC,37,16,21,20.9,1.8,0.5,0.8,0.548,0.4,0.5,0.65,1.3,0.727,0.5,0.273,0.2,0.091,0.1,0.03,0.3,0.152,2020-21
364,1629622,Max Strus,1610612748,MIA,39,14,25,13.0,0.7,0.2,0.2,0.875,0.1,0.2,0.667,0.5,0.667,0.4,0.556,0.1,0.111,0.0,0.037,0.1,0.111,2020-21
365,1628467,Maxi Kleber,1610612742,DAL,50,31,19,26.8,0.7,0.1,0.3,0.286,0.0,0.0,1.0,0.2,0.294,0.2,0.353,0.1,0.147,0.1,0.206,0.0,0.029,2020-21
366,203086,Meyers Leonard,1610612748,MIA,3,2,1,9.8,0.0,0.0,0.0,0.0,0.0,0.0,0.0,0.0,0.0,0.0,0.0,0.0,0.0,0.0,0.0,0.0,0.0,2020-21
367,1629662,Mfiondu Kabengele,1610612739,CLE,39,20,19,7.2,0.4,0.0,0.2,0.167,0.1,0.1,1.0,0.1,0.235,0.2,0.412,0.1,0.176,0.1,0.176,0.0,0.059,2020-21
368,203487,Michael Carter-Williams,1610612753,ORL,31,12,19,25.8,9.9,1.7,4.3,0.394,0.5,1.0,0.531,4.2,0.425,3.9,0.392,0.9,0.088,0.9,0.092,0.5,0.056,2020-21
369,1629008,Michael Porter Jr.,1610612743,DEN,61,40,21,31.3,2.3,0.6,1.1,0.576,0.3,0.3,0.8,1.5,0.681,0.7,0.319,0.1,0.043,0.2,0.101,0.2,0.072,2020-21
370,1628969,Mikal Bridges,1610612756,PHX,72,51,21,32.6,3.5,0.7,1.5,0.486,0.3,0.3,0.952,1.8,0.514,1.6,0.451,0.3,0.087,0.2,0.055,0.1,0.04,2020-21
371,201144,Mike Conley,1610612762,UTA,51,37,14,29.4,12.5,2.1,4.4,0.471,1.4,1.6,0.841,5.6,0.447,6.2,0.495,1.8,0.141,0.7,0.058,0.8,0.064,2020-21
372,1628455,Mike James,1610612751,BKN,13,9,4,18.2,8.6,1.2,3.3,0.372,1.0,1.2,0.813,3.5,0.402,3.7,0.429,1.5,0.17,0.7,0.08,0.6,0.071,2020-21
373,203488,Mike Muscala,1610612760,OKC,35,15,20,18.4,0.7,0.1,0.3,0.273,0.0,0.0,0.0,0.2,0.304,0.3,0.478,0.1,0.087,0.0,0.0,0.0,0.0,2020-21
374,203118,Mike Scott,1610612755,PHI,51,35,16,16.7,0.4,0.1,0.2,0.4,0.0,0.0,0.0,0.2,0.45,0.1,0.2,0.0,0.0,0.1,0.15,0.0,0.05,2020-21
375,1628970,Miles Bridges,1610612766,CHA,66,31,35,29.3,4.9,1.0,2.1,0.482,0.6,0.7,0.87,2.8,0.57,1.8,0.375,0.4,0.087,0.4,0.087,0.3,0.071,2020-21
376,1629011,Mitchell Robinson,1610612752,NYK,31,15,16,27.5,0.0,0.0,0.0,0.0,0.0,0.0,0.0,0.0,0.0,0.0,1.0,0.0,0.0,0.0,0.0,0.0,0.0,2020-21
377,1629671,Miye Oni,1610612762,UTA,54,45,9,9.6,0.4,0.1,0.1,0.6,0.0,0.0,0.0,0.1,0.286,0.3,0.667,0.1,0.143,0.0,0.0,0.0,0.0,2020-21
378,1628964,Mo Bamba,1610612753,ORL,46,11,35,15.8,0.4,0.2,0.3,0.5,0.0,0.0,1.0,0.4,1.0,0.0,0.056,0.0,0.056,0.0,0.0,0.0,0.056,2020-21
379,1628420,Monte Morris,1610612743,DEN,47,30,17,25.5,5.3,1.4,2.6,0.542,0.2,0.3,0.786,3.0,0.579,2.2,0.413,0.5,0.097,0.2,0.045,0.1,0.028,2020-21
380,1626149,Montrezl Harrell,1610612747,LAL,69,41,28,22.9,0.8,0.3,0.6,0.474,0.1,0.1,0.9,0.7,0.889,0.1,0.167,0.0,0.056,0.0,0.037,0.1,0.093,2020-21
381,1629021,Moritz Wagner,1610612753,ORL,45,19,26,16.0,1.4,0.3,0.8,0.417,0.2,0.3,0.917,0.9,0.689,0.3,0.213,0.0,0.016,0.1,0.066,0.1,0.098,2020-21
382,1629650,Moses Brown,1610612760,OKC,43,8,35,21.4,0.3,0.1,0.2,0.5,0.2,0.2,0.7,0.4,1.133,0.0,0.0,0.0,0.0,0.0,0.133,0.1,0.333,2020-21
383,1628539,Mychal Mulder,1610612744,GSW,60,33,27,12.8,0.8,0.2,0.4,0.583,0.1,0.1,0.5,0.5,0.66,0.3,0.319,0.0,0.0,0.1,0.064,0.1,0.064,2020-21
384,1626167,Myles Turner,1610612754,IND,47,22,25,31.0,1.9,0.5,1.0,0.49,0.5,0.7,0.806,1.6,0.831,0.3,0.169,0.0,0.022,0.1,0.067,0.3,0.18,2020-21
385,1630230,Naji Marshall,1610612740,NOP,32,14,18,21.9,4.7,0.7,1.7,0.4,0.7,1.1,0.676,2.2,0.46,2.1,0.44,0.8,0.173,0.3,0.053,0.5,0.113,2020-21
386,1629642,Nassir Little,1610612757,POR,48,27,21,13.3,1.3,0.4,0.6,0.548,0.2,0.3,0.688,1.0,0.746,0.3,0.238,0.1,0.079,0.1,0.095,0.2,0.127,2020-21
387,1630268,Nate Darling,1610612766,CHA,7,3,4,3.7,0.0,0.0,0.0,0.0,0.0,0.0,0.0,0.0,0.0,0.0,0.0,0.0,0.0,0.0,0.0,0.0,0.0,2020-21
388,1630207,Nate Hinton,1610612742,DAL,21,11,10,4.4,0.9,0.1,0.5,0.3,0.0,0.1,0.5,0.3,0.389,0.3,0.389,0.0,0.056,0.0,0.0,0.0,0.056,2020-21
389,1630233,Nathan Knight,1610612737,ATL,33,21,12,8.4,0.8,0.2,0.4,0.571,0.2,0.3,0.7,0.7,0.923,0.1,0.154,0.0,0.038,0.1,0.115,0.2,0.192,2020-21
390,1629675,Naz Reid,1610612750,MIN,70,22,48,19.2,2.5,0.8,1.4,0.54,0.3,0.5,0.676,1.9,0.779,0.4,0.169,0.1,0.047,0.3,0.11,0.2,0.099,2020-21
391,202357,Nemanja Bjelica,1610612748,MIA,37,16,21,16.1,3.1,0.5,1.0,0.526,0.3,0.3,1.0,1.5,0.478,1.4,0.469,0.4,0.124,0.4,0.115,0.2,0.053,2020-21
392,203457,Nerlens Noel,1610612752,NYK,64,35,29,24.2,0.1,0.1,0.1,0.833,0.0,0.0,1.0,0.2,1.333,0.0,0.222,0.0,0.0,0.0,0.0,0.0,0.111,2020-21
393,1630208,Nick Richards,1610612766,CHA,18,9,9,3.5,0.0,0.0,0.0,0.0,0.0,0.0,0.0,0.0,0.0,0.0,0.0,0.0,0.0,0.0,0.0,0.0,0.0,2020-21
394,1629638,Nickeil Alexander-Walker,1610612740,NOP,46,20,26,21.9,7.3,1.5,3.3,0.458,0.6,0.8,0.743,3.7,0.501,2.8,0.391,0.7,0.09,0.5,0.069,0.4,0.054,2020-21
395,1630185,Nico Mannion,1610612744,GSW,30,17,13,12.1,4.1,0.3,1.1,0.281,0.5,0.5,0.938,1.1,0.274,2.4,0.581,0.5,0.129,0.3,0.073,0.3,0.065,2020-21
396,201587,Nicolas Batum,1610612746,LAC,67,44,23,27.4,0.6,0.1,0.1,0.5,0.0,0.0,0.0,0.1,0.233,0.4,0.628,0.1,0.116,0.1,0.116,0.0,0.0,2020-21
397,1629651,Nicolas Claxton,1610612751,BKN,32,23,9,18.6,0.9,0.2,0.5,0.294,0.1,0.3,0.5,0.5,0.536,0.1,0.107,0.0,0.0,0.1,0.071,0.1,0.143,2020-21
398,1629740,Nicolo Melli,1610612742,DAL,45,26,19,12.6,0.8,0.1,0.2,0.3,0.1,0.1,1.0,0.2,0.314,0.4,0.571,0.1,0.171,0.0,0.057,0.0,0.057,2020-21
399,203999,Nikola Jokic,1610612743,DEN,72,47,25,34.6,4.6,1.3,2.3,0.567,0.8,0.8,0.9,3.4,0.748,1.3,0.286,0.3,0.07,0.3,0.055,0.4,0.094,2020-21
400,202696,Nikola Vucevic,1610612741,CHI,70,26,44,33.5,3.1,0.9,1.6,0.559,0.5,0.5,0.917,2.3,0.718,1.0,0.318,0.2,0.077,0.2,0.064,0.3,0.082,2020-21
401,203943,Noah Vonleh,1610612751,BKN,4,3,1,2.7,0.5,0.0,0.0,0.0,0.0,0.0,0.0,0.0,0.0,0.3,0.5,0.0,0.0,0.3,0.5,0.0,0.0,2020-21
402,1626181,Norman Powell,1610612757,POR,69,32,37,32.0,7.6,1.8,3.7,0.496,1.3,1.5,0.902,5.1,0.674,2.3,0.305,0.5,0.07,0.5,0.069,0.7,0.097,2020-21
403,203658,Norvel Pelle,1610612752,NYK,13,8,5,6.4,0.1,0.0,0.1,0.0,0.0,0.0,0.0,0.0,0.0,0.0,0.0,0.0,0.0,0.0,0.0,0.0,0.0,2020-21
404,1628384,OG Anunoby,1610612761,TOR,43,18,25,33.3,5.1,1.2,2.3,0.515,0.6,0.7,0.833,3.0,0.58,2.0,0.384,0.6,0.11,0.4,0.082,0.3,0.068,2020-21
405,1630167,Obi Toppin,1610612752,NYK,62,36,26,11.0,0.8,0.2,0.4,0.444,0.1,0.1,0.75,0.5,0.653,0.2,0.204,0.0,0.041,0.1,0.143,0.1,0.082,2020-21
406,1630168,Onyeka Okongwu,1610612737,ATL,50,31,19,12.0,0.0,0.0,0.0,1.0,0.0,0.0,0.0,0.0,2.0,0.0,0.0,0.0,0.0,0.0,0.0,0.0,0.0,2020-21
407,1629052,Oshae Brissett,1610612754,IND,21,10,11,24.7,1.8,0.2,0.9,0.211,0.7,0.9,0.833,1.1,0.649,0.4,0.216,0.0,0.027,0.0,0.027,0.4,0.243,2020-21
408,203490,Otto Porter Jr.,1610612753,ORL,28,12,16,21.7,1.9,0.5,1.3,0.4,0.1,0.1,0.75,1.1,0.604,0.5,0.264,0.1,0.075,0.0,0.019,0.1,0.038,2020-21
409,200782,P.J. Tucker,1610612749,MIL,52,27,25,26.1,0.6,0.1,0.2,0.417,0.1,0.1,0.833,0.3,0.469,0.3,0.438,0.0,0.063,0.1,0.094,0.1,0.094,2020-21
410,1629023,P.J. Washington,1610612766,CHA,64,31,33,30.5,3.8,0.6,1.6,0.41,0.3,0.4,0.769,1.6,0.436,1.5,0.39,0.3,0.087,0.4,0.095,0.2,0.054,2020-21
411,1628408,PJ Dozier,1610612743,DEN,50,36,14,21.8,3.8,0.7,1.7,0.393,0.3,0.4,0.636,1.7,0.44,1.5,0.393,0.3,0.079,0.3,0.079,0.2,0.058,2020-21
412,1627783,Pascal Siakam,1610612761,TOR,56,21,35,35.8,13.8,2.9,5.8,0.512,1.9,2.4,0.806,8.1,0.587,5.5,0.4,1.1,0.079,0.7,0.049,1.2,0.087,2020-21
413,1626192,Pat Connaughton,1610612749,MIL,69,44,25,22.8,1.7,0.3,0.5,0.545,0.1,0.1,0.5,0.6,0.351,0.9,0.561,0.3,0.167,0.1,0.079,0.1,0.035,2020-21
414,201976,Patrick Beverley,1610612746,LAC,37,25,12,22.5,3.4,0.5,1.2,0.391,0.4,0.4,0.875,1.4,0.402,1.6,0.465,0.5,0.134,0.3,0.079,0.2,0.063,2020-21
415,1627775,Patrick McCaw,1610612761,TOR,5,2,3,6.7,0.2,0.0,0.0,0.0,0.0,0.0,0.0,0.0,0.0,0.2,1.0,0.0,0.0,0.0,0.0,0.0,0.0,2020-21
416,202335,Patrick Patterson,1610612746,LAC,38,26,12,15.3,0.4,0.1,0.1,0.6,0.1,0.1,0.5,0.2,0.533,0.1,0.333,0.0,0.067,0.1,0.133,0.1,0.133,2020-21
417,1630172,Patrick Williams,1610612741,CHI,71,30,41,27.9,3.7,0.7,1.9,0.388,0.4,0.4,0.833,1.9,0.513,1.1,0.303,0.3,0.08,0.4,0.103,0.2,0.057,2020-21
418,201988,Patty Mills,1610612759,SAS,68,31,37,24.8,3.3,0.5,1.1,0.473,0.2,0.2,1.0,1.3,0.383,1.8,0.55,0.4,0.117,0.2,0.054,0.1,0.032,2020-21
419,202331,Paul George,1610612746,LAC,54,38,16,33.7,11.8,2.4,5.1,0.48,1.8,2.1,0.857,6.9,0.582,4.4,0.371,1.1,0.097,1.0,0.085,1.0,0.088,2020-21
420,200794,Paul Millsap,1610612743,DEN,56,38,18,20.8,2.0,0.5,1.2,0.433,0.2,0.2,0.917,1.3,0.643,0.5,0.25,0.1,0.063,0.1,0.063,0.1,0.054,2020-21
421,1630194,Paul Reed,1610612755,PHI,26,17,9,6.8,1.2,0.5,0.8,0.571,0.0,0.1,0.5,1.0,0.781,0.3,0.281,0.1,0.063,0.0,0.031,0.0,0.031,2020-21
422,1628778,Paul Watson,1610612761,TOR,27,13,14,11.0,1.3,0.3,0.5,0.538,0.1,0.1,1.0,0.6,0.471,0.6,0.5,0.1,0.059,0.1,0.059,0.0,0.029,2020-21
423,1630202,Payton Pritchard,1610612738,BOS,66,33,33,19.2,5.0,0.8,1.7,0.486,0.3,0.4,0.833,2.0,0.394,2.7,0.544,0.5,0.11,0.3,0.061,0.2,0.037,2020-21
424,1630173,Precious Achiuwa,1610612748,MIA,61,31,30,12.1,0.6,0.1,0.3,0.381,0.1,0.2,0.5,0.3,0.6,0.1,0.114,0.0,0.029,0.0,0.057,0.1,0.143,2020-21
425,1626188,Quinn Cook,1610612739,CLE,23,13,10,6.8,1.6,0.4,0.9,0.429,0.0,0.1,0.5,0.9,0.541,0.6,0.351,0.1,0.081,0.1,0.054,0.0,0.027,2020-21
426,1629683,Quinndary Weatherspoon,1610612759,SAS,20,8,12,6.1,1.3,0.2,0.6,0.364,0.3,0.3,0.833,0.7,0.5,0.5,0.346,0.1,0.038,0.2,0.115,0.2,0.115,2020-21
427,1630181,R.J. Hampton,1610612753,ORL,51,20,31,17.4,4.7,0.9,2.1,0.434,0.5,0.7,0.711,2.4,0.506,1.8,0.389,0.5,0.1,0.3,0.067,0.4,0.079,2020-21
428,1629628,RJ Barrett,1610612752,NYK,72,41,31,34.9,11.8,2.4,5.8,0.422,1.3,1.7,0.758,6.3,0.531,4.1,0.345,0.9,0.075,0.8,0.072,0.8,0.071,2020-21
429,200765,Rajon Rondo,1610612746,LAC,45,28,17,17.1,5.8,1.0,2.1,0.484,0.2,0.3,0.917,2.3,0.388,2.7,0.468,0.6,0.099,0.5,0.091,0.1,0.023,2020-21
430,203526,Raul Neto,1610612764,WAS,64,30,34,21.9,5.1,1.3,2.9,0.457,0.6,0.7,0.864,3.3,0.641,1.3,0.264,0.3,0.067,0.4,0.077,0.3,0.067,2020-21
431,1629034,Ray Spalding,1610612745,HOU,2,0,2,9.4,0.0,0.0,0.0,0.0,0.0,0.0,0.0,0.0,0.0,0.0,0.0,0.0,0.0,0.0,0.0,0.0,0.0,2020-21
432,1629730,Rayjon Tucker,1610612755,PHI,14,8,6,4.9,1.3,0.2,0.4,0.6,0.9,1.1,0.813,1.4,1.056,0.2,0.167,0.1,0.056,0.1,0.056,0.6,0.444,2020-21
433,203493,Reggie Bullock,1610612752,NYK,65,38,27,30.0,1.3,0.2,0.4,0.5,0.1,0.1,1.0,0.6,0.424,0.7,0.518,0.1,0.106,0.1,0.094,0.1,0.047,2020-21
434,202704,Reggie Jackson,1610612746,LAC,67,43,24,23.0,5.4,1.3,2.8,0.457,0.2,0.2,0.813,2.9,0.53,2.1,0.39,0.4,0.077,0.3,0.058,0.1,0.022,2020-21
435,1629617,Reggie Perry,1610612751,BKN,26,18,8,8.1,0.3,0.0,0.2,0.0,0.1,0.1,1.0,0.1,0.286,0.0,0.143,0.0,0.0,0.0,0.143,0.0,0.143,2020-21
436,1626158,Richaun Holmes,1610612758,SAC,61,29,32,29.2,1.3,0.5,0.8,0.66,0.4,0.5,0.786,1.4,1.13,0.2,0.143,0.0,0.026,0.1,0.065,0.2,0.182,2020-21
437,201937,Ricky Rubio,1610612750,MIN,68,23,45,26.1,8.1,1.1,2.4,0.442,0.6,0.6,0.905,2.7,0.333,4.4,0.545,1.2,0.149,0.5,0.067,0.3,0.038,2020-21
438,203496,Robert Covington,1610612757,POR,70,42,28,32.0,1.7,0.3,0.8,0.305,0.3,0.3,0.818,0.8,0.443,0.5,0.303,0.2,0.131,0.1,0.082,0.2,0.09,2020-21
439,1629606,Robert Franks,1610612753,ORL,7,0,7,14.4,0.4,0.1,0.3,0.5,0.3,0.3,1.0,0.6,1.333,0.0,0.0,0.0,0.0,0.0,0.0,0.1,0.333,2020-21
440,1629057,Robert Williams III,1610612738,BOS,52,29,23,18.9,0.0,0.0,0.0,0.5,0.0,0.0,0.0,0.0,1.0,0.0,0.0,0.0,0.0,0.0,0.0,0.0,0.0,2020-21
441,1630218,Robert Woodard II,1610612758,SAC,13,3,10,3.5,0.5,0.1,0.3,0.25,0.0,0.0,0.0,0.2,0.333,0.2,0.333,0.1,0.167,0.0,0.0,0.0,0.0,2020-21
442,201577,Robin Lopez,1610612764,WAS,71,34,37,19.1,0.3,0.1,0.2,0.6,0.0,0.0,0.5,0.3,0.905,0.0,0.143,0.0,0.048,0.0,0.095,0.0,0.048,2020-21
443,1629066,Rodions Kurucs,1610612749,MIL,21,10,11,5.9,0.4,0.0,0.0,0.0,0.0,0.0,0.0,0.0,0.0,0.3,0.667,0.1,0.222,0.0,0.111,0.0,0.0,2020-21
444,203918,Rodney Hood,1610612761,TOR,55,29,26,17.1,1.7,0.3,0.9,0.32,0.2,0.3,0.786,0.8,0.478,0.4,0.261,0.1,0.054,0.2,0.109,0.1,0.076,2020-21
445,203585,Rodney McGruder,1610612765,DET,16,3,13,12.1,2.2,0.6,1.4,0.391,0.0,0.0,0.0,1.3,0.571,0.7,0.314,0.1,0.057,0.1,0.029,0.0,0.0,2020-21
446,1629641,Romeo Langford,1610612738,BOS,18,9,9,15.7,1.7,0.2,0.9,0.176,0.1,0.1,0.5,0.4,0.258,0.6,0.323,0.1,0.065,0.1,0.065,0.1,0.032,2020-21
447,1626178,Rondae Hollis-Jefferson,1610612757,POR,11,6,5,9.8,0.5,0.2,0.4,0.5,0.0,0.0,0.0,0.4,0.8,0.1,0.2,0.0,0.0,0.0,0.0,0.0,0.0,2020-21
448,1626220,Royce O'Neale,1610612762,UTA,71,51,20,31.6,2.3,0.3,0.7,0.489,0.1,0.1,0.9,0.8,0.339,1.2,0.521,0.4,0.152,0.3,0.109,0.1,0.03,2020-21
449,200752,Rudy Gay,1610612759,SAS,63,29,34,21.6,3.4,0.9,1.9,0.455,0.5,0.6,0.806,2.2,0.648,0.9,0.268,0.2,0.052,0.2,0.047,0.3,0.085,2020-21
450,203497,Rudy Gobert,1610612762,UTA,71,52,19,30.8,0.5,0.1,0.2,0.438,0.0,0.1,0.3,0.2,0.5,0.0,0.088,0.0,0.029,0.1,0.206,0.1,0.147,2020-21
451,1629060,Rui Hachimura,1610612764,WAS,57,29,28,31.5,3.8,1.0,2.4,0.426,0.3,0.4,0.727,2.4,0.631,0.8,0.22,0.1,0.037,0.3,0.075,0.2,0.051,2020-21
452,201566,Russell Westbrook,1610612764,WAS,65,30,35,36.4,17.8,2.4,5.5,0.447,1.5,2.6,0.593,6.7,0.375,9.0,0.504,2.4,0.137,1.5,0.085,1.3,0.073,2020-21
453,1627853,Ryan Arcidiacono,1610612741,CHI,44,20,24,10.2,1.8,0.2,0.5,0.45,0.1,0.1,0.5,0.5,0.282,1.1,0.628,0.2,0.103,0.1,0.064,0.1,0.038,2020-21
454,1630240,Saben Lee,1610612765,DET,48,14,34,16.3,10.1,1.0,2.4,0.419,0.9,1.2,0.754,3.0,0.294,6.0,0.595,1.5,0.146,0.6,0.062,0.6,0.058,2020-21
455,1630180,Saddiq Bey,1610612765,DET,70,19,51,27.3,2.6,0.4,1.2,0.333,0.4,0.5,0.844,1.2,0.483,0.9,0.333,0.2,0.083,0.2,0.089,0.2,0.089,2020-21
456,1630241,Sam Merrill,1610612749,MIL,30,18,12,7.8,0.9,0.2,0.4,0.455,0.0,0.0,0.0,0.3,0.385,0.4,0.5,0.1,0.077,0.0,0.038,0.0,0.0,2020-21
457,1630253,Sean McDermott,1610612763,MEM,18,10,8,8.8,0.6,0.1,0.2,0.667,0.0,0.0,0.0,0.2,0.4,0.4,0.7,0.1,0.1,0.0,0.0,0.0,0.0,2020-21
458,1629635,Sekou Doumbouya,1610612765,DET,56,15,41,15.5,1.8,0.3,0.9,0.358,0.3,0.4,0.8,1.0,0.535,0.5,0.257,0.2,0.109,0.2,0.099,0.2,0.099,2020-21
459,1628400,Semi Ojeleye,1610612738,BOS,56,28,28,17.0,1.1,0.2,0.4,0.429,0.1,0.2,0.7,0.4,0.41,0.5,0.443,0.2,0.148,0.1,0.082,0.1,0.082,2020-21
460,201586,Serge Ibaka,1610612746,LAC,41,24,17,23.3,0.9,0.3,0.5,0.6,0.1,0.2,0.625,0.8,0.861,0.3,0.333,0.1,0.139,0.0,0.0,0.1,0.111,2020-21
461,203552,Seth Curry,1610612755,PHI,57,39,18,28.7,4.4,0.9,2.0,0.461,0.3,0.3,0.938,2.1,0.486,1.8,0.422,0.5,0.12,0.2,0.056,0.1,0.032,2020-21
462,1628983,Shai Gilgeous-Alexander,1610612760,OKC,35,16,19,33.7,25.2,5.2,9.3,0.554,2.4,3.0,0.798,13.1,0.521,12.2,0.484,2.4,0.094,1.4,0.056,1.5,0.059,2020-21
463,1629003,Shake Milton,1610612755,PHI,63,46,17,23.2,10.4,2.3,4.8,0.475,1.0,1.3,0.8,5.7,0.554,4.0,0.381,0.9,0.087,0.7,0.067,0.6,0.061,2020-21
464,1627885,Shaquille Harrison,1610612743,DEN,34,27,7,9.8,2.4,0.2,1.0,0.2,0.2,0.3,0.8,0.6,0.265,1.1,0.458,0.2,0.096,0.1,0.06,0.1,0.06,2020-21
465,1628414,Sindarius Thornwell,1610612753,ORL,21,7,14,10.3,1.0,0.0,0.4,0.111,0.1,0.1,1.0,0.2,0.2,0.4,0.45,0.1,0.1,0.0,0.05,0.0,0.05,2020-21
466,1630219,Skylar Mays,1610612737,ATL,33,19,14,8.2,2.1,0.4,0.7,0.5,0.2,0.2,0.833,0.9,0.429,1.1,0.5,0.2,0.1,0.2,0.086,0.1,0.043,2020-21
467,203524,Solomon Hill,1610612737,ATL,71,41,30,21.3,1.5,0.3,0.5,0.487,0.3,0.3,1.0,0.9,0.565,0.7,0.444,0.2,0.13,0.1,0.093,0.1,0.083,2020-21
468,203915,Spencer Dinwiddie,1610612751,BKN,3,2,1,21.4,4.3,0.3,1.0,0.333,1.3,1.3,1.0,2.0,0.462,2.3,0.538,0.0,0.0,0.3,0.077,0.7,0.154,2020-21
469,1626169,Stanley Johnson,1610612761,TOR,61,25,36,16.5,2.3,0.4,0.9,0.418,0.3,0.3,0.85,1.1,0.5,0.9,0.371,0.2,0.093,0.2,0.093,0.2,0.071,2020-21
470,201939,Stephen Curry,1610612744,GSW,63,37,26,34.2,10.9,2.7,4.9,0.555,1.6,1.7,0.916,7.3,0.677,4.2,0.385,0.9,0.085,0.7,0.06,0.8,0.077,2020-21
471,1628425,Sterling Brown,1610612745,HOU,51,14,37,24.1,3.2,0.6,1.3,0.453,0.1,0.1,1.0,1.3,0.404,1.5,0.466,0.3,0.106,0.2,0.075,0.1,0.019,2020-21
472,203500,Steven Adams,1610612740,NOP,58,26,32,27.7,0.4,0.1,0.2,0.462,0.0,0.0,0.5,0.2,0.619,0.1,0.19,0.0,0.095,0.1,0.143,0.0,0.048,2020-21
473,1629004,Svi Mykhailiuk,1610612760,OKC,66,13,53,20.1,5.0,0.7,1.5,0.446,0.1,0.2,0.667,1.5,0.299,2.6,0.527,0.6,0.116,0.5,0.104,0.1,0.018,2020-21
474,1628388,T.J. Leaf,1610612757,POR,7,6,1,5.1,0.6,0.1,0.3,0.5,0.3,0.3,1.0,0.6,1.0,0.0,0.0,0.0,0.0,0.1,0.25,0.1,0.25,2020-21
475,204456,T.J. McConnell,1610612754,IND,69,33,36,26.0,12.1,2.5,4.5,0.563,0.1,0.2,0.583,5.2,0.43,6.6,0.547,1.8,0.148,0.6,0.048,0.1,0.007,2020-21
476,203933,T.J. Warren,1610612754,IND,4,3,1,29.3,5.3,1.3,2.5,0.5,0.5,0.8,0.667,2.8,0.524,2.3,0.429,0.5,0.095,0.0,0.0,0.3,0.048,2020-21
477,1629605,Tacko Fall,1610612738,BOS,19,13,6,7.1,0.2,0.1,0.1,1.0,0.0,0.0,0.0,0.2,1.333,0.1,0.333,0.0,0.0,0.0,0.0,0.0,0.0,2020-21
478,201959,Taj Gibson,1610612752,NYK,45,29,16,20.8,0.1,0.0,0.0,0.5,0.0,0.0,0.0,0.0,0.667,0.0,0.333,0.0,0.333,0.0,0.0,0.0,0.0,2020-21
479,1629659,Talen Horton-Tucker,1610612747,LAL,65,39,26,20.1,9.1,1.9,3.8,0.504,0.7,0.9,0.77,4.7,0.514,3.9,0.426,1.0,0.11,0.7,0.075,0.5,0.053,2020-21
480,1627752,Taurean Prince,1610612739,CLE,41,15,26,22.1,4.4,0.6,2.1,0.299,0.4,0.5,0.75,1.7,0.392,1.6,0.359,0.3,0.061,0.4,0.088,0.2,0.055,2020-21
481,1629611,Terance Mann,1610612746,LAC,67,45,22,18.9,3.7,0.7,1.6,0.467,0.2,0.2,0.875,1.7,0.472,1.8,0.476,0.4,0.105,0.1,0.036,0.1,0.032,2020-21
482,1629056,Terence Davis,1610612758,SAC,61,26,35,17.6,3.6,0.5,1.3,0.423,0.4,0.4,0.885,1.5,0.409,1.6,0.436,0.4,0.114,0.4,0.105,0.2,0.059,2020-21
483,1628390,Terrance Ferguson,1610612755,PHI,13,10,3,3.8,0.2,0.0,0.0,0.0,0.0,0.0,0.0,0.0,0.0,0.2,0.667,0.1,0.333,0.1,0.333,0.0,0.0,2020-21
484,203082,Terrence Ross,1610612753,ORL,46,16,30,29.3,4.1,1.2,2.7,0.452,0.3,0.3,0.875,2.9,0.711,0.8,0.209,0.2,0.043,0.2,0.053,0.2,0.043,2020-21
485,1626179,Terry Rozier,1610612766,CHA,69,32,37,34.5,10.3,2.3,4.6,0.511,0.6,0.8,0.786,5.4,0.527,4.5,0.436,0.8,0.073,0.6,0.053,0.4,0.041,2020-21
486,201152,Thaddeus Young,1610612741,CHI,68,30,38,24.3,2.3,0.7,1.3,0.538,0.1,0.1,0.6,1.5,0.671,0.6,0.277,0.1,0.052,0.2,0.077,0.1,0.032,2020-21
487,203648,Thanasis Antetokounmpo,1610612749,MIL,57,37,20,9.7,1.1,0.2,0.5,0.379,0.1,0.2,0.4,0.5,0.4,0.4,0.338,0.2,0.138,0.1,0.062,0.1,0.077,2020-21
488,1630177,Theo Maledon,1610612760,OKC,65,20,45,27.3,9.7,1.3,3.2,0.407,0.8,1.0,0.791,3.6,0.369,5.0,0.512,0.8,0.082,0.7,0.071,0.5,0.052,2020-21
489,1629033,Theo Pinson,1610612752,NYK,17,9,8,2.0,0.1,0.1,0.1,1.0,0.0,0.0,0.0,0.1,1.0,0.1,0.5,0.0,0.0,0.0,0.0,0.0,0.0,2020-21
490,1628418,Thomas Bryant,1610612764,WAS,10,2,8,27.1,0.2,0.1,0.1,1.0,0.0,0.0,0.0,0.2,1.0,0.1,0.5,0.1,0.5,0.0,0.0,0.0,0.0,2020-21
491,1627748,Thon Maker,1610612739,CLE,8,3,5,9.6,0.5,0.3,0.4,0.667,0.1,0.3,0.5,0.6,1.25,0.0,0.0,0.0,0.0,0.0,0.0,0.1,0.25,2020-21
492,204025,Tim Frazier,1610612763,MEM,5,5,0,12.4,3.8,0.2,1.0,0.2,0.0,0.0,0.0,0.4,0.105,2.6,0.684,0.6,0.158,0.0,0.0,0.0,0.0,2020-21
493,203501,Tim Hardaway Jr.,1610612742,DAL,70,42,28,28.4,3.9,1.2,2.2,0.552,0.5,0.6,0.773,3.0,0.771,1.2,0.303,0.2,0.063,0.1,0.033,0.3,0.081,2020-21
494,1627789,Timothe Luwawu-Cabarrot,1610612751,BKN,58,38,20,18.1,2.1,0.3,0.9,0.36,0.1,0.2,0.7,0.8,0.363,1.0,0.46,0.3,0.137,0.1,0.065,0.1,0.04,2020-21
495,202699,Tobias Harris,1610612755,PHI,62,44,18,32.5,9.4,2.6,5.1,0.519,1.0,1.1,0.896,6.3,0.675,3.2,0.342,0.7,0.07,0.4,0.045,0.5,0.057,2020-21
496,203107,Tomas Satoransky,1610612741,CHI,58,25,33,22.5,6.8,1.0,1.9,0.518,0.3,0.4,0.864,2.4,0.349,4.1,0.603,1.0,0.142,0.4,0.059,0.2,0.028,2020-21
497,1628396,Tony Bradley,1610612760,OKC,42,15,27,16.3,0.2,0.1,0.2,0.429,0.0,0.0,0.5,0.2,0.7,0.0,0.0,0.0,0.0,0.0,0.2,0.0,0.1,2020-21
498,203503,Tony Snell,1610612737,ATL,47,29,18,21.1,2.1,0.3,0.7,0.387,0.1,0.1,1.0,0.6,0.299,1.1,0.557,0.3,0.155,0.1,0.062,0.0,0.021,2020-21
499,1628470,Torrey Craig,1610612756,PHX,50,33,17,16.1,1.3,0.3,0.6,0.469,0.1,0.1,0.833,0.7,0.538,0.4,0.323,0.1,0.077,0.1,0.108,0.1,0.046,2020-21
500,1629027,Trae Young,1610612737,ATL,63,36,27,33.7,20.1,4.0,8.4,0.479,2.2,2.6,0.852,10.5,0.522,8.5,0.422,2.7,0.133,1.3,0.065,1.3,0.065,2020-21
501,1630200,Tre Jones,1610612759,SAS,37,15,22,7.3,2.6,0.5,1.3,0.408,0.2,0.3,0.9,1.4,0.526,0.9,0.358,0.2,0.063,0.1,0.053,0.1,0.053,2020-21
502,1629682,Tremont Waters,1610612738,BOS,26,13,13,9.1,2.9,0.4,1.1,0.345,0.2,0.2,0.833,1.0,0.333,1.3,0.467,0.4,0.133,0.3,0.093,0.1,0.04,2020-21
503,1630235,Trent Forrest,1610612762,UTA,30,22,8,10.1,4.6,0.9,1.3,0.667,0.5,0.5,1.0,2.2,0.482,2.7,0.59,0.6,0.129,0.3,0.058,0.2,0.05,2020-21
504,2772,Trevor Ariza,1610612748,MIA,30,17,13,28.0,3.2,0.4,1.3,0.289,0.3,0.5,0.714,1.1,0.333,1.3,0.406,0.2,0.063,0.2,0.052,0.2,0.073,2020-21
505,203504,Trey Burke,1610612742,DAL,62,35,27,14.7,3.6,0.7,1.5,0.484,0.4,0.4,1.0,1.9,0.538,1.5,0.43,0.3,0.077,0.2,0.045,0.2,0.054,2020-21
506,1626168,Trey Lyles,1610612759,SAS,23,10,13,15.6,2.5,0.7,1.2,0.63,0.4,0.6,0.643,1.9,0.741,0.9,0.345,0.1,0.034,0.1,0.052,0.3,0.121,2020-21
507,202684,Tristan Thompson,1610612738,BOS,54,27,27,23.8,0.9,0.3,0.6,0.457,0.0,0.1,0.25,0.6,0.688,0.1,0.125,0.0,0.021,0.1,0.063,0.0,0.042,2020-21
508,1628972,Troy Brown Jr.,1610612741,CHI,34,10,24,15.4,1.2,0.2,0.5,0.389,0.1,0.1,1.0,0.5,0.39,0.5,0.39,0.1,0.073,0.1,0.122,0.0,0.024,2020-21
509,1629660,Ty Jerome,1610612760,OKC,33,7,26,23.9,6.9,1.4,2.7,0.523,0.5,0.7,0.818,3.4,0.487,3.2,0.461,0.7,0.101,0.5,0.079,0.3,0.048,2020-21
510,1630234,Ty-Shon Alexander,1610612756,PHX,15,11,4,3.2,0.3,0.0,0.0,0.0,0.1,0.1,0.5,0.1,0.2,0.2,0.6,0.1,0.2,0.1,0.2,0.1,0.2,2020-21
511,1630189,Tyler Bey,1610612742,DAL,18,11,7,3.9,0.5,0.1,0.4,0.143,0.0,0.0,0.0,0.1,0.222,0.1,0.222,0.1,0.111,0.0,0.0,0.0,0.0,2020-21
512,1629076,Tyler Cook,1610612765,DET,32,11,21,13.7,0.7,0.2,0.5,0.467,0.0,0.1,0.25,0.5,0.696,0.2,0.217,0.0,0.043,0.0,0.043,0.1,0.087,2020-21
513,1629639,Tyler Herro,1610612748,MIA,54,29,25,30.3,9.3,1.7,3.5,0.476,0.4,0.5,0.786,3.9,0.417,4.6,0.499,1.1,0.118,0.7,0.072,0.3,0.028,2020-21
514,204020,Tyler Johnson,1610612751,BKN,39,29,10,17.5,1.3,0.3,0.5,0.524,0.1,0.1,0.75,0.6,0.481,0.6,0.423,0.2,0.115,0.1,0.077,0.1,0.038,2020-21
515,1630179,Tyrell Terry,1610612742,DAL,11,2,9,5.1,1.5,0.3,0.5,0.5,0.0,0.0,0.0,0.5,0.375,0.8,0.563,0.3,0.188,0.1,0.063,0.0,0.0,2020-21
516,1630169,Tyrese Haliburton,1610612758,SAC,58,25,33,30.1,8.3,1.8,3.3,0.541,0.4,0.5,0.786,4.1,0.497,4.1,0.493,1.3,0.162,0.4,0.05,0.2,0.029,2020-21
517,1630178,Tyrese Maxey,1610612755,PHI,61,41,20,15.3,5.8,1.7,3.4,0.51,0.5,0.6,0.882,4.1,0.718,1.6,0.282,0.3,0.054,0.3,0.048,0.3,0.048,2020-21
518,1626145,Tyus Jones,1610612763,MEM,70,36,34,17.5,5.3,1.4,2.8,0.505,0.2,0.3,0.944,3.1,0.578,2.2,0.409,0.4,0.078,0.1,0.022,0.1,0.024,2020-21
519,1628962,Udoka Azubuike,1610612762,UTA,15,13,2,3.8,0.0,0.0,0.0,0.0,0.0,0.0,0.0,0.0,0.0,0.0,0.0,0.0,0.0,0.0,0.0,0.0,0.0,2020-21
520,2617,Udonis Haslem,1610612748,MIA,1,1,0,2.7,0.0,0.0,0.0,0.0,0.0,0.0,0.0,0.0,0.0,0.0,0.0,0.0,0.0,0.0,0.0,0.0,0.0,2020-21
521,1630176,Vernon Carey Jr.,1610612766,CHA,19,9,10,6.0,0.7,0.2,0.3,0.5,0.3,0.3,1.0,0.7,1.0,0.1,0.154,0.0,0.0,0.1,0.154,0.2,0.231,2020-21
522,203506,Victor Oladipo,1610612748,MIA,33,13,20,32.7,12.4,2.8,5.9,0.467,1.3,1.8,0.733,7.0,0.561,4.2,0.337,0.9,0.073,0.9,0.071,0.9,0.073,2020-21
523,1629738,Vincent Poirier,1610612755,PHI,10,8,2,3.9,0.0,0.0,0.0,0.0,0.0,0.0,0.0,0.0,0.0,0.0,0.0,0.0,0.0,0.0,0.0,0.0,0.0,2020-21
524,1628427,Vlatko Cancar,1610612743,DEN,41,28,13,6.9,0.4,0.1,0.2,0.6,0.0,0.1,0.667,0.4,0.833,0.1,0.278,0.0,0.0,0.0,0.111,0.0,0.111,2020-21
525,201961,Wayne Ellington,1610612765,DET,46,13,33,22.0,1.6,0.2,0.5,0.5,0.0,0.0,0.5,0.5,0.319,0.9,0.569,0.3,0.222,0.1,0.083,0.0,0.014,2020-21
526,1628976,Wendell Carter Jr.,1610612753,ORL,54,21,33,25.5,1.1,0.3,0.6,0.438,0.2,0.3,0.643,0.7,0.667,0.2,0.228,0.0,0.0,0.1,0.07,0.1,0.123,2020-21
527,1629117,Wenyen Gabriel,1610612740,NOP,21,9,12,11.5,1.0,0.1,0.5,0.2,0.1,0.2,0.75,0.3,0.333,0.4,0.429,0.1,0.095,0.0,0.0,0.1,0.095,2020-21
528,1628411,Wes Iwundu,1610612740,NOP,41,17,24,13.1,1.3,0.2,0.6,0.292,0.2,0.2,1.0,0.6,0.436,0.4,0.327,0.0,0.036,0.2,0.145,0.1,0.073,2020-21
529,202083,Wesley Matthews,1610612747,LAL,58,33,25,19.5,1.3,0.2,0.4,0.375,0.1,0.1,0.625,0.4,0.32,0.7,0.547,0.1,0.107,0.1,0.08,0.1,0.053,2020-21
530,203115,Will Barton,1610612743,DEN,56,37,19,31.0,6.2,1.2,2.9,0.406,0.4,0.7,0.658,2.9,0.467,2.3,0.37,0.5,0.077,0.5,0.08,0.3,0.054,2020-21
531,1630266,Will Magnay,1610612740,NOP,1,1,0,3.3,0.0,0.0,0.0,0.0,0.0,0.0,0.0,0.0,0.0,0.0,0.0,0.0,0.0,0.0,0.0,0.0,0.0,2020-21
532,1626161,Willie Cauley-Stein,1610612742,DAL,53,29,24,17.1,0.3,0.1,0.2,0.556,0.1,0.1,0.75,0.2,0.813,0.1,0.188,0.0,0.125,0.0,0.063,0.0,0.125,2020-21
533,1626195,Willy Hernangomez,1610612740,NOP,47,20,27,18.0,0.3,0.1,0.2,0.444,0.0,0.0,0.0,0.2,0.667,0.0,0.167,0.0,0.0,0.0,0.083,0.0,0.0,2020-21
534,1630214,Xavier Tillman,1610612763,MEM,59,31,28,18.4,0.6,0.2,0.4,0.524,0.1,0.1,0.75,0.5,0.711,0.2,0.316,0.0,0.053,0.1,0.079,0.0,0.053,2020-21
535,1627812,Yogi Ferrell,1610612746,LAC,10,4,6,13.7,2.8,0.4,1.1,0.364,0.2,0.2,1.0,1.0,0.357,1.3,0.464,0.5,0.179,0.1,0.036,0.1,0.036,2020-21
536,1629139,Yuta Watanabe,1610612761,TOR,50,24,26,14.5,1.6,0.2,0.6,0.345,0.2,0.2,0.833,0.6,0.41,0.8,0.487,0.2,0.128,0.1,0.038,0.1,0.077,2020-21
537,203897,Zach LaVine,1610612741,CHI,58,26,32,35.1,12.0,3.2,5.9,0.533,1.7,2.1,0.849,8.4,0.696,3.3,0.275,0.9,0.073,1.1,0.095,1.0,0.086,2020-21
538,1630192,Zeke Nnaji,1610612743,DEN,42,30,12,9.5,0.2,0.0,0.1,0.0,0.0,0.0,0.5,0.0,0.125,0.0,0.25,0.0,0.0,0.0,0.125,0.0,0.125,2020-21
539,1629627,Zion Williamson,1610612740,NOP,61,29,32,33.2,12.9,3.5,6.2,0.568,2.0,3.0,0.651,9.3,0.719,3.8,0.297,0.9,0.071,1.0,0.079,1.5,0.118,2020-21
