,PLAYER_ID,PLAYER_NAME,TEAM_ID,TEAM_ABBREVIATION,GP,W,L,MIN,MIN1,DIST_FEET,DIST_MILES,DIST_MILES_OFF,DIST_MILES_DEF,AVG_SPEED,AVG_SPEED_OFF,AVG_SPEED_DEF,Season
0,203932,Aaron Gordon,1610612743,DEN,50,29,21,27.68,27.68,10476.56,1.98,1.1,0.89,4.06,4.4,3.71,2020-21
1,1628988,Aaron Holiday,1610612754,IND,66,30,36,17.82,17.82,7271.26,1.38,0.71,0.66,4.32,4.7,3.98,2020-21
2,1630174,Aaron Nesmith,1610612738,BOS,46,22,24,14.54,14.54,5977.74,1.13,0.59,0.54,4.34,4.53,4.15,2020-21
3,1627846,Abdel Nader,1610612756,PHX,24,16,8,14.8,14.8,6038.04,1.14,0.62,0.53,4.41,4.75,4.1,2020-21
4,1629690,Adam Mokoka,1610612741,CHI,14,3,11,4.01,4.01,1597.64,0.3,0.15,0.15,4.13,4.48,3.99,2020-21
5,201143,Al Horford,1610612760,OKC,28,11,17,27.92,27.92,10105.0,1.91,1.06,0.85,3.89,4.2,3.57,2020-21
6,202329,Al-Farouq Aminu,1610612741,CHI,23,5,18,18.88,18.88,7510.74,1.42,0.79,0.64,4.34,4.76,3.91,2020-21
7,202692,Alec Burks,1610612752,NYK,49,27,22,25.6,25.6,9750.9,1.85,0.98,0.87,4.09,4.23,3.95,2020-21
8,1630197,Aleksej Pokusevski,1610612760,OKC,45,13,32,24.22,24.22,9638.78,1.83,1.01,0.81,4.36,4.87,3.86,2020-21
9,1629346,Alen Smailagic,1610612744,GSW,15,10,5,5.59,5.59,2271.2,0.43,0.23,0.2,4.32,4.38,4.12,2020-21
10,1627936,Alex Caruso,1610612747,LAL,58,32,26,20.97,20.97,8550.0,1.62,0.86,0.76,4.29,4.51,4.08,2020-21
11,203458,Alex Len,1610612764,WAS,64,30,34,15.29,15.29,6114.83,1.16,0.61,0.55,4.31,4.71,3.94,2020-21
12,1628035,Alfonzo McKinnie,1610612747,LAL,39,22,17,6.62,6.62,2735.82,0.52,0.27,0.25,4.45,4.51,4.39,2020-21
13,1628993,Alize Johnson,1610612751,BKN,18,10,8,10.48,10.48,4488.28,0.85,0.46,0.39,4.57,4.9,4.24,2020-21
14,1628578,Amida Brimah,1610612754,IND,5,2,3,5.86,5.86,2436.4,0.46,0.24,0.22,4.35,5.09,3.76,2020-21
15,1629599,Amir Coffey,1610612746,LAC,44,32,12,8.97,8.97,3418.89,0.65,0.35,0.3,4.01,4.13,3.88,2020-21
16,2760,Anderson Varejao,1610612739,CLE,5,1,4,7.19,7.19,2900.0,0.55,0.3,0.25,4.19,4.44,4.23,2020-21
17,203083,Andre Drummond,1610612747,LAL,46,19,27,26.99,26.99,9821.78,1.86,0.96,0.9,3.89,3.98,3.79,2020-21
18,2738,Andre Iguodala,1610612748,MIA,63,37,26,21.25,21.25,8312.4,1.57,0.83,0.74,4.13,4.41,3.85,2020-21
19,203460,Andre Roberson,1610612751,BKN,5,4,1,12.59,12.59,5244.2,0.99,0.52,0.47,4.53,4.89,4.19,2020-21
20,203952,Andrew Wiggins,1610612744,GSW,71,38,33,33.3,33.3,12883.86,2.44,1.28,1.16,4.17,4.56,3.81,2020-21
21,1629014,Anfernee Simons,1610612757,POR,64,37,27,17.26,17.26,6958.38,1.32,0.72,0.59,4.33,4.57,4.08,2020-21
22,203076,Anthony Davis,1610612747,LAL,36,23,13,32.27,32.27,11145.11,2.11,1.08,1.03,3.67,3.75,3.61,2020-21
23,1630162,Anthony Edwards,1610612750,MIN,72,23,49,32.14,32.14,12179.39,2.31,1.25,1.05,4.04,4.37,3.7,2020-21
24,1630264,Anthony Gill,1610612764,WAS,26,11,15,8.38,8.38,3430.65,0.65,0.35,0.3,4.39,4.94,3.88,2020-21
25,1630237,Anthony Lamb,1610612745,HOU,24,3,21,17.3,17.3,7096.71,1.34,0.73,0.61,4.39,4.79,3.99,2020-21
26,201229,Anthony Tolliver,1610612755,PHI,11,7,4,9.0,9.0,3553.82,0.67,0.36,0.31,4.14,4.51,3.77,2020-21
27,1628394,Anzejs Pasecniks,1610612764,WAS,1,1,0,6.32,6.32,2586.0,0.49,0.31,0.18,4.44,4.3,4.68,2020-21
28,1629717,Armoni Brooks,1610612745,HOU,20,3,17,26.02,26.02,10223.9,1.94,1.06,0.88,4.2,4.64,3.76,2020-21
29,203382,Aron Baynes,1610612761,TOR,53,20,33,18.5,18.5,7013.98,1.33,0.69,0.64,4.05,4.23,3.87,2020-21
30,1630204,Ashton Hagans,1610612750,MIN,2,0,2,2.03,2.03,954.5,0.18,0.08,0.1,5.27,5.36,5.19,2020-21
31,203085,Austin Rivers,1610612743,DEN,36,20,16,23.47,23.47,8936.58,1.69,0.91,0.79,4.04,4.2,3.87,2020-21
32,202340,Avery Bradley,1610612745,HOU,27,6,21,22.29,22.29,8971.85,1.7,0.87,0.83,4.27,4.44,4.11,2020-21
33,1626253,Axel Toupane,1610612749,MIL,8,2,6,7.65,7.65,3396.0,0.64,0.32,0.32,4.55,5.2,4.18,2020-21
34,1628389,Bam Adebayo,1610612748,MIA,64,34,30,33.48,33.48,12582.88,2.38,1.24,1.14,4.0,4.23,3.78,2020-21
35,203463,Ben McLemore,1610612747,LAL,53,20,33,17.07,17.07,7054.64,1.34,0.7,0.63,4.47,4.68,4.25,2020-21
36,1627732,Ben Simmons,1610612755,PHI,58,42,16,32.37,32.37,12471.03,2.36,1.27,1.09,4.12,4.47,3.77,2020-21
37,202687,Bismack Biyombo,1610612766,CHA,66,28,38,20.44,20.44,7829.44,1.48,0.78,0.7,4.11,4.38,3.84,2020-21
38,201933,Blake Griffin,1610612751,BKN,46,24,22,25.8,25.8,8733.43,1.65,0.91,0.74,3.69,3.94,3.42,2020-21
39,1626246,Boban Marjanovic,1610612742,DAL,33,14,19,8.22,8.22,3070.61,0.58,0.3,0.28,3.98,4.15,3.81,2020-21
40,1626171,Bobby Portis,1610612749,MIL,66,44,22,20.79,20.79,8222.18,1.56,0.82,0.73,4.21,4.55,3.89,2020-21
41,203992,Bogdan Bogdanovic,1610612737,ATL,44,30,14,29.67,29.67,11851.8,2.24,1.25,0.99,4.27,4.66,3.86,2020-21
42,202711,Bojan Bogdanovic,1610612762,UTA,72,52,20,30.77,30.77,11941.44,2.26,1.23,1.03,4.17,4.52,3.82,2020-21
43,1629626,Bol Bol,1610612743,DEN,32,21,11,4.99,4.99,1945.19,0.37,0.2,0.17,4.29,4.33,4.23,2020-21
44,202954,Brad Wanamaker,1610612766,CHA,61,29,32,17.27,17.27,6700.79,1.27,0.69,0.58,4.17,4.61,3.75,2020-21
45,203078,Bradley Beal,1610612764,WAS,60,32,28,35.78,35.78,13816.72,2.62,1.39,1.23,4.18,4.59,3.8,2020-21
46,1629634,Brandon Clarke,1610612763,MEM,59,32,27,23.98,23.98,9669.97,1.83,0.97,0.86,4.37,4.7,4.05,2020-21
47,1629164,Brandon Goodwin,1610612737,ATL,47,25,22,13.18,13.18,5252.09,0.99,0.54,0.45,4.28,4.52,4.03,2020-21
48,1627742,Brandon Ingram,1610612740,NOP,61,29,32,34.3,34.3,13368.98,2.53,1.41,1.12,4.16,4.65,3.68,2020-21
49,1628968,Brian Bowen II,1610612754,IND,6,1,5,2.48,2.48,1115.0,0.21,0.11,0.1,4.66,5.69,3.85,2020-21
50,1630271,Brodric Thomas,1610612739,CLE,32,6,26,12.48,12.48,4990.97,0.95,0.51,0.44,4.23,4.37,4.11,2020-21
51,201572,Brook Lopez,1610612749,MIL,70,46,24,27.17,27.17,10045.7,1.9,1.0,0.91,3.96,4.33,3.62,2020-21
52,1628971,Bruce Brown,1610612751,BKN,65,45,20,22.32,22.32,8977.06,1.7,0.88,0.82,4.3,4.62,4.0,2020-21
53,203998,Bruno Caboclo,1610612745,HOU,6,1,5,6.07,6.07,2511.5,0.48,0.25,0.22,4.36,4.83,3.66,2020-21
54,1628981,Bruno Fernando,1610612737,ATL,33,20,13,6.85,6.85,2683.3,0.51,0.28,0.23,4.15,4.37,3.92,2020-21
55,1627854,Bryn Forbes,1610612749,MIL,70,45,25,19.35,19.35,7885.34,1.49,0.8,0.69,4.34,4.82,3.88,2020-21
56,1627741,Buddy Hield,1610612758,SAC,71,31,40,34.26,34.26,13552.51,2.57,1.37,1.2,4.27,4.58,3.97,2020-21
57,1629604,CJ Elleby,1610612757,POR,30,19,11,6.41,6.41,2658.87,0.5,0.28,0.23,4.38,4.66,4.08,2020-21
58,203468,CJ McCollum,1610612757,POR,47,28,19,34.04,34.04,13541.53,2.56,1.44,1.13,4.26,4.72,3.8,2020-21
59,1628997,Caleb Martin,1610612766,CHA,53,23,30,15.44,15.44,6648.13,1.26,0.66,0.6,4.57,4.99,4.18,2020-21
60,1629629,Cam Reddish,1610612737,ATL,26,10,16,28.86,28.86,11792.04,2.23,1.17,1.06,4.35,4.59,4.09,2020-21
61,1629661,Cameron Johnson,1610612756,PHX,60,43,17,23.96,23.96,9737.8,1.84,1.02,0.83,4.39,4.8,3.95,2020-21
62,1628419,Cameron Oliver,1610612745,HOU,4,1,3,21.85,21.85,8353.75,1.58,0.85,0.73,4.07,4.5,3.66,2020-21
63,1626166,Cameron Payne,1610612756,PHX,60,42,18,17.99,17.99,7156.9,1.36,0.74,0.61,4.28,4.66,3.89,2020-21
64,1629244,Cameron Reynolds,1610612745,HOU,5,3,2,8.1,8.1,3373.0,0.64,0.35,0.29,4.39,4.87,3.88,2020-21
65,1627747,Caris LeVert,1610612754,IND,47,24,23,31.6,31.6,12410.64,2.35,1.28,1.07,4.19,4.75,3.67,2020-21
66,2546,Carmelo Anthony,1610612757,POR,69,39,30,24.49,24.49,8195.71,1.55,0.84,0.71,3.61,3.75,3.46,2020-21
67,1629035,Carsen Edwards,1610612738,BOS,31,14,17,8.89,8.89,3525.97,0.67,0.35,0.32,4.2,4.45,3.96,2020-21
68,1630199,Cassius Stanley,1610612754,IND,24,10,14,3.89,3.89,1683.46,0.32,0.17,0.15,4.5,5.09,3.95,2020-21
69,1630216,Cassius Winston,1610612764,WAS,22,10,12,4.46,4.46,1777.55,0.34,0.19,0.15,4.34,4.89,3.81,2020-21
70,1626224,Cedi Osman,1610612739,CLE,59,17,42,25.6,25.6,10085.53,1.91,1.05,0.86,4.2,4.5,3.88,2020-21
71,1628990,Chandler Hutchison,1610612764,WAS,25,11,14,13.83,13.83,5865.52,1.11,0.59,0.52,4.48,4.86,4.11,2020-21
72,1629718,Charlie Brown Jr.,1610612760,OKC,9,1,8,16.87,16.87,6482.56,1.23,0.66,0.57,4.71,5.15,4.29,2020-21
73,1626184,Chasson Randle,1610612753,ORL,41,10,31,20.42,20.42,8266.44,1.57,0.88,0.68,4.34,4.77,3.89,2020-21
74,1629002,Chimezie Metu,1610612758,SAC,36,14,22,13.56,13.56,5324.58,1.01,0.54,0.47,4.18,4.48,3.88,2020-21
75,1628449,Chris Boucher,1610612761,TOR,60,25,35,24.21,24.21,9764.43,1.85,0.97,0.88,4.26,4.55,3.96,2020-21
76,1629185,Chris Chiozza,1610612751,BKN,22,12,10,10.56,10.56,4138.86,0.78,0.42,0.37,4.16,4.63,3.78,2020-21
77,101108,Chris Paul,1610612756,PHX,70,49,21,31.42,31.42,10861.4,2.06,1.15,0.91,3.73,4.19,3.27,2020-21
78,1629735,Chris Silva,1610612758,SAC,15,8,7,6.16,6.16,2624.4,0.5,0.26,0.24,4.52,4.72,4.32,2020-21
79,1626174,Christian Wood,1610612745,HOU,41,12,29,32.34,32.34,11856.46,2.25,1.19,1.05,3.94,4.16,3.7,2020-21
80,1629643,Chuma Okeke,1610612753,ORL,45,15,30,25.17,25.17,10167.69,1.93,1.04,0.88,4.31,4.6,4.01,2020-21
81,203991,Clint Capela,1610612737,ATL,63,34,29,30.13,30.13,11490.57,2.18,1.16,1.02,4.09,4.33,3.85,2020-21
82,1629632,Coby White,1610612741,CHI,69,30,39,31.24,31.24,12394.96,2.35,1.28,1.07,4.23,4.57,3.89,2020-21
83,1628998,Cody Martin,1610612766,CHA,52,26,26,16.33,16.33,6961.06,1.32,0.69,0.63,4.55,4.83,4.28,2020-21
84,203469,Cody Zeller,1610612766,CHA,48,21,27,20.94,20.94,8505.9,1.61,0.88,0.73,4.33,4.77,3.9,2020-21
85,1630175,Cole Anthony,1610612753,ORL,47,13,34,27.08,27.08,11390.23,2.16,1.21,0.95,4.5,4.93,4.05,2020-21
86,1629012,Collin Sexton,1610612739,CLE,60,18,42,35.25,35.25,13572.2,2.57,1.45,1.12,4.1,4.51,3.67,2020-21
87,202709,Cory Joseph,1610612765,DET,63,25,38,22.95,22.95,9368.38,1.77,0.95,0.83,4.42,4.73,4.11,2020-21
88,1626245,Cristiano Felicio,1610612741,CHI,18,6,12,4.64,4.64,1821.11,0.34,0.18,0.16,4.11,4.35,3.86,2020-21
89,1626156,D'Angelo Russell,1610612750,MIN,42,16,26,28.48,28.48,10790.98,2.04,1.13,0.92,4.02,4.48,3.58,2020-21
90,201571,D.J. Augustin,1610612745,HOU,57,28,29,19.8,19.8,7631.47,1.45,0.81,0.64,4.11,4.55,3.66,2020-21
91,1628391,D.J. Wilson,1610612745,HOU,35,13,22,12.36,12.36,5011.11,0.95,0.5,0.45,4.31,4.59,4.04,2020-21
92,1629610,DaQuan Jeffries,1610612759,SAS,31,6,25,15.9,15.9,6301.06,1.19,0.62,0.57,4.28,4.7,3.9,2020-21
93,1629751,Dakota Mathias,1610612755,PHI,8,4,4,15.43,15.43,6411.38,1.21,0.69,0.52,4.44,4.88,3.97,2020-21
94,1627745,Damian Jones,1610612758,SAC,39,24,15,13.99,13.99,5467.46,1.04,0.54,0.49,4.21,4.35,4.06,2020-21
95,203081,Damian Lillard,1610612757,POR,67,39,28,35.79,35.79,12992.39,2.46,1.4,1.06,3.94,4.34,3.51,2020-21
96,1627814,Damion Lee,1610612744,GSW,57,28,29,18.93,18.93,8111.96,1.54,0.83,0.7,4.58,5.09,4.1,2020-21
97,1628422,Damyean Dotson,1610612739,CLE,46,14,32,19.72,19.72,7539.65,1.43,0.78,0.64,4.17,4.44,3.88,2020-21
98,1629655,Daniel Gafford,1610612764,WAS,54,31,23,14.66,14.66,5974.13,1.13,0.59,0.54,4.33,4.68,4.0,2020-21
99,1630187,Daniel Oturu,1610612746,LAC,30,21,9,5.36,5.36,1737.07,0.33,0.18,0.15,4.0,4.07,3.92,2020-21
100,1628464,Daniel Theis,1610612741,CHI,65,28,37,24.63,24.63,9502.71,1.8,0.97,0.83,4.13,4.39,3.85,2020-21
101,201568,Danilo Gallinari,1610612737,ATL,51,29,22,23.96,23.96,8745.27,1.66,0.93,0.73,3.87,4.21,3.52,2020-21
102,201980,Danny Green,1610612755,PHI,69,46,23,28.03,28.03,11756.09,2.23,1.16,1.07,4.49,4.67,4.32,2020-21
103,203957,Dante Exum,1610612745,HOU,6,3,3,19.36,19.36,6972.67,1.32,0.72,0.6,4.44,4.63,4.24,2020-21
104,1627863,Danuel House Jr.,1610612745,HOU,36,8,28,25.9,25.9,10479.72,1.98,1.07,0.91,4.32,4.62,4.0,2020-21
105,203967,Dario Saric,1610612756,PHX,50,37,13,17.41,17.41,6722.9,1.27,0.69,0.59,4.11,4.41,3.8,2020-21
106,1629647,Darius Bazley,1610612760,OKC,55,16,39,31.17,31.17,12494.13,2.37,1.31,1.05,4.3,4.69,3.9,2020-21
107,1629636,Darius Garland,1610612739,CLE,54,18,36,33.15,33.15,13659.37,2.59,1.43,1.15,4.39,4.77,3.99,2020-21
108,203121,Darius Miller,1610612760,OKC,18,5,13,10.93,10.93,4039.11,0.76,0.4,0.36,3.93,4.24,3.59,2020-21
109,1628021,David Nwaba,1610612745,HOU,30,8,22,22.62,22.62,8950.2,1.7,0.87,0.82,4.33,4.56,4.1,2020-21
110,202722,Davis Bertans,1610612764,WAS,57,29,28,25.68,25.68,10062.61,1.91,1.04,0.86,4.21,4.82,3.66,2020-21
111,1628368,De'Aaron Fox,1610612758,SAC,58,24,34,35.11,35.11,13510.69,2.56,1.38,1.17,4.16,4.57,3.75,2020-21
112,1629631,De'Andre Hunter,1610612737,ATL,23,12,11,29.47,29.47,11469.43,2.17,1.18,0.99,4.16,4.51,3.78,2020-21
113,1629001,De'Anthony Melton,1610612763,MEM,52,27,25,20.1,20.1,8049.02,1.52,0.81,0.72,4.3,4.65,3.98,2020-21
114,201599,DeAndre Jordan,1610612751,BKN,57,37,20,21.86,21.86,7454.18,1.41,0.76,0.66,3.69,4.01,3.37,2020-21
115,1627761,DeAndre' Bembry,1610612761,TOR,51,23,28,19.06,19.06,7693.96,1.46,0.78,0.67,4.26,4.59,3.94,2020-21
116,201942,DeMar DeRozan,1610612759,SAS,61,27,34,33.71,33.71,12561.46,2.38,1.31,1.07,4.05,4.41,3.69,2020-21
117,202326,DeMarcus Cousins,1610612746,LAC,41,22,19,17.39,17.39,5794.32,1.1,0.58,0.52,3.69,3.77,3.6,2020-21
118,1629731,Dean Wade,1610612739,CLE,63,19,44,19.24,19.24,7711.87,1.46,0.8,0.66,4.29,4.56,3.99,2020-21
119,1629028,Deandre Ayton,1610612756,PHX,69,48,21,30.65,30.65,11121.86,2.11,1.13,0.98,3.93,4.21,3.65,2020-21
120,1629686,Deividas Sirvydis,1610612765,DET,20,8,12,6.65,6.65,2807.3,0.53,0.3,0.23,4.44,4.71,4.14,2020-21
121,1627749,Dejounte Murray,1610612759,SAS,67,32,35,31.93,31.93,12833.1,2.43,1.31,1.12,4.38,4.7,4.05,2020-21
122,1626153,Delon Wright,1610612758,SAC,63,21,42,27.74,27.74,11285.51,2.14,1.18,0.96,4.38,4.65,4.09,2020-21
123,1630166,Deni Avdija,1610612764,WAS,54,25,29,23.27,23.27,9343.5,1.77,0.93,0.84,4.38,4.69,4.08,2020-21
124,203471,Dennis Schroder,1610612747,LAL,61,38,23,32.07,32.07,12996.54,2.46,1.32,1.14,4.31,4.58,4.02,2020-21
125,1628372,Dennis Smith Jr.,1610612765,DET,23,7,16,18.26,18.26,7200.13,1.36,0.72,0.64,4.2,4.39,4.02,2020-21
126,1627756,Denzel Valentine,1610612741,CHI,62,26,36,16.71,16.71,6720.87,1.27,0.69,0.59,4.28,4.57,3.99,2020-21
127,202324,Derrick Favors,1610612762,UTA,68,49,19,15.28,15.28,5971.19,1.13,0.6,0.53,4.21,4.41,4.0,2020-21
128,1627884,Derrick Jones Jr.,1610612757,POR,58,32,26,22.72,22.72,8981.43,1.7,0.91,0.79,4.34,4.55,4.12,2020-21
129,201565,Derrick Rose,1610612752,NYK,50,28,22,25.58,25.58,9922.3,1.88,1.03,0.85,4.16,4.47,3.83,2020-21
130,1628401,Derrick White,1610612759,SAS,36,18,18,29.54,29.54,11315.17,2.14,1.16,0.99,4.19,4.57,3.83,2020-21
131,1630217,Desmond Bane,1610612763,MEM,68,36,32,22.34,22.34,9013.12,1.71,0.92,0.79,4.37,4.71,4.03,2020-21
132,1626164,Devin Booker,1610612756,PHX,67,48,19,33.88,33.88,13016.67,2.47,1.38,1.08,4.14,4.64,3.63,2020-21
133,1629962,Devin Cannady,1610612753,ORL,8,0,8,9.29,9.29,4024.75,0.76,0.41,0.35,4.57,4.97,4.17,2020-21
134,1630170,Devin Vassell,1610612759,SAS,62,30,32,17.03,17.03,7313.42,1.39,0.74,0.65,4.55,4.83,4.26,2020-21
135,1629653,Devon Dotson,1610612741,CHI,11,4,7,4.56,4.56,1954.0,0.37,0.2,0.17,4.45,4.7,4.19,2020-21
136,1629719,Devontae Cacok,1610612747,LAL,20,8,12,4.88,4.88,1962.85,0.37,0.19,0.18,4.26,4.35,4.17,2020-21
137,1628984,Devonte' Graham,1610612766,CHA,55,23,32,30.16,30.16,11728.18,2.22,1.23,0.99,4.14,4.58,3.7,2020-21
138,203473,Dewayne Dedmon,1610612748,MIA,16,11,5,13.15,13.15,5127.06,0.97,0.52,0.46,4.14,4.31,3.96,2020-21
139,1629712,Didi Louzada,1610612740,NOP,3,0,3,18.78,18.78,8149.67,1.54,0.82,0.73,4.59,5.2,4.07,2020-21
140,1628415,Dillon Brooks,1610612763,MEM,67,36,31,29.8,29.8,11536.6,2.18,1.09,1.1,4.19,4.29,4.1,2020-21
141,1627734,Domantas Sabonis,1610612754,IND,62,29,33,35.99,35.99,14235.56,2.7,1.43,1.26,4.21,4.58,3.85,2020-21
142,1628378,Donovan Mitchell,1610612762,UTA,53,39,14,33.42,33.42,12363.77,2.34,1.31,1.04,3.97,4.46,3.49,2020-21
143,1629743,Donta Hall,1610612753,ORL,13,3,10,13.79,13.79,5765.92,1.09,0.58,0.52,4.43,4.7,4.16,2020-21
144,1628978,Donte DiVincenzo,1610612749,MIL,66,44,22,27.49,27.49,11405.33,2.16,1.14,1.02,4.44,4.93,3.99,2020-21
145,1627827,Dorian Finney-Smith,1610612742,DAL,60,36,24,32.01,32.01,12456.53,2.36,1.26,1.1,4.23,4.39,4.04,2020-21
146,203926,Doug McDermott,1610612754,IND,66,32,34,24.53,24.53,10860.18,2.06,1.13,0.92,4.7,5.33,4.11,2020-21
147,203110,Draymond Green,1610612744,GSW,63,35,28,31.46,31.46,11068.63,2.1,1.1,0.99,3.77,4.19,3.39,2020-21
148,1629234,Drew Eubanks,1610612759,SAS,54,21,33,13.99,13.99,5715.28,1.08,0.58,0.5,4.35,4.62,4.07,2020-21
149,1629130,Duncan Robinson,1610612748,MIA,72,40,32,31.41,31.41,12622.43,2.39,1.33,1.06,4.29,4.81,3.79,2020-21
150,1628407,Dwayne Bacon,1610612753,ORL,72,21,51,25.73,25.73,9796.25,1.86,1.0,0.85,4.09,4.31,3.85,2020-21
151,2730,Dwight Howard,1610612755,PHI,69,46,23,17.33,17.33,6472.59,1.23,0.67,0.56,3.97,4.21,3.71,2020-21
152,203939,Dwight Powell,1610612742,DAL,58,36,22,16.65,16.65,6637.41,1.26,0.68,0.57,4.22,4.5,3.93,2020-21
153,1629685,Dylan Windler,1610612739,CLE,31,11,20,16.54,16.54,7135.71,1.35,0.73,0.62,4.58,4.92,4.22,2020-21
154,202734,E'Twaun Moore,1610612756,PHX,27,20,7,14.4,14.4,6011.59,1.14,0.62,0.52,4.43,4.82,4.04,2020-21
155,202334,Ed Davis,1610612750,MIN,23,5,18,13.0,13.0,5126.26,0.97,0.54,0.43,4.19,4.5,3.9,2020-21
156,1628410,Edmond Sumner,1610612754,IND,53,23,30,16.25,16.25,6945.13,1.32,0.69,0.62,4.54,5.01,4.1,2020-21
157,203901,Elfrid Payton,1610612752,NYK,63,36,27,23.56,23.56,9309.63,1.76,0.95,0.81,4.31,4.54,4.06,2020-21
158,1629091,Elijah Bryant,1610612749,MIL,1,0,1,31.57,31.57,12494.0,2.37,1.23,1.13,4.25,4.67,3.57,2020-21
159,1630190,Elijah Hughes,1610612762,UTA,18,14,4,3.54,3.54,1403.56,0.27,0.15,0.12,4.15,4.38,3.91,2020-21
160,202683,Enes Kanter,1610612757,POR,72,42,30,24.41,24.41,8919.85,1.69,0.9,0.79,4.01,4.1,3.91,2020-21
161,202339,Eric Bledsoe,1610612740,NOP,71,31,40,29.74,29.74,11401.61,2.16,1.17,0.99,4.1,4.47,3.73,2020-21
162,201569,Eric Gordon,1610612745,HOU,27,10,17,29.21,29.21,9756.85,1.85,1.0,0.85,3.68,4.02,3.35,2020-21
163,1629672,Eric Paschall,1610612744,GSW,40,20,20,17.38,17.38,6884.58,1.3,0.69,0.62,4.3,4.71,3.92,2020-21
164,101141,Ersan Ilyasova,1610612762,UTA,17,14,3,8.68,8.68,3379.59,0.64,0.35,0.29,4.2,4.47,3.91,2020-21
165,203095,Evan Fournier,1610612738,BOS,42,18,24,29.98,29.98,11990.0,2.27,1.23,1.04,4.29,4.67,3.91,2020-21
166,1630267,Facundo Campazzo,1610612743,DEN,65,43,22,21.92,21.92,9022.34,1.71,0.93,0.78,4.39,4.68,4.09,2020-21
167,1628402,Frank Jackson,1610612765,DET,40,13,27,18.46,18.46,7531.5,1.43,0.77,0.65,4.32,4.63,4.0,2020-21
168,1626163,Frank Kaminsky,1610612756,PHX,47,33,14,15.21,15.21,5917.0,1.12,0.62,0.5,4.21,4.62,3.8,2020-21
169,1628412,Frank Mason,1610612753,ORL,4,1,3,19.82,19.82,7653.0,1.45,0.8,0.65,4.13,4.55,3.71,2020-21
170,1628373,Frank Ntilikina,1610612752,NYK,33,23,10,9.76,9.76,3861.45,0.73,0.38,0.35,4.19,4.41,4.02,2020-21
171,1627832,Fred VanVleet,1610612761,TOR,52,22,30,36.51,36.51,14597.17,2.76,1.53,1.23,4.24,4.77,3.71,2020-21
172,1630273,Freddie Gillespie,1610612761,TOR,20,7,13,19.59,19.59,8299.95,1.57,0.84,0.73,4.48,4.72,4.22,2020-21
173,1627788,Furkan Korkmaz,1610612755,PHI,55,39,16,19.3,19.3,7964.31,1.51,0.83,0.68,4.39,4.77,3.99,2020-21
174,1629216,Gabe Vincent,1610612748,MIA,50,27,23,13.1,13.1,5318.08,1.01,0.52,0.48,4.33,4.65,4.01,2020-21
175,1630466,Gabriel Deck,1610612760,OKC,10,1,9,21.16,21.16,7968.8,1.51,0.81,0.7,4.2,4.57,3.84,2020-21
176,202066,Garrett Temple,1610612741,CHI,56,25,31,27.29,27.29,10836.46,2.05,1.09,0.96,4.23,4.48,3.97,2020-21
177,1629726,Garrison Mathews,1610612764,WAS,64,32,32,16.22,16.22,6559.88,1.24,0.63,0.61,4.36,4.57,4.17,2020-21
178,1629109,Gary Clark,1610612755,PHI,39,12,27,16.76,16.76,6762.33,1.28,0.7,0.58,4.29,4.54,4.04,2020-21
179,203914,Gary Harris,1610612753,ORL,39,15,24,27.7,27.7,10843.33,2.05,1.07,0.98,4.26,4.36,4.15,2020-21
180,1627780,Gary Payton II,1610612744,GSW,10,7,3,4.04,4.04,1869.5,0.35,0.17,0.18,4.88,5.11,4.69,2020-21
181,1629018,Gary Trent Jr.,1610612761,TOR,58,29,29,31.07,31.07,11468.24,2.17,1.14,1.04,4.02,4.11,3.92,2020-21
182,201588,George Hill,1610612755,PHI,30,16,14,22.39,22.39,8726.4,1.65,0.91,0.75,4.16,4.46,3.85,2020-21
183,1627777,Georges Niang,1610612762,UTA,72,52,20,16.03,16.03,6549.18,1.24,0.68,0.56,4.37,4.84,3.9,2020-21
184,203507,Giannis Antetokounmpo,1610612749,MIL,61,40,21,33.0,33.0,12453.67,2.36,1.27,1.08,4.04,4.6,3.53,2020-21
185,203922,Glenn Robinson III,1610612758,SAC,23,9,14,16.06,16.06,6950.65,1.32,0.7,0.62,4.58,4.91,4.26,2020-21
186,1629048,Goga Bitadze,1610612754,IND,45,19,26,12.47,12.47,4979.18,0.94,0.49,0.45,4.21,4.55,3.92,2020-21
187,201609,Goran Dragic,1610612748,MIA,50,30,20,26.73,26.73,10683.5,2.02,1.13,0.89,4.25,4.76,3.74,2020-21
188,202330,Gordon Hayward,1610612766,CHA,44,24,20,34.0,34.0,13938.16,2.64,1.46,1.18,4.39,4.91,3.88,2020-21
189,203476,Gorgui Dieng,1610612759,SAS,38,14,24,14.55,14.55,5611.29,1.06,0.58,0.49,4.09,4.32,3.85,2020-21
190,1630203,Grant Riller,1610612766,CHA,7,2,5,3.89,3.89,1545.14,0.29,0.16,0.13,4.02,4.48,3.57,2020-21
191,1629684,Grant Williams,1610612738,BOS,63,30,33,18.06,18.06,7154.52,1.36,0.71,0.64,4.2,4.46,3.94,2020-21
192,1628960,Grayson Allen,1610612763,MEM,50,26,24,25.19,25.19,10326.86,1.96,1.05,0.91,4.38,4.7,4.04,2020-21
193,204222,Greg Whittington,1610612743,DEN,4,3,1,3.0,3.0,1271.75,0.24,0.15,0.1,4.56,5.13,3.91,2020-21
194,1628977,Hamidou Diallo,1610612765,DET,52,18,34,23.58,23.58,9578.75,1.81,0.98,0.84,4.31,4.63,4.0,2020-21
195,203084,Harrison Barnes,1610612758,SAC,58,25,33,36.25,36.25,14593.81,2.76,1.51,1.26,4.35,4.8,3.91,2020-21
196,1628385,Harry Giles III,1610612757,POR,38,23,15,9.15,9.15,3617.26,0.69,0.36,0.32,4.2,4.36,4.04,2020-21
197,202355,Hassan Whiteside,1610612758,SAC,36,16,20,15.16,15.16,5679.64,1.08,0.57,0.51,3.96,4.16,3.76,2020-21
198,1627740,Henry Ellenson,1610612761,TOR,2,0,2,19.18,19.18,8101.5,1.53,0.81,0.73,4.52,4.6,4.44,2020-21
199,1629649,Ignas Brazdeikis,1610612753,ORL,13,3,10,19.14,19.14,7697.46,1.46,0.82,0.64,4.46,4.94,3.93,2020-21
200,202697,Iman Shumpert,1610612751,BKN,2,1,1,5.49,5.49,2187.5,0.41,0.22,0.2,4.12,4.06,4.18,2020-21
201,1630193,Immanuel Quickley,1610612752,NYK,64,37,27,19.43,19.43,7943.58,1.5,0.83,0.68,4.35,4.66,4.03,2020-21
202,1629067,Isaac Bonga,1610612764,WAS,40,16,24,10.8,10.8,4386.58,0.83,0.42,0.41,4.33,4.55,4.12,2020-21
203,1630171,Isaac Okoro,1610612739,CLE,67,20,47,32.44,32.44,12762.46,2.42,1.27,1.15,4.21,4.32,4.1,2020-21
204,1628392,Isaiah Hartenstein,1610612739,CLE,46,20,26,12.15,12.15,4943.5,0.94,0.5,0.44,4.31,4.56,4.02,2020-21
205,1630198,Isaiah Joe,1610612755,PHI,41,22,19,9.34,9.34,3941.76,0.75,0.4,0.34,4.45,4.76,4.13,2020-21
206,1629676,Isaiah Roby,1610612760,OKC,61,19,42,23.37,23.37,9541.36,1.81,1.01,0.8,4.38,4.85,3.89,2020-21
207,1630191,Isaiah Stewart,1610612765,DET,68,20,48,21.39,21.39,8579.38,1.62,0.86,0.77,4.3,4.53,4.07,2020-21
208,202738,Isaiah Thomas,1610612740,NOP,3,1,2,16.09,16.09,5997.0,1.14,0.62,0.52,3.93,4.74,3.24,2020-21
209,202397,Ish Smith,1610612764,WAS,44,23,21,20.99,20.99,8788.14,1.66,0.9,0.77,4.44,4.97,3.95,2020-21
210,1627826,Ivica Zubac,1610612746,LAC,72,47,25,22.34,22.34,8747.01,1.66,0.9,0.75,4.17,4.46,3.87,2020-21
211,200755,JJ Redick,1610612742,DAL,44,22,22,16.44,16.44,6980.18,1.32,0.73,0.59,4.49,4.97,4.0,2020-21
212,1629630,Ja Morant,1610612763,MEM,63,33,30,32.59,32.59,12621.08,2.39,1.3,1.1,4.18,4.6,3.77,2020-21
213,203960,JaKarr Sampson,1610612754,IND,29,14,15,10.91,10.91,4583.34,0.87,0.45,0.42,4.43,4.82,4.08,2020-21
214,203210,JaMychal Green,1610612743,DEN,58,38,20,19.31,19.31,7413.07,1.4,0.76,0.64,4.1,4.33,3.86,2020-21
215,201580,JaVale McGee,1610612743,DEN,46,21,25,14.75,14.75,5565.57,1.05,0.57,0.48,4.0,4.22,3.78,2020-21
216,203953,Jabari Parker,1610612738,BOS,13,4,9,12.73,12.73,5235.77,0.99,0.55,0.44,4.36,4.78,3.93,2020-21
217,1630183,Jaden McDaniels,1610612750,MIN,63,18,45,23.98,23.98,10196.0,1.93,1.04,0.89,4.52,4.88,4.16,2020-21
218,203109,Jae Crowder,1610612756,PHX,60,42,18,27.47,27.47,10670.82,2.02,1.12,0.9,4.17,4.64,3.71,2020-21
219,1630256,Jae'Sean Tate,1610612745,HOU,70,17,53,29.18,29.18,11203.93,2.12,1.14,0.99,4.17,4.49,3.85,2020-21
220,1626143,Jahlil Okafor,1610612765,DET,27,5,22,12.86,12.86,4988.11,0.94,0.5,0.44,4.13,4.25,4.0,2020-21
221,1630186,Jahmi'us Ramsey,1610612758,SAC,13,5,8,7.27,7.27,2931.08,0.56,0.3,0.26,4.4,4.77,4.16,2020-21
222,1627774,Jake Layman,1610612750,MIN,45,12,33,13.94,13.94,5828.13,1.1,0.61,0.49,4.46,4.98,3.94,2020-21
223,1627751,Jakob Poeltl,1610612759,SAS,69,32,37,26.74,26.74,10761.75,2.04,1.09,0.95,4.39,4.67,4.1,2020-21
224,1628973,Jalen Brunson,1610612742,DAL,68,40,28,24.96,24.96,9994.68,1.89,1.05,0.85,4.29,4.61,3.96,2020-21
225,1630223,Jalen Harris,1610612761,TOR,13,3,10,13.24,13.24,5658.92,1.07,0.6,0.47,4.49,5.07,3.92,2020-21
226,1629665,Jalen Lecque,1610612754,IND,4,2,2,3.03,3.03,1320.25,0.25,0.15,0.1,4.29,4.81,3.71,2020-21
227,1629667,Jalen McDaniels,1610612766,CHA,47,18,29,19.23,19.23,8105.3,1.54,0.84,0.69,4.5,4.99,4.02,2020-21
228,1630188,Jalen Smith,1610612756,PHX,27,19,8,5.77,5.77,2415.89,0.46,0.25,0.21,4.46,4.81,4.03,2020-21
229,1627750,Jamal Murray,1610612743,DEN,48,31,17,35.49,35.49,13897.42,2.63,1.44,1.19,4.22,4.56,3.88,2020-21
230,203516,James Ennis III,1610612753,ORL,41,12,29,24.06,24.06,10070.0,1.91,1.03,0.88,4.46,4.74,4.18,2020-21
231,201935,James Harden,1610612751,BKN,44,31,13,36.56,36.56,12426.36,2.35,1.31,1.04,3.63,4.06,3.2,2020-21
232,201949,James Johnson,1610612740,NOP,51,21,30,20.45,20.45,7973.45,1.51,0.81,0.7,4.16,4.52,3.81,2020-21
233,203263,James Nunnally,1610612740,NOP,9,3,6,5.31,5.31,1836.33,0.35,0.18,0.16,4.15,4.25,4.05,2020-21
234,1630164,James Wiseman,1610612744,GSW,39,18,21,21.43,21.43,8697.18,1.65,0.86,0.79,4.42,4.79,4.1,2020-21
235,201162,Jared Dudley,1610612747,LAL,12,7,5,6.72,6.72,2393.75,0.45,0.25,0.2,3.99,4.25,3.71,2020-21
236,1629607,Jared Harper,1610612752,NYK,8,5,3,2.03,2.03,808.13,0.15,0.07,0.08,4.58,5.32,4.01,2020-21
237,1628991,Jaren Jackson Jr.,1610612763,MEM,11,4,7,23.49,23.49,9294.36,1.76,0.91,0.85,4.19,4.6,3.82,2020-21
238,1629020,Jarred Vanderbilt,1610612750,MIN,64,18,46,17.8,17.8,7607.16,1.44,0.77,0.67,4.53,4.9,4.17,2020-21
239,1629714,Jarrell Brantley,1610612762,UTA,28,23,5,4.94,4.94,1991.75,0.38,0.21,0.17,4.27,4.59,3.94,2020-21
240,1628386,Jarrett Allen,1610612739,CLE,63,20,43,29.58,29.58,11029.59,2.09,1.13,0.95,3.98,4.25,3.7,2020-21
241,1629633,Jarrett Culver,1610612750,MIN,34,7,27,14.68,14.68,5994.68,1.14,0.6,0.54,4.35,4.65,4.06,2020-21
242,1629750,Javonte Green,1610612741,CHI,41,19,22,11.55,11.55,4779.61,0.91,0.47,0.43,4.35,4.5,4.19,2020-21
243,1629637,Jaxson Hayes,1610612740,NOP,60,24,36,16.06,16.06,6331.2,1.2,0.63,0.57,4.17,4.43,3.92,2020-21
244,1630206,Jay Scrubb,1610612746,LAC,4,2,2,21.05,21.05,5986.5,1.13,0.59,0.54,4.13,4.29,4.17,2020-21
245,1629121,Jaylen Adams,1610612749,MIL,7,5,2,2.59,2.59,1046.86,0.2,0.12,0.08,4.26,4.19,4.36,2020-21
246,1627759,Jaylen Brown,1610612738,BOS,58,30,28,34.46,34.46,13405.55,2.54,1.36,1.18,4.13,4.45,3.81,2020-21
247,1629658,Jaylen Hoard,1610612760,OKC,19,1,18,16.82,16.82,6837.95,1.3,0.7,0.6,4.58,5.01,4.16,2020-21
248,1629669,Jaylen Nowell,1610612750,MIN,42,10,32,18.07,18.07,7466.86,1.41,0.75,0.67,4.38,4.72,4.05,2020-21
249,1628369,Jayson Tatum,1610612738,BOS,64,34,30,35.78,35.78,13376.64,2.53,1.39,1.14,3.97,4.33,3.61,2020-21
250,201145,Jeff Green,1610612751,BKN,68,44,24,26.99,26.99,9678.59,1.83,0.95,0.88,3.81,4.05,3.59,2020-21
251,201952,Jeff Teague,1610612749,MIL,55,27,28,17.27,17.27,6287.33,1.19,0.64,0.55,3.89,4.17,3.61,2020-21
252,203924,Jerami Grant,1610612765,DET,54,15,39,33.88,33.88,12828.26,2.43,1.38,1.05,4.09,4.48,3.67,2020-21
253,1629725,Jeremiah Martin,1610612739,CLE,9,0,9,8.35,8.35,3612.89,0.68,0.37,0.32,4.64,4.73,4.39,2020-21
254,203087,Jeremy Lamb,1610612754,IND,36,16,20,21.26,21.26,8530.78,1.62,0.87,0.75,4.27,4.66,3.9,2020-21
255,1629010,Jerome Robinson,1610612764,WAS,17,5,12,17.94,17.94,7725.65,1.46,0.77,0.69,4.62,5.06,4.18,2020-21
256,1628975,Jevon Carter,1610612756,PHX,60,42,18,11.94,11.94,4883.55,0.92,0.48,0.45,4.4,4.55,4.26,2020-21
257,202710,Jimmy Butler,1610612748,MIA,52,33,19,33.55,33.55,13128.23,2.49,1.32,1.17,4.18,4.44,3.91,2020-21
258,203925,Joe Harris,1610612751,BKN,69,45,24,31.04,31.04,12403.65,2.35,1.31,1.04,4.28,4.82,3.75,2020-21
259,204060,Joe Ingles,1610612762,UTA,67,47,20,27.86,27.86,10875.1,2.06,1.14,0.92,4.16,4.58,3.74,2020-21
260,203954,Joel Embiid,1610612755,PHI,51,39,12,31.08,31.08,11006.29,2.08,1.1,0.98,3.79,4.01,3.57,2020-21
261,1628381,John Collins,1610612737,ATL,63,34,29,29.33,29.33,11627.84,2.2,1.18,1.02,4.24,4.54,3.93,2020-21
262,1629723,John Konchar,1610612763,MEM,43,23,20,13.37,13.37,5723.74,1.08,0.58,0.51,4.53,4.77,4.29,2020-21
263,202322,John Wall,1610612745,HOU,40,12,28,32.2,32.2,11197.65,2.12,1.14,0.98,3.72,4.01,3.43,2020-21
264,202685,Jonas Valanciunas,1610612763,MEM,62,32,30,28.31,28.31,10403.63,1.97,1.03,0.94,4.01,4.23,3.79,2020-21
265,1629007,Jontay Porter,1610612763,MEM,11,7,4,4.91,4.91,1805.73,0.34,0.19,0.16,4.02,4.21,3.62,2020-21
266,1628395,Jordan Bell,1610612744,GSW,6,3,3,13.65,13.65,5431.83,1.03,0.56,0.47,4.28,4.43,3.98,2020-21
267,1629648,Jordan Bone,1610612753,ORL,14,2,12,13.99,13.99,5557.5,1.05,0.58,0.47,4.22,4.54,3.89,2020-21
268,203903,Jordan Clarkson,1610612762,UTA,68,49,19,26.73,26.73,11052.65,2.09,1.16,0.93,4.43,4.89,3.96,2020-21
269,1629162,Jordan McLaughlin,1610612750,MIN,51,15,36,18.39,18.39,7842.73,1.49,0.81,0.67,4.56,5.04,4.08,2020-21
270,1629670,Jordan Nwora,1610612749,MIL,30,19,11,9.12,9.12,3725.47,0.71,0.37,0.33,4.3,4.72,3.88,2020-21
271,1629673,Jordan Poole,1610612744,GSW,51,28,23,19.37,19.37,7601.63,1.44,0.8,0.64,4.21,4.74,3.72,2020-21
272,1630182,Josh Green,1610612742,DAL,39,20,19,11.4,11.4,4937.85,0.94,0.5,0.44,4.61,4.86,4.35,2020-21
273,1630221,Josh Hall,1610612760,OKC,21,2,19,16.0,16.0,5977.0,1.13,0.61,0.52,4.34,4.73,3.96,2020-21
274,1628404,Josh Hart,1610612740,NOP,47,21,26,28.71,28.71,11674.19,2.21,1.18,1.03,4.31,4.63,3.99,2020-21
275,1628367,Josh Jackson,1610612765,DET,62,16,46,25.15,25.15,9950.35,1.88,1.02,0.87,4.27,4.55,3.97,2020-21
276,1629006,Josh Okogie,1610612750,MIN,59,21,38,20.28,20.28,8189.54,1.55,0.78,0.77,4.29,4.35,4.24,2020-21
277,1626196,Josh Richardson,1610612742,DAL,59,35,24,30.33,30.33,11953.98,2.26,1.22,1.04,4.28,4.52,4.03,2020-21
278,201950,Jrue Holiday,1610612749,MIL,59,41,18,32.32,32.32,12942.37,2.45,1.3,1.15,4.27,4.75,3.85,2020-21
279,1629308,Juan Toscano-Anderson,1610612744,GSW,53,28,25,20.9,20.9,8772.66,1.66,0.88,0.78,4.48,4.96,4.04,2020-21
280,1627823,Juancho Hernangomez,1610612750,MIN,52,19,33,17.31,17.31,7245.48,1.37,0.73,0.64,4.46,4.83,4.09,2020-21
281,203944,Julius Randle,1610612752,NYK,71,40,31,37.56,37.56,13982.9,2.65,1.48,1.17,3.99,4.34,3.61,2020-21
282,203200,Justin Holiday,1610612754,IND,72,34,38,30.32,30.32,12419.31,2.35,1.25,1.1,4.35,4.78,3.95,2020-21
283,1628382,Justin Jackson,1610612749,MIL,34,12,22,16.97,16.97,6708.94,1.27,0.69,0.58,4.22,4.55,3.89,2020-21
284,1629713,Justin James,1610612758,SAC,36,15,21,8.62,8.62,3601.72,0.68,0.35,0.33,4.44,4.6,4.25,2020-21
285,1628383,Justin Patton,1610612745,HOU,13,1,12,18.98,18.98,7405.46,1.4,0.74,0.67,4.17,4.44,3.94,2020-21
286,1629620,Justin Robinson,1610612760,OKC,9,0,9,9.75,9.75,4077.78,0.77,0.43,0.34,4.45,4.91,3.99,2020-21
287,1626159,Justise Winslow,1610612763,MEM,26,13,13,19.5,19.5,7591.77,1.44,0.75,0.69,4.31,4.63,4.01,2020-21
288,203994,Jusuf Nurkic,1610612757,POR,37,22,15,23.79,23.79,9030.89,1.71,0.91,0.8,4.08,4.34,3.81,2020-21
289,1629752,Juwan Morgan,1610612762,UTA,29,24,5,5.07,5.07,1988.93,0.38,0.21,0.17,4.17,4.45,3.86,2020-21
290,1629644,KZ Okpala,1610612748,MIA,37,22,15,12.08,12.08,4879.57,0.92,0.48,0.45,4.32,4.54,4.1,2020-21
291,1630211,Karim Mane,1610612753,ORL,10,2,8,8.83,8.83,3747.6,0.71,0.38,0.33,4.47,4.67,4.26,2020-21
292,1626157,Karl-Anthony Towns,1610612750,MIN,50,19,31,33.78,33.78,12254.84,2.32,1.23,1.09,3.86,4.11,3.61,2020-21
293,202695,Kawhi Leonard,1610612746,LAC,52,36,16,34.09,34.09,13135.58,2.49,1.37,1.12,4.12,4.41,3.8,2020-21
294,1628966,Keita Bates-Diop,1610612759,SAS,30,13,17,8.16,8.16,3246.53,0.61,0.33,0.29,4.31,4.56,4.05,2020-21
295,1629103,Kelan Martin,1610612754,IND,35,16,19,9.22,9.22,3761.14,0.71,0.37,0.35,4.27,4.79,3.83,2020-21
296,1629640,Keldon Johnson,1610612759,SAS,69,32,37,28.52,28.52,11303.52,2.14,1.16,0.98,4.29,4.57,4.0,2020-21
297,1629833,Keljin Blevins,1610612757,POR,17,11,6,4.41,4.41,1933.0,0.37,0.2,0.17,4.66,4.89,4.44,2020-21
298,203482,Kelly Olynyk,1610612745,HOU,70,26,44,28.53,28.53,11374.2,2.15,1.18,0.98,4.27,4.66,3.87,2020-21
299,1626162,Kelly Oubre Jr.,1610612744,GSW,55,27,28,30.68,30.68,12379.8,2.34,1.19,1.16,4.36,4.61,4.13,2020-21
300,202689,Kemba Walker,1610612738,BOS,43,22,21,31.85,31.85,12425.51,2.35,1.31,1.04,4.16,4.66,3.66,2020-21
301,1629134,Kendrick Nunn,1610612748,MIA,56,31,25,29.47,29.47,11434.32,2.17,1.19,0.98,4.16,4.58,3.74,2020-21
302,1629026,Kenrich Williams,1610612760,OKC,66,21,45,21.61,21.61,8905.61,1.69,0.9,0.79,4.39,4.67,4.1,2020-21
303,203145,Kent Bazemore,1610612744,GSW,67,35,32,19.9,19.9,8117.28,1.54,0.79,0.75,4.37,4.65,4.12,2020-21
304,203484,Kentavious Caldwell-Pope,1610612747,LAL,67,39,28,28.39,28.39,11053.76,2.09,1.08,1.01,4.15,4.24,4.05,2020-21
305,1630231,Kenyon Martin Jr.,1610612745,HOU,45,10,35,23.73,23.73,9157.6,1.73,0.91,0.83,4.11,4.33,3.9,2020-21
306,201142,Kevin Durant,1610612751,BKN,35,23,12,33.05,33.05,12063.31,2.28,1.23,1.05,3.91,4.37,3.48,2020-21
307,1628989,Kevin Huerter,1610612737,ATL,69,40,29,30.81,30.81,12128.55,2.3,1.23,1.06,4.2,4.47,3.92,2020-21
308,1628995,Kevin Knox II,1610612752,NYK,42,26,16,11.06,11.06,4377.71,0.83,0.44,0.39,4.25,4.49,4.01,2020-21
309,201567,Kevin Love,1610612739,CLE,25,7,18,24.89,24.89,8760.08,1.66,0.91,0.75,3.78,4.01,3.51,2020-21
310,1629645,Kevin Porter Jr.,1610612745,HOU,26,4,22,32.13,32.13,12464.85,2.36,1.27,1.09,4.14,4.45,3.84,2020-21
311,1626172,Kevon Looney,1610612744,GSW,61,34,27,19.03,19.03,7188.69,1.36,0.7,0.66,4.07,4.34,3.82,2020-21
312,203920,Khem Birch,1610612761,TOR,67,23,44,22.82,22.82,9233.0,1.75,0.93,0.82,4.3,4.53,4.08,2020-21
313,203114,Khris Middleton,1610612749,MIL,68,45,23,33.36,33.36,13199.51,2.5,1.34,1.16,4.23,4.72,3.77,2020-21
314,1629017,Khyri Thomas,1610612745,HOU,5,1,4,30.59,30.59,12224.8,2.32,1.2,1.11,4.29,4.66,3.95,2020-21
315,1630165,Killian Hayes,1610612765,DET,26,6,20,25.78,25.78,10414.58,1.97,1.1,0.87,4.32,4.7,3.9,2020-21
316,1629681,Killian Tillie,1610612763,MEM,18,11,7,10.1,10.1,4152.11,0.79,0.42,0.37,4.37,4.66,4.02,2020-21
317,1630184,Kira Lewis Jr.,1610612740,NOP,54,23,31,16.75,16.75,6986.3,1.32,0.72,0.6,4.47,4.95,3.99,2020-21
318,1628961,Kostas Antetokounmpo,1610612747,LAL,15,6,9,3.72,3.72,1409.6,0.27,0.14,0.12,4.1,4.49,3.92,2020-21
319,1627739,Kris Dunn,1610612737,ATL,4,1,3,11.35,11.35,4651.75,0.88,0.46,0.43,4.27,4.33,4.21,2020-21
320,204001,Kristaps Porzingis,1610612742,DAL,43,26,17,30.85,30.85,10971.84,2.08,1.14,0.94,3.91,4.18,3.62,2020-21
321,203937,Kyle Anderson,1610612763,MEM,69,36,33,27.35,27.35,10601.01,2.01,1.06,0.95,4.18,4.5,3.89,2020-21
322,1629657,Kyle Guy,1610612758,SAC,31,11,20,7.59,7.59,3302.29,0.63,0.33,0.29,4.6,5.0,4.21,2020-21
323,1628398,Kyle Kuzma,1610612747,LAL,68,40,28,28.74,28.74,11582.19,2.19,1.16,1.03,4.28,4.47,4.07,2020-21
324,200768,Kyle Lowry,1610612761,TOR,46,15,31,34.82,34.82,12817.63,2.43,1.32,1.11,3.9,4.36,3.46,2020-21
325,202681,Kyrie Irving,1610612751,BKN,54,36,18,34.93,34.93,12999.69,2.46,1.32,1.14,3.98,4.38,3.6,2020-21
326,200746,LaMarcus Aldridge,1610612751,BKN,26,15,11,25.94,25.94,9510.46,1.8,0.97,0.84,3.93,4.13,3.72,2020-21
327,1630163,LaMelo Ball,1610612766,CHA,51,23,28,28.8,28.8,12273.75,2.32,1.26,1.06,4.54,5.04,4.06,2020-21
328,1630205,Lamar Stevens,1610612739,CLE,40,13,27,12.47,12.47,5075.5,0.96,0.5,0.46,4.3,4.52,4.07,2020-21
329,1629013,Landry Shamet,1610612751,BKN,61,39,22,22.99,22.99,9568.18,1.81,1.0,0.81,4.45,5.03,3.9,2020-21
330,204038,Langston Galloway,1610612756,PHX,40,29,11,10.94,10.94,4551.3,0.86,0.47,0.39,4.44,4.73,4.15,2020-21
331,1626204,Larry Nance Jr.,1610612739,CLE,35,13,22,31.18,31.18,11894.11,2.25,1.22,1.03,4.06,4.25,3.86,2020-21
332,1628374,Lauri Markkanen,1610612741,CHI,51,20,31,25.83,25.83,10372.57,1.96,1.1,0.87,4.3,4.77,3.82,2020-21
333,2544,LeBron James,1610612747,LAL,45,30,15,33.42,33.42,11244.07,2.13,1.15,0.98,3.58,3.88,3.29,2020-21
334,1629022,Lonnie Walker IV,1610612759,SAS,60,28,32,25.36,25.36,9750.65,1.85,0.99,0.86,4.15,4.37,3.93,2020-21
335,1628366,Lonzo Ball,1610612740,NOP,55,23,32,31.77,31.77,12740.27,2.41,1.32,1.09,4.3,4.75,3.85,2020-21
336,101150,Lou Williams,1610612737,ATL,66,44,22,21.56,21.56,7897.18,1.5,0.83,0.67,3.89,4.26,3.51,2020-21
337,1629663,Louis King,1610612758,SAC,6,3,3,14.22,14.22,5929.0,1.12,0.61,0.51,4.43,4.77,4.21,2020-21
338,1629652,Luguentz Dort,1610612760,OKC,52,18,34,29.68,29.68,11406.81,2.16,1.16,1.0,4.12,4.4,3.84,2020-21
339,1629029,Luka Doncic,1610612742,DAL,66,40,26,34.28,34.28,12227.61,2.32,1.33,0.99,3.87,4.35,3.38,2020-21
340,1629677,Luka Samanic,1610612759,SAS,33,14,19,9.34,9.34,3957.55,0.75,0.41,0.34,4.51,4.94,4.08,2020-21
341,1628379,Luke Kennard,1610612746,LAC,63,44,19,19.56,19.56,7632.84,1.45,0.8,0.65,4.22,4.52,3.88,2020-21
342,1628436,Luke Kornet,1610612738,BOS,31,13,18,11.21,11.21,4395.48,0.83,0.46,0.37,4.2,4.7,3.74,2020-21
343,1630201,Malachi Flynn,1610612761,TOR,47,21,26,19.73,19.73,8001.87,1.52,0.81,0.7,4.3,4.61,3.99,2020-21
344,1627763,Malcolm Brogdon,1610612754,IND,56,27,29,34.46,34.46,13653.05,2.59,1.44,1.14,4.21,4.77,3.65,2020-21
345,1627736,Malik Beasley,1610612750,MIN,37,8,29,32.81,32.81,13396.76,2.54,1.44,1.1,4.33,4.84,3.81,2020-21
346,1630238,Malik Fitts,1610612746,LAC,3,3,0,3.61,3.61,1457.0,0.28,0.15,0.13,4.01,3.52,4.67,2020-21
347,1628370,Malik Monk,1610612766,CHA,42,19,23,20.91,20.91,8362.9,1.58,0.89,0.7,4.25,4.8,3.72,2020-21
348,1629603,Mamadi Diakite,1610612749,MIL,14,7,7,10.07,10.07,4093.07,0.78,0.39,0.38,4.26,4.62,3.88,2020-21
349,201188,Marc Gasol,1610612747,LAL,52,32,20,19.1,19.1,6613.38,1.25,0.65,0.6,3.71,3.82,3.59,2020-21
350,202694,Marcus Morris Sr.,1610612746,LAC,57,38,19,26.35,26.35,9640.84,1.83,0.97,0.86,3.88,4.06,3.69,2020-21
351,203935,Marcus Smart,1610612738,BOS,48,24,24,32.94,32.94,12235.65,2.32,1.24,1.07,3.95,4.3,3.62,2020-21
352,1628365,Markelle Fultz,1610612753,ORL,8,6,2,26.9,26.9,11345.25,2.15,1.17,0.98,4.53,5.1,4.0,2020-21
353,202693,Markieff Morris,1610612747,LAL,61,32,29,19.67,19.67,7060.9,1.34,0.69,0.64,3.82,3.93,3.71,2020-21
354,1630210,Markus Howard,1610612743,DEN,37,24,13,5.54,5.54,2330.86,0.44,0.25,0.19,4.4,4.81,3.97,2020-21
355,1629716,Marques Bolden,1610612739,CLE,6,2,4,4.77,4.77,1904.83,0.36,0.19,0.17,4.28,4.34,3.85,2020-21
356,1627737,Marquese Chriss,1610612744,GSW,2,0,2,13.36,13.36,5429.0,1.03,0.57,0.46,4.39,4.65,3.72,2020-21
357,1628963,Marvin Bagley III,1610612758,SAC,43,20,23,25.86,25.86,10461.7,1.98,1.03,0.95,4.46,4.76,4.17,2020-21
358,1630222,Mason Jones,1610612755,PHI,32,10,22,10.45,10.45,4264.41,0.81,0.45,0.36,4.48,4.95,4.04,2020-21
359,203486,Mason Plumlee,1610612765,DET,56,14,42,26.76,26.76,10485.07,1.99,1.1,0.88,4.23,4.48,3.95,2020-21
360,1629680,Matisse Thybulle,1610612755,PHI,65,46,19,19.97,19.97,8089.83,1.53,0.79,0.75,4.29,4.36,4.21,2020-21
361,1629744,Matt Thomas,1610612762,UTA,45,27,18,7.26,7.26,3193.67,0.6,0.34,0.27,4.74,5.31,4.18,2020-21
362,203521,Matthew Dellavedova,1610612739,CLE,13,4,9,17.24,17.24,6693.15,1.27,0.71,0.56,4.18,4.66,3.71,2020-21
363,203090,Maurice Harkless,1610612758,SAC,37,16,21,20.86,20.86,8299.24,1.57,0.82,0.75,4.25,4.42,4.05,2020-21
364,1629622,Max Strus,1610612748,MIA,39,14,25,12.99,12.99,5301.44,1.0,0.54,0.46,4.42,4.88,3.98,2020-21
365,1628467,Maxi Kleber,1610612742,DAL,50,31,19,26.82,26.82,9748.5,1.85,1.01,0.84,3.96,4.17,3.74,2020-21
366,203086,Meyers Leonard,1610612748,MIA,3,2,1,9.79,9.79,3683.0,0.7,0.39,0.3,4.04,4.48,3.58,2020-21
367,1629662,Mfiondu Kabengele,1610612739,CLE,39,20,19,7.18,7.18,2842.56,0.54,0.29,0.25,4.18,4.36,3.99,2020-21
368,203487,Michael Carter-Williams,1610612753,ORL,31,12,19,25.79,25.79,10294.68,1.95,1.07,0.88,4.29,4.7,3.88,2020-21
369,1629008,Michael Porter Jr.,1610612743,DEN,61,40,21,31.35,31.35,12061.69,2.28,1.21,1.07,4.14,4.32,3.96,2020-21
370,1628969,Mikal Bridges,1610612756,PHX,72,51,21,32.61,32.61,13220.35,2.5,1.31,1.19,4.37,4.6,4.15,2020-21
371,201144,Mike Conley,1610612762,UTA,51,37,14,29.37,29.37,11691.1,2.21,1.22,1.0,4.25,4.69,3.81,2020-21
372,1628455,Mike James,1610612751,BKN,13,9,4,18.15,18.15,7244.31,1.37,0.75,0.62,4.28,4.71,3.85,2020-21
373,203488,Mike Muscala,1610612760,OKC,35,15,20,18.44,18.44,7517.69,1.42,0.79,0.63,4.34,4.84,3.84,2020-21
374,203118,Mike Scott,1610612755,PHI,51,35,16,16.7,16.7,6555.12,1.24,0.68,0.56,4.18,4.47,3.87,2020-21
375,1628970,Miles Bridges,1610612766,CHA,66,31,35,29.27,29.27,11834.0,2.24,1.19,1.05,4.3,4.67,3.95,2020-21
376,1629011,Mitchell Robinson,1610612752,NYK,31,15,16,27.5,27.5,10494.0,1.99,1.08,0.9,4.19,4.41,3.96,2020-21
377,1629671,Miye Oni,1610612762,UTA,54,45,9,9.62,9.62,3939.46,0.75,0.38,0.37,4.37,4.49,4.25,2020-21
378,1628964,Mo Bamba,1610612753,ORL,46,11,35,15.75,15.75,6050.2,1.15,0.62,0.53,4.1,4.23,3.97,2020-21
379,1628420,Monte Morris,1610612743,DEN,47,30,17,25.45,25.45,9814.68,1.86,1.03,0.83,4.14,4.54,3.74,2020-21
380,1626149,Montrezl Harrell,1610612747,LAL,69,41,28,22.9,22.9,8449.22,1.6,0.82,0.78,3.9,3.96,3.84,2020-21
381,1629021,Moritz Wagner,1610612753,ORL,45,19,26,16.04,16.04,6262.53,1.19,0.64,0.54,4.29,4.79,3.83,2020-21
382,1629650,Moses Brown,1610612760,OKC,43,8,35,21.4,21.4,8243.3,1.56,0.85,0.71,4.24,4.55,3.93,2020-21
383,1628539,Mychal Mulder,1610612744,GSW,60,33,27,12.76,12.76,5287.37,1.0,0.51,0.49,4.43,4.76,4.13,2020-21
384,1626167,Myles Turner,1610612754,IND,47,22,25,30.96,30.96,12115.87,2.29,1.22,1.08,4.17,4.53,3.83,2020-21
385,1630230,Naji Marshall,1610612740,NOP,32,14,18,21.87,21.87,9008.88,1.71,0.9,0.81,4.39,4.77,4.03,2020-21
386,1629642,Nassir Little,1610612757,POR,48,27,21,13.34,13.34,5231.81,0.99,0.55,0.45,4.32,4.58,4.04,2020-21
387,1630268,Nate Darling,1610612766,CHA,7,3,4,3.73,3.73,1517.57,0.29,0.15,0.13,4.19,4.36,4.0,2020-21
388,1630207,Nate Hinton,1610612742,DAL,21,11,10,4.44,4.44,1865.24,0.35,0.2,0.15,4.35,4.71,3.95,2020-21
389,1630233,Nathan Knight,1610612737,ATL,33,21,12,8.45,8.45,3343.21,0.63,0.34,0.29,4.18,4.42,3.93,2020-21
390,1629675,Naz Reid,1610612750,MIN,70,22,48,19.24,19.24,7563.86,1.43,0.76,0.67,4.19,4.52,3.87,2020-21
391,202357,Nemanja Bjelica,1610612748,MIA,37,16,21,16.09,16.09,6042.89,1.14,0.61,0.53,4.16,4.47,3.86,2020-21
392,203457,Nerlens Noel,1610612752,NYK,64,35,29,24.17,24.17,9766.75,1.85,1.01,0.84,4.31,4.61,4.01,2020-21
393,1630208,Nick Richards,1610612766,CHA,18,9,9,3.48,3.48,1477.56,0.28,0.15,0.13,4.41,4.56,4.24,2020-21
394,1629638,Nickeil Alexander-Walker,1610612740,NOP,46,20,26,21.89,21.89,9347.5,1.77,0.98,0.79,4.55,5.14,4.0,2020-21
395,1630185,Nico Mannion,1610612744,GSW,30,17,13,12.13,12.13,4993.93,0.95,0.5,0.44,4.5,4.81,4.2,2020-21
396,201587,Nicolas Batum,1610612746,LAC,67,44,23,27.39,27.39,10582.52,2.0,1.05,0.95,4.11,4.23,3.98,2020-21
397,1629651,Nicolas Claxton,1610612751,BKN,32,23,9,18.57,18.57,7416.03,1.4,0.71,0.69,4.24,4.49,4.01,2020-21
398,1629740,Nicolo Melli,1610612742,DAL,45,26,19,12.58,12.58,5155.4,0.98,0.55,0.43,4.37,4.7,4.03,2020-21
399,203999,Nikola Jokic,1610612743,DEN,72,47,25,34.55,34.55,12446.33,2.36,1.29,1.07,3.88,4.17,3.58,2020-21
400,202696,Nikola Vucevic,1610612741,CHI,70,26,44,33.54,33.54,11947.03,2.26,1.22,1.04,3.83,4.05,3.61,2020-21
401,203943,Noah Vonleh,1610612751,BKN,4,3,1,2.69,2.69,1085.0,0.21,0.12,0.09,4.02,4.77,3.19,2020-21
402,1626181,Norman Powell,1610612757,POR,69,32,37,31.96,31.96,12774.59,2.42,1.31,1.11,4.25,4.66,3.85,2020-21
403,203658,Norvel Pelle,1610612752,NYK,13,8,5,6.41,6.41,2450.31,0.46,0.24,0.22,4.01,4.28,3.87,2020-21
404,1628384,OG Anunoby,1610612761,TOR,43,18,25,33.33,33.33,12925.19,2.45,1.26,1.19,4.12,4.3,3.93,2020-21
405,1630167,Obi Toppin,1610612752,NYK,62,36,26,11.02,11.02,4534.63,0.86,0.46,0.4,4.43,4.77,4.1,2020-21
406,1630168,Onyeka Okongwu,1610612737,ATL,50,31,19,12.02,12.02,4874.46,0.92,0.49,0.43,4.29,4.43,4.13,2020-21
407,1629052,Oshae Brissett,1610612754,IND,21,10,11,24.72,24.72,10078.9,1.91,1.0,0.91,4.35,4.82,3.94,2020-21
408,203490,Otto Porter Jr.,1610612753,ORL,28,12,16,21.67,21.67,8986.32,1.7,0.93,0.77,4.39,4.79,3.98,2020-21
409,200782,P.J. Tucker,1610612749,MIL,52,27,25,26.07,26.07,9772.23,1.85,0.94,0.91,4.08,4.19,3.97,2020-21
410,1629023,P.J. Washington,1610612766,CHA,64,31,33,30.53,30.53,11687.45,2.21,1.19,1.02,4.11,4.43,3.8,2020-21
411,1628408,PJ Dozier,1610612743,DEN,50,36,14,21.77,21.77,8535.88,1.62,0.89,0.73,4.2,4.54,3.84,2020-21
412,1627783,Pascal Siakam,1610612761,TOR,56,21,35,35.82,35.82,14072.46,2.67,1.46,1.21,4.17,4.63,3.73,2020-21
413,1626192,Pat Connaughton,1610612749,MIL,69,44,25,22.82,22.82,9421.49,1.78,0.95,0.83,4.37,4.81,3.96,2020-21
414,201976,Patrick Beverley,1610612746,LAC,37,25,12,22.5,22.5,8662.49,1.64,0.88,0.76,4.19,4.42,3.97,2020-21
415,1627775,Patrick McCaw,1610612761,TOR,5,2,3,6.67,6.67,2812.2,0.53,0.29,0.25,4.43,4.67,3.89,2020-21
416,202335,Patrick Patterson,1610612746,LAC,38,26,12,15.31,15.31,5696.03,1.08,0.59,0.49,4.13,4.41,3.82,2020-21
417,1630172,Patrick Williams,1610612741,CHI,71,30,41,27.93,27.93,11259.28,2.13,1.13,1.0,4.33,4.53,4.12,2020-21
418,201988,Patty Mills,1610612759,SAS,68,31,37,24.78,24.78,9980.25,1.89,1.02,0.87,4.33,4.67,4.0,2020-21
419,202331,Paul George,1610612746,LAC,54,38,16,33.72,33.72,12957.96,2.45,1.36,1.1,4.11,4.51,3.7,2020-21
420,200794,Paul Millsap,1610612743,DEN,56,38,18,20.76,20.76,7737.13,1.47,0.78,0.68,4.04,4.28,3.79,2020-21
421,1630194,Paul Reed,1610612755,PHI,26,17,9,6.82,6.82,2880.15,0.55,0.3,0.25,4.42,4.85,3.98,2020-21
422,1628778,Paul Watson,1610612761,TOR,27,13,14,10.99,10.99,4790.3,0.91,0.48,0.43,4.58,4.95,4.22,2020-21
423,1630202,Payton Pritchard,1610612738,BOS,66,33,33,19.21,19.21,7758.79,1.47,0.79,0.68,4.29,4.55,4.03,2020-21
424,1630173,Precious Achiuwa,1610612748,MIA,61,31,30,12.08,12.08,4958.41,0.94,0.5,0.44,4.38,4.62,4.13,2020-21
425,1626188,Quinn Cook,1610612739,CLE,23,13,10,6.84,6.84,2486.52,0.47,0.25,0.23,4.3,4.48,4.11,2020-21
426,1629683,Quinndary Weatherspoon,1610612759,SAS,20,8,12,6.05,6.05,2519.1,0.48,0.25,0.23,4.33,4.7,3.98,2020-21
427,1630181,R.J. Hampton,1610612753,ORL,51,20,31,17.42,17.42,7258.51,1.37,0.75,0.63,4.41,4.71,4.11,2020-21
428,1629628,RJ Barrett,1610612752,NYK,72,41,31,34.87,34.87,14105.31,2.67,1.45,1.22,4.34,4.6,4.07,2020-21
429,200765,Rajon Rondo,1610612746,LAC,45,28,17,17.1,17.1,6264.2,1.19,0.65,0.54,3.88,4.15,3.61,2020-21
430,203526,Raul Neto,1610612764,WAS,64,30,34,21.92,21.92,8776.38,1.66,0.88,0.78,4.34,4.7,3.99,2020-21
431,1629034,Ray Spalding,1610612745,HOU,2,0,2,9.37,9.37,4391.5,0.83,0.42,0.41,5.12,5.08,4.58,2020-21
432,1629730,Rayjon Tucker,1610612755,PHI,14,8,6,4.87,4.87,1969.93,0.37,0.19,0.18,4.19,4.37,4.01,2020-21
433,203493,Reggie Bullock,1610612752,NYK,65,38,27,29.99,29.99,11699.86,2.22,1.2,1.02,4.18,4.4,3.95,2020-21
434,202704,Reggie Jackson,1610612746,LAC,67,43,24,23.05,23.05,8820.94,1.67,0.91,0.76,4.09,4.39,3.78,2020-21
435,1629617,Reggie Perry,1610612751,BKN,26,18,8,8.1,8.1,3195.15,0.61,0.32,0.28,4.17,4.52,3.83,2020-21
436,1626158,Richaun Holmes,1610612758,SAC,61,29,32,29.2,29.2,10671.54,2.02,1.06,0.96,3.96,4.18,3.75,2020-21
437,201937,Ricky Rubio,1610612750,MIN,68,23,45,26.05,26.05,10551.16,2.0,1.13,0.87,4.29,4.86,3.73,2020-21
438,203496,Robert Covington,1610612757,POR,70,42,28,32.04,32.04,11462.07,2.17,1.18,0.99,3.9,4.14,3.64,2020-21
439,1629606,Robert Franks,1610612753,ORL,7,0,7,14.39,14.39,6045.57,1.14,0.63,0.52,4.44,4.75,4.11,2020-21
440,1629057,Robert Williams III,1610612738,BOS,52,29,23,18.95,18.95,7252.63,1.37,0.72,0.65,4.07,4.28,3.86,2020-21
441,1630218,Robert Woodard II,1610612758,SAC,13,3,10,3.49,3.49,1423.69,0.27,0.14,0.13,4.3,4.96,3.72,2020-21
442,201577,Robin Lopez,1610612764,WAS,71,34,37,19.06,19.06,7111.55,1.35,0.7,0.65,4.05,4.26,3.84,2020-21
443,1629066,Rodions Kurucs,1610612749,MIL,21,10,11,5.93,5.93,2501.62,0.47,0.26,0.22,4.39,4.89,3.91,2020-21
444,203918,Rodney Hood,1610612761,TOR,55,29,26,17.14,17.14,6621.05,1.25,0.7,0.56,4.19,4.51,3.84,2020-21
445,203585,Rodney McGruder,1610612765,DET,16,3,13,12.1,12.1,5169.88,0.98,0.53,0.45,4.52,4.92,4.07,2020-21
446,1629641,Romeo Langford,1610612738,BOS,18,9,9,15.71,15.71,6324.72,1.2,0.63,0.57,4.28,4.47,4.09,2020-21
447,1626178,Rondae Hollis-Jefferson,1610612757,POR,11,6,5,9.76,9.76,4160.55,0.79,0.42,0.37,4.53,4.71,4.24,2020-21
448,1626220,Royce O'Neale,1610612762,UTA,71,51,20,31.56,31.56,12658.86,2.4,1.3,1.09,4.3,4.69,3.92,2020-21
449,200752,Rudy Gay,1610612759,SAS,63,29,34,21.55,21.55,8112.17,1.54,0.82,0.71,4.08,4.37,3.78,2020-21
450,203497,Rudy Gobert,1610612762,UTA,71,52,19,30.8,30.8,11717.63,2.22,1.18,1.04,4.07,4.37,3.78,2020-21
451,1629060,Rui Hachimura,1610612764,WAS,57,29,28,31.53,31.53,12583.56,2.38,1.26,1.13,4.33,4.71,3.97,2020-21
452,201566,Russell Westbrook,1610612764,WAS,65,30,35,36.44,36.44,13561.77,2.57,1.39,1.17,4.02,4.59,3.5,2020-21
453,1627853,Ryan Arcidiacono,1610612741,CHI,44,20,24,10.24,10.24,4377.8,0.83,0.45,0.38,4.55,4.91,4.17,2020-21
454,1630240,Saben Lee,1610612765,DET,48,14,34,16.26,16.26,6923.92,1.31,0.7,0.61,4.52,4.72,4.32,2020-21
455,1630180,Saddiq Bey,1610612765,DET,70,19,51,27.27,27.27,10443.04,1.98,1.07,0.9,4.11,4.34,3.86,2020-21
456,1630241,Sam Merrill,1610612749,MIL,30,18,12,7.75,7.75,3163.1,0.6,0.33,0.27,4.28,4.86,3.74,2020-21
457,1630253,Sean McDermott,1610612763,MEM,18,10,8,8.76,8.76,3586.83,0.68,0.37,0.31,4.37,4.55,4.17,2020-21
458,1629635,Sekou Doumbouya,1610612765,DET,56,15,41,15.52,15.52,6229.13,1.18,0.64,0.54,4.28,4.62,3.94,2020-21
459,1628400,Semi Ojeleye,1610612738,BOS,56,28,28,16.96,16.96,6803.64,1.29,0.71,0.57,4.33,4.73,3.92,2020-21
460,201586,Serge Ibaka,1610612746,LAC,41,24,17,23.28,23.28,8356.37,1.58,0.85,0.73,3.93,4.11,3.72,2020-21
461,203552,Seth Curry,1610612755,PHI,57,39,18,28.74,28.74,10933.05,2.07,1.13,0.94,4.08,4.39,3.76,2020-21
462,1628983,Shai Gilgeous-Alexander,1610612760,OKC,35,16,19,33.7,33.7,12870.57,2.44,1.37,1.07,4.08,4.52,3.62,2020-21
463,1629003,Shake Milton,1610612755,PHI,63,46,17,23.19,23.19,9304.0,1.76,0.99,0.77,4.25,4.67,3.82,2020-21
464,1627885,Shaquille Harrison,1610612743,DEN,34,27,7,9.78,9.78,4064.94,0.77,0.42,0.35,4.42,4.67,4.15,2020-21
465,1628414,Sindarius Thornwell,1610612753,ORL,21,7,14,10.33,10.33,3869.86,0.73,0.38,0.35,4.31,4.47,4.16,2020-21
466,1630219,Skylar Mays,1610612737,ATL,33,19,14,8.16,8.16,3171.48,0.6,0.33,0.27,4.1,4.23,3.96,2020-21
467,203524,Solomon Hill,1610612737,ATL,71,41,30,21.32,21.32,8209.82,1.55,0.83,0.72,4.1,4.29,3.91,2020-21
468,203915,Spencer Dinwiddie,1610612751,BKN,3,2,1,21.44,21.44,8381.67,1.59,0.78,0.8,4.25,4.74,3.86,2020-21
469,1626169,Stanley Johnson,1610612761,TOR,61,25,36,16.48,16.48,6773.52,1.28,0.67,0.61,4.34,4.66,4.03,2020-21
470,201939,Stephen Curry,1610612744,GSW,63,37,26,34.15,34.15,13686.94,2.59,1.44,1.16,4.3,5.03,3.65,2020-21
471,1628425,Sterling Brown,1610612745,HOU,51,14,37,24.09,24.09,9467.63,1.79,0.91,0.88,4.28,4.39,4.16,2020-21
472,203500,Steven Adams,1610612740,NOP,58,26,32,27.66,27.66,10560.71,2.0,1.05,0.95,4.11,4.31,3.9,2020-21
473,1629004,Svi Mykhailiuk,1610612760,OKC,66,13,53,20.07,20.07,8393.23,1.59,0.88,0.71,4.45,4.92,3.98,2020-21
474,1628388,T.J. Leaf,1610612757,POR,7,6,1,5.06,5.06,2145.57,0.41,0.22,0.19,4.38,4.51,4.25,2020-21
475,204456,T.J. McConnell,1610612754,IND,69,33,36,26.03,26.03,11448.49,2.17,1.12,1.05,4.65,5.01,4.32,2020-21
476,203933,T.J. Warren,1610612754,IND,4,3,1,29.35,29.35,12089.0,2.29,1.17,1.11,4.39,4.62,4.18,2020-21
477,1629605,Tacko Fall,1610612738,BOS,19,13,6,7.13,7.13,2675.42,0.51,0.27,0.24,3.92,4.01,3.82,2020-21
478,201959,Taj Gibson,1610612752,NYK,45,29,16,20.79,20.79,8054.67,1.53,0.81,0.72,4.12,4.29,3.96,2020-21
479,1629659,Talen Horton-Tucker,1610612747,LAL,65,39,26,20.07,20.07,8043.18,1.52,0.82,0.7,4.24,4.58,3.91,2020-21
480,1627752,Taurean Prince,1610612739,CLE,41,15,26,22.08,22.08,8316.71,1.58,0.84,0.74,4.01,4.27,3.75,2020-21
481,1629611,Terance Mann,1610612746,LAC,67,45,22,18.86,18.86,7712.99,1.46,0.76,0.7,4.38,4.51,4.23,2020-21
482,1629056,Terence Davis,1610612758,SAC,61,26,35,17.61,17.61,7252.49,1.37,0.73,0.64,4.33,4.68,3.99,2020-21
483,1628390,Terrance Ferguson,1610612755,PHI,13,10,3,3.79,3.79,1508.77,0.29,0.15,0.13,4.14,4.25,4.02,2020-21
484,203082,Terrence Ross,1610612753,ORL,46,16,30,29.27,29.27,11813.37,2.24,1.25,0.99,4.28,4.69,3.85,2020-21
485,1626179,Terry Rozier,1610612766,CHA,69,32,37,34.54,34.54,14003.38,2.65,1.4,1.25,4.35,4.64,4.06,2020-21
486,201152,Thaddeus Young,1610612741,CHI,68,30,38,24.3,24.3,9435.06,1.79,0.97,0.82,4.13,4.41,3.84,2020-21
487,203648,Thanasis Antetokounmpo,1610612749,MIL,57,37,20,9.67,9.67,4038.07,0.76,0.4,0.36,4.39,4.67,4.11,2020-21
488,1630177,Theo Maledon,1610612760,OKC,65,20,45,27.35,27.35,11153.65,2.11,1.19,0.93,4.39,4.88,3.89,2020-21
489,1629033,Theo Pinson,1610612752,NYK,17,9,8,2.0,2.0,755.94,0.14,0.07,0.07,3.8,4.12,3.54,2020-21
490,1628418,Thomas Bryant,1610612764,WAS,10,2,8,27.08,27.08,10596.5,2.01,1.05,0.96,4.17,4.55,3.82,2020-21
491,1627748,Thon Maker,1610612739,CLE,8,3,5,9.56,9.56,4012.13,0.76,0.4,0.36,4.47,4.56,4.37,2020-21
492,204025,Tim Frazier,1610612763,MEM,5,5,0,12.39,12.39,5050.2,0.96,0.52,0.44,4.33,4.7,3.95,2020-21
493,203501,Tim Hardaway Jr.,1610612742,DAL,70,42,28,28.36,28.36,10715.53,2.03,1.11,0.92,4.08,4.39,3.75,2020-21
494,1627789,Timothe Luwawu-Cabarrot,1610612751,BKN,58,38,20,18.11,18.11,7549.78,1.43,0.77,0.66,4.45,4.9,4.02,2020-21
495,202699,Tobias Harris,1610612755,PHI,62,44,18,32.49,32.49,12340.56,2.34,1.27,1.06,4.07,4.39,3.74,2020-21
496,203107,Tomas Satoransky,1610612741,CHI,58,25,33,22.53,22.53,9537.12,1.81,0.99,0.82,4.54,4.97,4.1,2020-21
497,1628396,Tony Bradley,1610612760,OKC,42,15,27,16.28,16.28,6246.88,1.18,0.63,0.55,4.17,4.45,3.89,2020-21
498,203503,Tony Snell,1610612737,ATL,47,29,18,21.11,21.11,7903.15,1.5,0.79,0.7,3.99,4.17,3.81,2020-21
499,1628470,Torrey Craig,1610612756,PHX,50,33,17,16.07,16.07,6642.88,1.26,0.66,0.59,4.41,4.65,4.17,2020-21
500,1629027,Trae Young,1610612737,ATL,63,36,27,33.72,33.72,13012.95,2.46,1.4,1.06,4.12,4.66,3.58,2020-21
501,1630200,Tre Jones,1610612759,SAS,37,15,22,7.26,7.26,2946.24,0.56,0.3,0.26,4.44,4.71,4.17,2020-21
502,1629682,Tremont Waters,1610612738,BOS,26,13,13,9.14,9.14,3654.77,0.69,0.37,0.33,4.21,4.59,3.85,2020-21
503,1630235,Trent Forrest,1610612762,UTA,30,22,8,10.07,10.07,4161.53,0.79,0.42,0.36,4.43,4.68,4.17,2020-21
504,2772,Trevor Ariza,1610612748,MIA,30,17,13,28.03,28.03,10716.33,2.03,1.04,0.99,4.09,4.24,3.94,2020-21
505,203504,Trey Burke,1610612742,DAL,62,35,27,14.7,14.7,5909.35,1.12,0.58,0.54,4.3,4.43,4.15,2020-21
506,1626168,Trey Lyles,1610612759,SAS,23,10,13,15.56,15.56,6071.13,1.15,0.62,0.52,4.26,4.59,3.95,2020-21
507,202684,Tristan Thompson,1610612738,BOS,54,27,27,23.83,23.83,9148.67,1.73,0.91,0.83,4.11,4.25,3.96,2020-21
508,1628972,Troy Brown Jr.,1610612741,CHI,34,10,24,15.39,15.39,6228.59,1.18,0.62,0.56,4.42,4.75,4.11,2020-21
509,1629660,Ty Jerome,1610612760,OKC,33,7,26,23.87,23.87,9541.03,1.81,1.02,0.78,4.25,4.87,3.66,2020-21
510,1630234,Ty-Shon Alexander,1610612756,PHX,15,11,4,3.17,3.17,1162.33,0.22,0.12,0.1,4.02,4.34,3.73,2020-21
511,1630189,Tyler Bey,1610612742,DAL,18,11,7,3.94,3.94,1665.06,0.32,0.17,0.14,4.4,4.55,4.24,2020-21
512,1629076,Tyler Cook,1610612765,DET,32,11,21,13.67,13.67,5205.78,0.99,0.54,0.45,4.25,4.6,3.89,2020-21
513,1629639,Tyler Herro,1610612748,MIA,54,29,25,30.28,30.28,12854.7,2.43,1.34,1.1,4.51,4.94,4.06,2020-21
514,204020,Tyler Johnson,1610612751,BKN,39,29,10,17.54,17.54,6866.49,1.3,0.69,0.61,4.17,4.47,3.87,2020-21
515,1630179,Tyrell Terry,1610612742,DAL,11,2,9,5.12,5.12,2030.55,0.38,0.2,0.19,4.14,4.47,4.03,2020-21
516,1630169,Tyrese Haliburton,1610612758,SAC,58,25,33,30.1,30.1,12278.67,2.33,1.27,1.05,4.31,4.73,3.9,2020-21
517,1630178,Tyrese Maxey,1610612755,PHI,61,41,20,15.34,15.34,6566.93,1.24,0.69,0.55,4.55,4.93,4.16,2020-21
518,1626145,Tyus Jones,1610612763,MEM,70,36,34,17.46,17.46,7161.19,1.36,0.74,0.62,4.43,4.86,4.02,2020-21
519,1628962,Udoka Azubuike,1610612762,UTA,15,13,2,3.81,3.81,1368.47,0.26,0.14,0.11,3.92,4.1,3.71,2020-21
520,2617,Udonis Haslem,1610612748,MIA,1,1,0,2.67,2.67,930.0,0.18,0.07,0.1,4.46,6.52,3.4,2020-21
521,1630176,Vernon Carey Jr.,1610612766,CHA,19,9,10,6.04,6.04,2308.84,0.44,0.22,0.22,4.05,4.28,3.85,2020-21
522,203506,Victor Oladipo,1610612748,MIA,33,13,20,32.73,32.73,12708.36,2.41,1.29,1.12,4.27,4.64,3.91,2020-21
523,1629738,Vincent Poirier,1610612755,PHI,10,8,2,3.91,3.91,1634.4,0.31,0.17,0.14,4.37,4.42,4.31,2020-21
524,1628427,Vlatko Cancar,1610612743,DEN,41,28,13,6.86,6.86,2746.9,0.52,0.29,0.23,4.21,4.45,3.99,2020-21
525,201961,Wayne Ellington,1610612765,DET,46,13,33,22.0,22.0,8596.91,1.63,0.94,0.69,4.28,4.7,3.82,2020-21
526,1628976,Wendell Carter Jr.,1610612753,ORL,54,21,33,25.47,25.47,9820.85,1.86,1.01,0.85,4.13,4.43,3.83,2020-21
527,1629117,Wenyen Gabriel,1610612740,NOP,21,9,12,11.47,11.47,4537.57,0.86,0.45,0.41,4.23,4.7,3.86,2020-21
528,1628411,Wes Iwundu,1610612740,NOP,41,17,24,13.15,13.15,5576.98,1.06,0.56,0.5,4.49,4.79,4.19,2020-21
529,202083,Wesley Matthews,1610612747,LAL,58,33,25,19.48,19.48,7716.91,1.46,0.78,0.69,4.21,4.45,3.96,2020-21
530,203115,Will Barton,1610612743,DEN,56,37,19,31.0,31.0,11789.41,2.23,1.2,1.04,4.11,4.34,3.89,2020-21
531,1630266,Will Magnay,1610612740,NOP,1,1,0,3.27,3.27,374.0,0.07,0.04,0.03,7.51,0.0,0.0,2020-21
532,1626161,Willie Cauley-Stein,1610612742,DAL,53,29,24,17.09,17.09,6754.57,1.28,0.68,0.59,4.29,4.56,4.02,2020-21
533,1626195,Willy Hernangomez,1610612740,NOP,47,20,27,18.0,18.0,7147.26,1.35,0.71,0.64,4.28,4.6,3.99,2020-21
534,1630214,Xavier Tillman,1610612763,MEM,59,31,28,18.38,18.38,7487.29,1.42,0.75,0.67,4.39,4.77,4.02,2020-21
535,1627812,Yogi Ferrell,1610612746,LAC,10,4,6,13.7,13.7,4750.8,0.9,0.49,0.41,4.15,4.43,3.86,2020-21
536,1629139,Yuta Watanabe,1610612761,TOR,50,24,26,14.46,14.46,6413.16,1.21,0.67,0.54,4.68,5.18,4.19,2020-21
537,203897,Zach LaVine,1610612741,CHI,58,26,32,35.06,35.06,14326.02,2.71,1.49,1.22,4.37,4.81,3.93,2020-21
538,1630192,Zeke Nnaji,1610612743,DEN,42,30,12,9.46,9.46,3904.21,0.74,0.4,0.34,4.36,4.61,4.1,2020-21
539,1629627,Zion Williamson,1610612740,NOP,61,29,32,33.21,33.21,13804.72,2.61,1.41,1.2,4.42,4.87,4.0,2020-21
