,CLOSE_DEF_PERSON_ID,PLAYER_NAME,PLAYER_LAST_TEAM_ID,PLAYER_LAST_TEAM_ABBREVIATION,PLAYER_POSITION,AGE,GP,G,FREQ,D_FGM,D_FGA,D_FG_PCT,NORMAL_FG_PCT,PCT_PLUSMINUS,Season
0,203497,Rudy Gobert,1610612762,UTA,C,28.0,70,70,1.0,7.99,19.07,0.419,0.495,-0.076,2020-21
1,1626167,Myles Turner,1610612754,IND,C-F,25.0,47,47,1.0,8.02,18.19,0.441,0.491,-0.05,2020-21
2,1626174,Christian Wood,1610612745,HOU,F,25.0,41,41,1.0,8.15,17.29,0.471,0.475,-0.004,2020-21
3,201572,Brook Lopez,1610612749,MIL,C,33.0,70,70,1.0,7.51,16.44,0.457,0.489,-0.032,2020-21
4,1627751,Jakob Poeltl,1610612759,SAS,C,25.0,69,69,1.0,7.14,16.17,0.442,0.485,-0.044,2020-21
5,1627734,Domantas Sabonis,1610612754,IND,F-C,25.0,61,61,1.0,7.7,15.85,0.486,0.487,-0.001,2020-21
6,203999,Nikola Jokic,1610612743,DEN,C,26.0,72,72,1.0,7.82,15.1,0.518,0.491,0.027,2020-21
7,1629028,Deandre Ayton,1610612756,PHX,C,22.0,69,69,1.0,6.93,15.04,0.461,0.481,-0.021,2020-21
8,203991,Clint Capela,1610612737,ATL,C,27.0,63,63,1.0,7.24,15.02,0.482,0.49,-0.008,2020-21
9,204001,Kristaps Porzingis,1610612742,DAL,F-C,25.0,43,43,1.0,7.35,14.86,0.495,0.484,0.011,2020-21
10,203954,Joel Embiid,1610612755,PHI,C-F,27.0,51,51,1.0,6.9,14.69,0.47,0.498,-0.028,2020-21
11,1626158,Richaun Holmes,1610612758,SAC,F,27.0,61,61,1.0,6.52,14.46,0.451,0.486,-0.034,2020-21
12,203952,Andrew Wiggins,1610612744,GSW,F,26.0,71,71,1.0,6.37,14.32,0.444,0.464,-0.019,2020-21
13,203076,Anthony Davis,1610612747,LAL,F-C,28.0,35,35,1.0,6.34,14.23,0.446,0.481,-0.035,2020-21
14,1628418,Thomas Bryant,1610612764,WAS,C-F,23.0,10,10,1.0,7.0,14.1,0.496,0.487,0.009,2020-21
15,202696,Nikola Vucevic,1610612741,CHI,C,30.0,70,70,1.0,7.33,13.93,0.526,0.493,0.033,2020-21
16,1629647,Darius Bazley,1610612760,OKC,F-G,20.0,55,55,1.0,6.51,13.8,0.472,0.468,0.004,2020-21
17,1628386,Jarrett Allen,1610612739,CLE,C,23.0,62,62,1.0,6.47,13.79,0.469,0.494,-0.025,2020-21
18,1629023,P.J. Washington,1610612766,CHA,F,22.0,64,64,1.0,6.98,13.77,0.507,0.475,0.032,2020-21
19,203496,Robert Covington,1610612757,POR,F,30.0,70,70,1.0,6.9,13.73,0.503,0.474,0.029,2020-21
20,1626157,Karl-Anthony Towns,1610612750,MIN,C-F,25.0,49,49,1.0,6.96,13.71,0.507,0.494,0.013,2020-21
21,1628983,Shai Gilgeous-Alexander,1610612760,OKC,G-F,22.0,35,35,1.0,6.11,13.46,0.454,0.456,-0.002,2020-21
22,203944,Julius Randle,1610612752,NYK,F-C,26.0,71,71,1.0,6.01,13.32,0.451,0.478,-0.027,2020-21
23,1628381,John Collins,1610612737,ATL,F-C,23.0,63,63,1.0,6.32,13.21,0.478,0.476,0.002,2020-21
24,203110,Draymond Green,1610612744,GSW,F,31.0,62,62,1.0,5.61,13.19,0.425,0.476,-0.051,2020-21
25,1627783,Pascal Siakam,1610612761,TOR,F,27.0,56,56,1.0,6.3,13.18,0.478,0.468,0.01,2020-21
26,1626220,Royce O'Neale,1610612762,UTA,F,28.0,71,71,1.0,6.13,13.04,0.47,0.47,0.0,2020-21
27,1628449,Chris Boucher,1610612761,TOR,F-C,28.0,60,60,1.0,5.75,13.03,0.441,0.467,-0.026,2020-21
28,200746,LaMarcus Aldridge,1610612751,BKN,C-F,35.0,26,26,1.0,6.15,13.0,0.473,0.481,-0.008,2020-21
29,1628419,Cameron Oliver,1610612745,HOU,F,24.0,3,3,1.0,8.33,13.0,0.641,0.472,0.169,2020-21
30,1628389,Bam Adebayo,1610612748,MIA,C-F,23.0,64,64,1.0,5.75,12.97,0.443,0.481,-0.038,2020-21
31,202685,Jonas Valanciunas,1610612763,MEM,C,29.0,62,62,1.0,6.5,12.92,0.503,0.495,0.008,2020-21
32,1628404,Josh Hart,1610612740,NOP,G,26.0,47,47,1.0,6.32,12.91,0.489,0.461,0.028,2020-21
33,203482,Kelly Olynyk,1610612745,HOU,F-C,30.0,70,70,1.0,6.44,12.8,0.503,0.472,0.031,2020-21
34,201980,Danny Green,1610612755,PHI,G,33.0,69,69,1.0,5.83,12.8,0.455,0.461,-0.006,2020-21
35,1629052,Oshae Brissett,1610612754,IND,F-G,22.0,20,20,1.0,5.75,12.75,0.451,0.469,-0.018,2020-21
36,1630191,Isaiah Stewart,1610612765,DET,F-C,20.0,68,68,1.0,5.97,12.75,0.468,0.484,-0.016,2020-21
37,1627741,Buddy Hield,1610612758,SAC,G,28.0,71,71,1.0,6.35,12.68,0.501,0.459,0.042,2020-21
38,1629017,Khyri Thomas,1610612745,HOU,G,25.0,5,5,1.0,5.2,12.6,0.413,0.448,-0.036,2020-21
39,1628401,Derrick White,1610612759,SAS,G,26.0,36,36,1.0,5.75,12.56,0.458,0.462,-0.004,2020-21
40,1629627,Zion Williamson,1610612740,NOP,F,20.0,61,61,1.0,5.51,12.48,0.442,0.462,-0.021,2020-21
41,1628464,Daniel Theis,1610612741,CHI,F-C,29.0,65,65,1.0,5.86,12.46,0.47,0.48,-0.009,2020-21
42,1627832,Fred VanVleet,1610612761,TOR,G,27.0,52,52,1.0,5.48,12.42,0.441,0.462,-0.021,2020-21
43,203506,Victor Oladipo,1610612748,MIA,G,29.0,33,33,1.0,5.42,12.33,0.44,0.456,-0.016,2020-21
44,203486,Mason Plumlee,1610612765,DET,F-C,31.0,56,56,1.0,6.54,12.32,0.53,0.504,0.026,2020-21
45,1630171,Isaac Okoro,1610612739,CLE,F-G,20.0,66,66,1.0,6.29,12.32,0.51,0.457,0.054,2020-21
46,1628467,Maxi Kleber,1610612742,DAL,F,29.0,50,50,1.0,5.62,12.28,0.458,0.479,-0.022,2020-21
47,201950,Jrue Holiday,1610612749,MIL,G,30.0,59,59,1.0,5.8,12.22,0.474,0.459,0.015,2020-21
48,202683,Enes Kanter,1610612757,POR,C,29.0,70,70,1.0,6.51,12.11,0.538,0.497,0.04,2020-21
49,1627826,Ivica Zubac,1610612746,LAC,C,24.0,70,70,1.0,5.27,12.07,0.437,0.504,-0.067,2020-21
50,203083,Andre Drummond,1610612747,LAL,C,27.0,45,45,1.0,6.24,12.07,0.517,0.49,0.027,2020-21
51,1629628,RJ Barrett,1610612752,NYK,F-G,20.0,71,71,1.0,5.2,12.06,0.431,0.451,-0.02,2020-21
52,1628991,Jaren Jackson Jr.,1610612763,MEM,F-C,21.0,10,10,1.0,6.1,12.0,0.508,0.468,0.041,2020-21
53,203994,Jusuf Nurkic,1610612757,POR,C,26.0,37,37,1.0,5.54,11.97,0.463,0.492,-0.029,2020-21
54,203500,Steven Adams,1610612740,NOP,C,27.0,58,58,1.0,5.88,11.86,0.496,0.494,0.002,2020-21
55,203468,CJ McCollum,1610612757,POR,G,29.0,47,47,1.0,5.47,11.85,0.461,0.45,0.011,2020-21
56,203457,Nerlens Noel,1610612752,NYK,C-F,27.0,63,63,1.0,5.3,11.79,0.45,0.485,-0.036,2020-21
57,1626204,Larry Nance Jr.,1610612739,CLE,F-C,28.0,35,35,1.0,5.74,11.77,0.488,0.474,0.014,2020-21
58,1628976,Wendell Carter Jr.,1610612753,ORL,C-F,22.0,54,54,1.0,5.67,11.76,0.482,0.499,-0.017,2020-21
59,201143,Al Horford,1610612760,OKC,C-F,35.0,28,28,1.0,5.75,11.71,0.491,0.49,0.0,2020-21
60,1628368,De'Aaron Fox,1610612758,SAC,G,23.0,58,58,1.0,5.28,11.6,0.455,0.455,0.0,2020-21
61,202331,Paul George,1610612746,LAC,F,31.0,54,54,1.0,5.19,11.57,0.448,0.465,-0.017,2020-21
62,1629060,Rui Hachimura,1610612764,WAS,F,23.0,57,57,1.0,5.37,11.56,0.464,0.472,-0.008,2020-21
63,201586,Serge Ibaka,1610612746,LAC,F,31.0,41,41,1.0,5.41,11.54,0.469,0.493,-0.024,2020-21
64,1629652,Luguentz Dort,1610612760,OKC,G,22.0,52,52,1.0,5.06,11.54,0.438,0.463,-0.025,2020-21
65,1628366,Lonzo Ball,1610612740,NOP,G,23.0,55,55,1.0,5.13,11.49,0.446,0.454,-0.008,2020-21
66,202689,Kemba Walker,1610612738,BOS,G,31.0,43,43,1.0,5.77,11.49,0.502,0.458,0.044,2020-21
67,201142,Kevin Durant,1610612751,BKN,F,32.0,35,35,1.0,4.83,11.4,0.424,0.471,-0.047,2020-21
68,1629631,De'Andre Hunter,1610612737,ATL,F-G,23.0,23,23,1.0,4.7,11.39,0.412,0.469,-0.057,2020-21
69,203078,Bradley Beal,1610612764,WAS,G,27.0,60,60,1.0,5.3,11.35,0.467,0.459,0.008,2020-21
70,1628970,Miles Bridges,1610612766,CHA,F,23.0,66,66,1.0,5.03,11.32,0.444,0.467,-0.023,2020-21
71,203114,Khris Middleton,1610612749,MIL,F,29.0,68,68,1.0,5.28,11.29,0.467,0.459,0.009,2020-21
72,203507,Giannis Antetokounmpo,1610612749,MIL,F,26.0,60,60,1.0,4.8,11.25,0.427,0.473,-0.046,2020-21
73,200768,Kyle Lowry,1610612761,TOR,G,35.0,46,46,1.0,5.39,11.22,0.481,0.459,0.021,2020-21
74,203471,Dennis Schroder,1610612747,LAL,G,27.0,60,60,1.0,5.25,11.2,0.469,0.463,0.005,2020-21
75,1628969,Mikal Bridges,1610612756,PHX,F,24.0,71,71,1.0,5.41,11.18,0.484,0.463,0.02,2020-21
76,1629029,Luka Doncic,1610612742,DAL,F-G,22.0,66,66,1.0,5.05,11.18,0.451,0.454,-0.003,2020-21
77,203992,Bogdan Bogdanovic,1610612737,ATL,G,28.0,44,44,1.0,5.18,11.16,0.464,0.456,0.009,2020-21
78,1627827,Dorian Finney-Smith,1610612742,DAL,F,28.0,60,60,1.0,4.97,11.15,0.445,0.461,-0.015,2020-21
79,203095,Evan Fournier,1610612738,BOS,G-F,28.0,42,42,1.0,5.43,11.14,0.487,0.463,0.024,2020-21
80,201935,James Harden,1610612751,BKN,G,31.0,44,44,1.0,5.07,11.11,0.456,0.468,-0.012,2020-21
81,203897,Zach LaVine,1610612741,CHI,G-F,26.0,58,58,1.0,4.67,11.1,0.421,0.452,-0.031,2020-21
82,203084,Harrison Barnes,1610612758,SAC,F,29.0,58,58,1.0,5.41,11.1,0.488,0.478,0.01,2020-21
83,202699,Tobias Harris,1610612755,PHI,F,28.0,62,62,1.0,5.55,11.08,0.501,0.461,0.04,2020-21
84,201599,DeAndre Jordan,1610612751,BKN,C,32.0,57,57,1.0,4.89,11.07,0.442,0.494,-0.052,2020-21
85,201145,Jeff Green,1610612751,BKN,F,34.0,68,68,1.0,5.16,11.01,0.469,0.472,-0.003,2020-21
86,1628415,Dillon Brooks,1610612763,MEM,G-F,25.0,67,67,1.0,5.07,10.99,0.462,0.456,0.006,2020-21
87,201933,Blake Griffin,1610612751,BKN,F,32.0,46,46,1.0,5.33,10.89,0.489,0.485,0.005,2020-21
88,1629629,Cam Reddish,1610612737,ATL,F-G,21.0,26,26,1.0,5.46,10.88,0.502,0.464,0.038,2020-21
89,1627759,Jaylen Brown,1610612738,BOS,G-F,24.0,58,58,1.0,4.76,10.88,0.437,0.46,-0.022,2020-21
90,202339,Eric Bledsoe,1610612740,NOP,G,31.0,71,71,1.0,5.13,10.87,0.472,0.452,0.02,2020-21
91,1629632,Coby White,1610612741,CHI,G,21.0,69,69,1.0,5.43,10.87,0.5,0.457,0.043,2020-21
92,202684,Tristan Thompson,1610612738,BOS,C-F,30.0,53,53,1.0,5.38,10.87,0.495,0.482,0.013,2020-21
93,1629645,Kevin Porter Jr.,1610612745,HOU,G-F,21.0,26,26,1.0,5.88,10.85,0.543,0.473,0.069,2020-21
94,1627750,Jamal Murray,1610612743,DEN,G,24.0,48,48,1.0,4.65,10.83,0.429,0.458,-0.03,2020-21
95,1629011,Mitchell Robinson,1610612752,NYK,C-F,23.0,31,31,1.0,5.03,10.77,0.467,0.491,-0.024,2020-21
96,1629636,Darius Garland,1610612739,CLE,G,21.0,53,53,1.0,5.36,10.77,0.497,0.445,0.052,2020-21
97,1627763,Malcolm Brogdon,1610612754,IND,G,28.0,56,56,1.0,5.29,10.73,0.493,0.466,0.027,2020-21
98,1626162,Kelly Oubre Jr.,1610612744,GSW,F-G,25.0,55,55,1.0,4.67,10.73,0.436,0.47,-0.035,2020-21
99,1628963,Marvin Bagley III,1610612758,SAC,F,22.0,43,43,1.0,5.33,10.7,0.498,0.471,0.027,2020-21
100,1629008,Michael Porter Jr.,1610612743,DEN,F,22.0,61,61,1.0,4.92,10.67,0.461,0.47,-0.009,2020-21
101,202066,Garrett Temple,1610612741,CHI,G-F,35.0,56,56,1.0,4.5,10.66,0.422,0.457,-0.035,2020-21
102,203925,Joe Harris,1610612751,BKN,G-F,29.0,68,68,1.0,5.24,10.66,0.491,0.457,0.034,2020-21
103,1626164,Devin Booker,1610612756,PHX,G,24.0,67,67,1.0,4.82,10.64,0.453,0.457,-0.004,2020-21
104,1626179,Terry Rozier,1610612766,CHA,G,27.0,69,69,1.0,4.81,10.62,0.453,0.45,0.003,2020-21
105,2772,Trevor Ariza,1610612748,MIA,F,35.0,29,29,1.0,4.55,10.59,0.43,0.465,-0.035,2020-21
106,1627747,Caris LeVert,1610612754,IND,G,26.0,46,46,1.0,4.85,10.59,0.458,0.46,-0.002,2020-21
107,1627749,Dejounte Murray,1610612759,SAS,G,24.0,67,67,1.0,5.48,10.55,0.519,0.462,0.057,2020-21
108,1630256,Jae'Sean Tate,1610612745,HOU,F,25.0,69,69,1.0,4.93,10.55,0.467,0.468,-0.001,2020-21
109,203469,Cody Zeller,1610612766,CHA,F-C,28.0,48,48,1.0,5.02,10.52,0.477,0.484,-0.007,2020-21
110,1629651,Nicolas Claxton,1610612751,BKN,F-C,22.0,30,30,1.0,3.53,10.5,0.337,0.461,-0.124,2020-21
111,203200,Justin Holiday,1610612754,IND,F-G,32.0,72,72,1.0,4.44,10.49,0.424,0.462,-0.038,2020-21
112,201188,Marc Gasol,1610612747,LAL,C,36.0,51,51,1.0,4.98,10.45,0.477,0.486,-0.009,2020-21
113,1630166,Deni Avdija,1610612764,WAS,F,20.0,54,54,1.0,4.89,10.41,0.47,0.468,0.002,2020-21
114,1628374,Lauri Markkanen,1610612741,CHI,F-C,24.0,49,49,1.0,5.04,10.41,0.484,0.463,0.021,2020-21
115,1629675,Naz Reid,1610612750,MIN,C-F,21.0,70,70,1.0,5.03,10.33,0.487,0.483,0.004,2020-21
116,203920,Khem Birch,1610612761,TOR,C,28.0,66,66,1.0,4.79,10.3,0.465,0.474,-0.009,2020-21
117,1628384,OG Anunoby,1610612761,TOR,F,23.0,43,43,1.0,4.6,10.3,0.447,0.468,-0.021,2020-21
118,203937,Kyle Anderson,1610612763,MEM,F-G,27.0,69,69,1.0,4.55,10.28,0.443,0.459,-0.016,2020-21
119,1626149,Montrezl Harrell,1610612747,LAL,F-C,27.0,66,66,1.0,4.85,10.27,0.472,0.476,-0.004,2020-21
120,1629130,Duncan Robinson,1610612748,MIA,F,27.0,72,72,1.0,4.97,10.26,0.484,0.459,0.025,2020-21
121,202324,Derrick Favors,1610612762,UTA,F,29.0,68,68,1.0,4.96,10.22,0.485,0.488,-0.003,2020-21
122,1630164,James Wiseman,1610612744,GSW,C,20.0,39,39,1.0,4.74,10.21,0.465,0.488,-0.023,2020-21
123,1630183,Jaden McDaniels,1610612750,MIN,F,20.0,61,61,1.0,4.75,10.2,0.466,0.466,0.0,2020-21
124,202710,Jimmy Butler,1610612748,MIA,F,31.0,52,52,1.0,4.44,10.19,0.436,0.46,-0.024,2020-21
125,201144,Mike Conley,1610612762,UTA,G,33.0,51,51,1.0,4.35,10.16,0.429,0.447,-0.018,2020-21
126,203081,Damian Lillard,1610612757,POR,G,30.0,67,67,1.0,4.54,10.15,0.447,0.45,-0.003,2020-21
127,1629012,Collin Sexton,1610612739,CLE,G,22.0,59,59,1.0,4.98,10.15,0.491,0.451,0.04,2020-21
128,202687,Bismack Biyombo,1610612766,CHA,C,28.0,64,64,1.0,4.61,10.14,0.455,0.474,-0.02,2020-21
129,1629640,Keldon Johnson,1610612759,SAS,F-G,21.0,69,69,1.0,4.86,10.14,0.479,0.465,0.013,2020-21
130,203935,Marcus Smart,1610612738,BOS,G,27.0,48,48,1.0,4.5,10.13,0.444,0.464,-0.02,2020-21
131,203501,Tim Hardaway Jr.,1610612742,DAL,G-F,29.0,70,70,1.0,4.51,10.07,0.448,0.452,-0.004,2020-21
132,1629134,Kendrick Nunn,1610612748,MIA,G,25.0,56,56,1.0,4.79,10.07,0.475,0.455,0.021,2020-21
133,1630175,Cole Anthony,1610612753,ORL,G,21.0,47,47,1.0,4.91,10.04,0.489,0.45,0.04,2020-21
134,201152,Thaddeus Young,1610612741,CHI,F,32.0,67,67,1.0,5.1,10.03,0.509,0.475,0.034,2020-21
135,203487,Michael Carter-Williams,1610612753,ORL,G,29.0,31,31,1.0,4.0,10.0,0.4,0.466,-0.066,2020-21
136,1627732,Ben Simmons,1610612755,PHI,G-F,24.0,57,57,1.0,4.07,9.95,0.409,0.46,-0.051,2020-21
137,202681,Kyrie Irving,1610612751,BKN,G,29.0,54,54,1.0,4.56,9.94,0.458,0.458,0.0,2020-21
138,1626192,Pat Connaughton,1610612749,MIL,G,28.0,69,69,1.0,4.41,9.94,0.443,0.451,-0.008,2020-21
139,1628989,Kevin Huerter,1610612737,ATL,G-F,22.0,69,69,1.0,4.26,9.91,0.43,0.456,-0.026,2020-21
140,202695,Kawhi Leonard,1610612746,LAC,F,29.0,52,52,1.0,4.83,9.87,0.489,0.463,0.026,2020-21
141,1630162,Anthony Edwards,1610612750,MIN,G,19.0,72,72,1.0,4.67,9.85,0.474,0.452,0.022,2020-21
142,1626172,Kevon Looney,1610612744,GSW,F,25.0,61,61,1.0,4.62,9.8,0.472,0.481,-0.01,2020-21
143,1628425,Sterling Brown,1610612745,HOU,G-F,26.0,51,51,1.0,4.9,9.76,0.502,0.454,0.048,2020-21
144,1629650,Moses Brown,1610612760,OKC,C,21.0,42,42,1.0,4.81,9.76,0.493,0.486,0.007,2020-21
145,201567,Kevin Love,1610612739,CLE,F-C,32.0,23,23,1.0,5.26,9.74,0.54,0.476,0.064,2020-21
146,1629630,Ja Morant,1610612763,MEM,G,21.0,63,63,1.0,4.79,9.68,0.495,0.459,0.036,2020-21
147,201577,Robin Lopez,1610612764,WAS,C,33.0,71,71,1.0,4.56,9.63,0.474,0.497,-0.023,2020-21
148,1629643,Chuma Okeke,1610612753,ORL,F,22.0,45,45,1.0,4.58,9.6,0.477,0.458,0.018,2020-21
149,1630197,Aleksej Pokusevski,1610612760,OKC,C,19.0,45,45,1.0,4.84,9.6,0.505,0.456,0.049,2020-21
150,1630273,Freddie Gillespie,1610612761,TOR,F,23.0,20,20,1.0,4.6,9.55,0.482,0.487,-0.005,2020-21
151,1627737,Marquese Chriss,1610612744,GSW,F,23.0,2,2,1.0,4.0,9.5,0.421,0.506,-0.085,2020-21
152,1629308,Juan Toscano-Anderson,1610612744,GSW,F,28.0,51,51,1.0,4.61,9.45,0.488,0.466,0.021,2020-21
153,1629676,Isaiah Roby,1610612760,OKC,F,23.0,61,61,1.0,5.0,9.41,0.531,0.481,0.051,2020-21
154,203109,Jae Crowder,1610612756,PHX,F,30.0,60,60,1.0,3.85,9.4,0.41,0.466,-0.057,2020-21
155,1628398,Kyle Kuzma,1610612747,LAL,F,25.0,67,67,1.0,4.12,9.4,0.438,0.464,-0.026,2020-21
156,1629639,Tyler Herro,1610612748,MIA,G,21.0,54,54,1.0,4.17,9.37,0.445,0.447,-0.003,2020-21
157,202330,Gordon Hayward,1610612766,CHA,F,31.0,44,44,1.0,4.34,9.36,0.464,0.464,0.0,2020-21
158,203932,Aaron Gordon,1610612743,DEN,F,25.0,50,50,1.0,4.08,9.34,0.437,0.47,-0.033,2020-21
159,1627742,Brandon Ingram,1610612740,NOP,F,23.0,61,61,1.0,4.31,9.33,0.462,0.461,0.001,2020-21
160,203915,Spencer Dinwiddie,1610612751,BKN,G,28.0,3,3,1.0,3.33,9.33,0.357,0.473,-0.116,2020-21
161,1627736,Malik Beasley,1610612750,MIN,G,24.0,37,37,1.0,4.59,9.32,0.493,0.453,0.04,2020-21
162,1628971,Bruce Brown,1610612751,BKN,G-F,24.0,65,65,1.0,4.43,9.32,0.475,0.459,0.016,2020-21
163,203924,Jerami Grant,1610612765,DET,F,27.0,54,54,1.0,4.2,9.31,0.451,0.477,-0.026,2020-21
164,1626156,D'Angelo Russell,1610612750,MIN,G,25.0,42,42,1.0,4.5,9.29,0.485,0.454,0.031,2020-21
165,202322,John Wall,1610612745,HOU,G,30.0,40,40,1.0,4.28,9.28,0.461,0.462,-0.001,2020-21
166,1626195,Willy Hernangomez,1610612740,NOP,C-F,27.0,45,45,1.0,4.89,9.27,0.528,0.494,0.034,2020-21
167,1626171,Bobby Portis,1610612749,MIL,F,26.0,66,66,1.0,4.29,9.27,0.462,0.48,-0.017,2020-21
168,2544,LeBron James,1610612747,LAL,F,36.0,43,43,1.0,3.77,9.26,0.407,0.461,-0.054,2020-21
169,200782,P.J. Tucker,1610612749,MIL,F,36.0,52,52,1.0,4.46,9.25,0.482,0.472,0.01,2020-21
170,1630165,Killian Hayes,1610612765,DET,G,19.0,26,26,1.0,4.58,9.19,0.498,0.443,0.055,2020-21
171,201959,Taj Gibson,1610612752,NYK,F,35.0,44,44,1.0,4.0,9.18,0.436,0.486,-0.05,2020-21
172,1629634,Brandon Clarke,1610612763,MEM,F,24.0,59,59,1.0,4.25,9.17,0.464,0.472,-0.008,2020-21
173,201587,Nicolas Batum,1610612746,LAC,G-F,32.0,67,67,1.0,4.16,9.15,0.455,0.468,-0.013,2020-21
174,1628407,Dwayne Bacon,1610612753,ORL,G-F,25.0,72,72,1.0,4.35,9.13,0.476,0.456,0.02,2020-21
175,201566,Russell Westbrook,1610612764,WAS,G,32.0,65,65,1.0,4.35,9.09,0.479,0.461,0.018,2020-21
176,1626161,Willie Cauley-Stein,1610612742,DAL,C,27.0,53,53,1.0,4.23,9.08,0.466,0.483,-0.018,2020-21
177,1628383,Justin Patton,1610612745,HOU,C,23.0,13,13,1.0,4.92,9.08,0.542,0.484,0.059,2020-21
178,1630169,Tyrese Haliburton,1610612758,SAC,G,21.0,57,57,1.0,4.39,9.07,0.484,0.45,0.034,2020-21
179,1630172,Patrick Williams,1610612741,CHI,F,19.0,71,71,1.0,4.11,9.07,0.453,0.472,-0.018,2020-21
180,1627884,Derrick Jones Jr.,1610612757,POR,F,24.0,58,58,1.0,3.91,9.07,0.432,0.467,-0.035,2020-21
181,203493,Reggie Bullock,1610612752,NYK,G-F,30.0,65,65,1.0,4.11,9.06,0.453,0.464,-0.01,2020-21
182,1628978,Donte DiVincenzo,1610612749,MIL,G,24.0,66,66,1.0,4.08,9.05,0.451,0.454,-0.004,2020-21
183,1627740,Henry Ellenson,1610612761,TOR,F-C,24.0,2,2,1.0,4.0,9.0,0.444,0.459,-0.014,2020-21
184,201568,Danilo Gallinari,1610612737,ATL,F,32.0,51,51,1.0,4.61,8.96,0.514,0.466,0.048,2020-21
185,1628378,Donovan Mitchell,1610612762,UTA,G,24.0,53,53,1.0,4.42,8.94,0.494,0.454,0.039,2020-21
186,203115,Will Barton,1610612743,DEN,G,30.0,55,55,1.0,4.35,8.93,0.487,0.457,0.029,2020-21
187,203082,Terrence Ross,1610612753,ORL,G-F,30.0,46,46,1.0,4.04,8.91,0.454,0.451,0.002,2020-21
188,203901,Elfrid Payton,1610612752,NYK,G,27.0,63,63,1.0,4.0,8.9,0.449,0.452,-0.003,2020-21
189,202704,Reggie Jackson,1610612746,LAC,G,31.0,66,66,1.0,4.18,8.89,0.47,0.451,0.019,2020-21
190,202355,Hassan Whiteside,1610612758,SAC,C,31.0,35,35,1.0,4.14,8.89,0.466,0.496,-0.03,2020-21
191,1630177,Theo Maledon,1610612760,OKC,G,19.0,65,65,1.0,4.12,8.8,0.469,0.449,0.02,2020-21
192,200794,Paul Millsap,1610612743,DEN,F,36.0,56,56,1.0,4.27,8.8,0.485,0.474,0.011,2020-21
193,202722,Davis Bertans,1610612764,WAS,F,28.0,56,56,1.0,4.0,8.8,0.454,0.46,-0.006,2020-21
194,203957,Dante Exum,1610612745,HOU,G,25.0,5,5,1.0,4.2,8.8,0.477,0.466,0.011,2020-21
195,1628021,David Nwaba,1610612745,HOU,G-F,28.0,29,29,1.0,3.93,8.79,0.447,0.456,-0.009,2020-21
196,203090,Maurice Harkless,1610612758,SAC,F-G,28.0,33,33,1.0,4.39,8.79,0.5,0.457,0.043,2020-21
197,1629667,Jalen McDaniels,1610612766,CHA,F-C,23.0,43,43,1.0,4.35,8.74,0.497,0.461,0.036,2020-21
198,203488,Mike Muscala,1610612760,OKC,F-C,29.0,35,35,1.0,3.97,8.71,0.456,0.475,-0.019,2020-21
199,1628367,Josh Jackson,1610612765,DET,G-F,24.0,62,62,1.0,3.98,8.69,0.458,0.458,0.0,2020-21
200,203914,Gary Harris,1610612753,ORL,G,26.0,39,39,1.0,3.85,8.64,0.445,0.462,-0.017,2020-21
201,203382,Aron Baynes,1610612761,TOR,C-F,34.0,52,52,1.0,4.31,8.63,0.499,0.492,0.007,2020-21
202,202711,Bojan Bogdanovic,1610612762,UTA,F,32.0,72,72,1.0,3.9,8.63,0.452,0.46,-0.007,2020-21
203,1628984,Devonte' Graham,1610612766,CHA,G,26.0,55,55,1.0,3.55,8.62,0.411,0.45,-0.039,2020-21
204,1626181,Norman Powell,1610612757,POR,G,28.0,69,69,1.0,3.9,8.59,0.454,0.457,-0.004,2020-21
205,1630214,Xavier Tillman,1610612763,MEM,F,22.0,59,59,1.0,4.02,8.59,0.467,0.482,-0.015,2020-21
206,1629057,Robert Williams III,1610612738,BOS,C-F,23.0,52,52,1.0,3.92,8.56,0.458,0.478,-0.019,2020-21
207,1626153,Delon Wright,1610612758,SAC,G,29.0,63,63,1.0,4.11,8.56,0.481,0.46,0.02,2020-21
208,1628369,Jayson Tatum,1610612738,BOS,F-G,23.0,64,64,1.0,4.02,8.56,0.469,0.46,0.009,2020-21
209,1628964,Mo Bamba,1610612753,ORL,C,23.0,44,44,1.0,4.2,8.52,0.493,0.49,0.003,2020-21
210,1630230,Naji Marshall,1610612740,NOP,F,23.0,27,27,1.0,4.0,8.52,0.47,0.458,0.011,2020-21
211,1626196,Josh Richardson,1610612742,DAL,G,27.0,59,59,1.0,3.73,8.51,0.438,0.458,-0.02,2020-21
212,202709,Cory Joseph,1610612765,DET,G,29.0,63,63,1.0,4.0,8.44,0.474,0.455,0.019,2020-21
213,1629751,Dakota Mathias,1610612755,PHI,G,25.0,7,7,1.0,4.0,8.43,0.475,0.437,0.038,2020-21
214,1628365,Markelle Fultz,1610612753,ORL,G,23.0,8,8,1.0,4.25,8.38,0.507,0.456,0.052,2020-21
215,203552,Seth Curry,1610612755,PHI,G,30.0,57,57,1.0,3.72,8.37,0.444,0.441,0.004,2020-21
216,203458,Alex Len,1610612764,WAS,C,27.0,63,63,1.0,3.78,8.3,0.455,0.496,-0.041,2020-21
217,203087,Jeremy Lamb,1610612754,IND,G-F,29.0,35,35,1.0,4.11,8.26,0.498,0.458,0.04,2020-21
218,203526,Raul Neto,1610612764,WAS,G,29.0,64,64,1.0,3.89,8.23,0.472,0.451,0.022,2020-21
219,202326,DeMarcus Cousins,1610612746,LAC,C,30.0,41,41,1.0,4.0,8.22,0.487,0.483,0.003,2020-21
220,1628960,Grayson Allen,1610612763,MEM,G,25.0,50,50,1.0,3.72,8.18,0.455,0.453,0.001,2020-21
221,200752,Rudy Gay,1610612759,SAS,F-G,34.0,63,63,1.0,3.25,8.17,0.398,0.458,-0.059,2020-21
222,1629020,Jarred Vanderbilt,1610612750,MIN,F,22.0,64,64,1.0,3.7,8.16,0.454,0.48,-0.026,2020-21
223,1629638,Nickeil Alexander-Walker,1610612740,NOP,G,22.0,45,45,1.0,4.07,8.16,0.499,0.455,0.044,2020-21
224,101108,Chris Paul,1610612756,PHX,G,36.0,70,70,1.0,4.26,8.14,0.523,0.454,0.069,2020-21
225,1629021,Moritz Wagner,1610612753,ORL,F-C,24.0,44,44,1.0,3.89,8.14,0.478,0.473,0.005,2020-21
226,1629001,De'Anthony Melton,1610612763,MEM,G,23.0,51,51,1.0,3.53,8.12,0.435,0.453,-0.018,2020-21
227,201949,James Johnson,1610612740,NOP,F,34.0,50,50,1.0,3.68,8.12,0.453,0.461,-0.007,2020-21
228,202694,Marcus Morris Sr.,1610612746,LAC,F,31.0,55,55,1.0,4.0,8.11,0.493,0.465,0.028,2020-21
229,1629655,Daniel Gafford,1610612764,WAS,F-C,22.0,53,53,1.0,3.96,8.11,0.488,0.483,0.006,2020-21
230,1629611,Terance Mann,1610612746,LAC,G-F,24.0,62,62,1.0,3.92,8.1,0.484,0.458,0.026,2020-21
231,201565,Derrick Rose,1610612752,NYK,G,32.0,49,49,1.0,3.39,8.1,0.418,0.45,-0.032,2020-21
232,1629027,Trae Young,1610612737,ATL,G,22.0,62,62,1.0,3.74,8.1,0.462,0.451,0.011,2020-21
233,1626184,Chasson Randle,1610612753,ORL,G,28.0,39,39,1.0,3.82,8.08,0.473,0.441,0.032,2020-21
234,1627863,Danuel House Jr.,1610612745,HOU,F-G,28.0,36,36,1.0,3.72,8.06,0.462,0.464,-0.002,2020-21
235,1630237,Anthony Lamb,1610612745,HOU,F,23.0,22,22,1.0,4.5,8.05,0.559,0.465,0.094,2020-21
236,1627752,Taurean Prince,1610612739,CLE,F,27.0,40,40,1.0,3.73,8.03,0.464,0.462,0.002,2020-21
237,1629731,Dean Wade,1610612739,CLE,F-C,24.0,55,55,1.0,3.93,8.02,0.49,0.474,0.016,2020-21
238,1626163,Frank Kaminsky,1610612756,PHX,F-C,28.0,47,47,1.0,4.02,8.02,0.501,0.481,0.02,2020-21
239,1629649,Ignas Brazdeikis,1610612753,ORL,F,22.0,10,10,1.0,3.4,8.0,0.425,0.45,-0.025,2020-21
240,1629712,Didi Louzada,1610612740,NOP,G,21.0,2,2,1.0,5.5,8.0,0.688,0.415,0.272,2020-21
241,1628372,Dennis Smith Jr.,1610612765,DET,G,23.0,23,23,1.0,3.26,7.96,0.41,0.456,-0.046,2020-21
242,203516,James Ennis III,1610612753,ORL,F,30.0,41,41,1.0,3.56,7.88,0.452,0.461,-0.009,2020-21
243,1626159,Justise Winslow,1610612763,MEM,F-G,25.0,25,25,1.0,3.64,7.88,0.462,0.462,0.0,2020-21
244,1629022,Lonnie Walker IV,1610612759,SAS,G-F,22.0,59,59,1.0,3.97,7.88,0.503,0.457,0.046,2020-21
245,1630163,LaMelo Ball,1610612766,CHA,G,19.0,51,51,1.0,3.94,7.88,0.5,0.451,0.049,2020-21
246,1628420,Monte Morris,1610612743,DEN,G,25.0,47,47,1.0,3.32,7.81,0.425,0.456,-0.031,2020-21
247,1629013,Landry Shamet,1610612751,BKN,G,24.0,61,61,1.0,3.92,7.79,0.503,0.454,0.049,2020-21
248,1628436,Luke Kornet,1610612738,BOS,F-C,25.0,29,29,1.0,3.28,7.79,0.42,0.478,-0.057,2020-21
249,202692,Alec Burks,1610612752,NYK,G,29.0,49,49,1.0,3.08,7.76,0.397,0.452,-0.055,2020-21
250,1628396,Tony Bradley,1610612760,OKC,C-F,23.0,41,41,1.0,3.34,7.76,0.431,0.49,-0.059,2020-21
251,1629002,Chimezie Metu,1610612758,SAC,F-C,24.0,33,33,1.0,4.09,7.73,0.529,0.469,0.06,2020-21
252,201937,Ricky Rubio,1610612750,MIN,G,30.0,68,68,1.0,3.43,7.71,0.445,0.446,-0.002,2020-21
253,1629018,Gary Trent Jr.,1610612761,TOR,G-F,22.0,58,58,1.0,3.57,7.69,0.464,0.457,0.007,2020-21
254,1629661,Cameron Johnson,1610612756,PHX,F,25.0,60,60,1.0,3.67,7.68,0.477,0.454,0.024,2020-21
255,1630267,Facundo Campazzo,1610612743,DEN,G,30.0,63,63,1.0,3.32,7.67,0.433,0.449,-0.016,2020-21
256,1629659,Talen Horton-Tucker,1610612747,LAL,G,20.0,64,64,1.0,3.61,7.67,0.47,0.457,0.013,2020-21
257,203903,Jordan Clarkson,1610612762,UTA,G,29.0,68,68,1.0,3.62,7.66,0.472,0.449,0.023,2020-21
258,1629048,Goga Bitadze,1610612754,IND,C-F,21.0,43,43,1.0,3.49,7.63,0.457,0.483,-0.025,2020-21
259,1629026,Kenrich Williams,1610612760,OKC,G-F,26.0,66,66,1.0,3.74,7.61,0.492,0.464,0.028,2020-21
260,202329,Al-Farouq Aminu,1610612741,CHI,F,30.0,20,20,1.0,3.4,7.6,0.447,0.479,-0.032,2020-21
261,203939,Dwight Powell,1610612742,DAL,F-C,29.0,57,57,1.0,3.56,7.6,0.469,0.475,-0.006,2020-21
262,203926,Doug McDermott,1610612754,IND,F,29.0,66,66,1.0,3.67,7.59,0.483,0.464,0.019,2020-21
263,1629006,Josh Okogie,1610612750,MIN,G,22.0,58,58,1.0,3.64,7.59,0.48,0.471,0.008,2020-21
264,203145,Kent Bazemore,1610612744,GSW,G-F,31.0,65,65,1.0,3.31,7.54,0.439,0.458,-0.019,2020-21
265,203503,Tony Snell,1610612737,ATL,G,29.0,45,45,1.0,3.42,7.53,0.454,0.465,-0.011,2020-21
266,1629034,Ray Spalding,1610612745,HOU,F,24.0,2,2,1.0,3.5,7.5,0.467,0.479,-0.012,2020-21
267,204456,T.J. McConnell,1610612754,IND,G,29.0,69,69,1.0,3.61,7.48,0.483,0.442,0.04,2020-21
268,203967,Dario Saric,1610612756,PHX,F-C,27.0,50,50,1.0,3.68,7.48,0.492,0.469,0.023,2020-21
269,201976,Patrick Beverley,1610612746,LAC,G,32.0,36,36,1.0,3.22,7.47,0.431,0.46,-0.029,2020-21
270,1629743,Donta Hall,1610612753,ORL,C,23.0,13,13,1.0,3.23,7.46,0.433,0.487,-0.054,2020-21
271,1626143,Jahlil Okafor,1610612765,DET,C-F,25.0,26,26,1.0,4.04,7.46,0.541,0.476,0.066,2020-21
272,201569,Eric Gordon,1610612745,HOU,G,32.0,27,27,1.0,2.96,7.41,0.4,0.451,-0.051,2020-21
273,1628973,Jalen Brunson,1610612742,DAL,G,24.0,67,67,1.0,3.45,7.4,0.466,0.447,0.019,2020-21
274,1629234,Drew Eubanks,1610612759,SAS,F-C,24.0,53,53,1.0,3.4,7.36,0.462,0.484,-0.022,2020-21
275,1630180,Saddiq Bey,1610612765,DET,F,22.0,70,70,1.0,3.57,7.33,0.487,0.463,0.024,2020-21
276,1629660,Ty Jerome,1610612760,OKC,G-F,23.0,33,33,1.0,3.36,7.33,0.459,0.443,0.016,2020-21
277,201588,George Hill,1610612755,PHI,G,35.0,30,30,1.0,3.27,7.33,0.445,0.449,-0.003,2020-21
278,201942,DeMar DeRozan,1610612759,SAS,G-F,31.0,61,61,1.0,3.57,7.33,0.488,0.459,0.028,2020-21
279,1630231,Kenyon Martin Jr.,1610612745,HOU,F,20.0,44,44,1.0,3.36,7.3,0.461,0.467,-0.006,2020-21
280,204060,Joe Ingles,1610612762,UTA,F-G,33.0,67,67,1.0,2.99,7.3,0.409,0.455,-0.046,2020-21
281,2546,Carmelo Anthony,1610612757,POR,F,37.0,69,69,1.0,3.26,7.3,0.446,0.458,-0.012,2020-21
282,1629003,Shake Milton,1610612755,PHI,G-F,24.0,63,63,1.0,3.19,7.3,0.437,0.449,-0.012,2020-21
283,201609,Goran Dragic,1610612748,MIA,G,35.0,49,49,1.0,3.33,7.27,0.458,0.453,0.005,2020-21
284,1629717,Armoni Brooks,1610612745,HOU,G,23.0,19,19,1.0,3.84,7.26,0.529,0.45,0.079,2020-21
285,201988,Patty Mills,1610612759,SAS,G,32.0,67,67,1.0,3.24,7.22,0.448,0.447,0.001,2020-21
286,1628977,Hamidou Diallo,1610612765,DET,G,22.0,52,52,1.0,2.96,7.21,0.411,0.447,-0.036,2020-21
287,1629680,Matisse Thybulle,1610612755,PHI,G-F,24.0,63,63,1.0,2.68,7.21,0.372,0.449,-0.077,2020-21
288,1630466,Gabriel Deck,1610612760,OKC,F,26.0,10,10,1.0,3.8,7.2,0.528,0.495,0.033,2020-21
289,202397,Ish Smith,1610612764,WAS,G,32.0,43,43,1.0,3.16,7.19,0.44,0.453,-0.013,2020-21
290,1629684,Grant Williams,1610612738,BOS,F,22.0,62,62,1.0,3.19,7.16,0.446,0.466,-0.021,2020-21
291,2738,Andre Iguodala,1610612748,MIA,G-F,37.0,62,62,1.0,3.06,7.15,0.429,0.457,-0.029,2020-21
292,203484,Kentavious Caldwell-Pope,1610612747,LAL,G,28.0,66,66,1.0,3.44,7.14,0.482,0.467,0.014,2020-21
293,1629010,Jerome Robinson,1610612764,WAS,G,24.0,16,16,1.0,3.44,7.13,0.482,0.462,0.021,2020-21
294,1627745,Damian Jones,1610612758,SAC,C,25.0,36,36,1.0,3.67,7.11,0.516,0.476,0.039,2020-21
295,202357,Nemanja Bjelica,1610612748,MIA,F,33.0,37,37,1.0,3.65,7.11,0.513,0.468,0.045,2020-21
296,201580,JaVale McGee,1610612743,DEN,C-F,33.0,44,44,1.0,3.11,7.09,0.439,0.471,-0.032,2020-21
297,202334,Ed Davis,1610612750,MIN,C-F,32.0,22,22,1.0,3.86,7.09,0.545,0.493,0.052,2020-21
298,203476,Gorgui Dieng,1610612759,SAS,C,31.0,38,38,1.0,3.97,7.0,0.568,0.479,0.088,2020-21
299,202340,Avery Bradley,1610612745,HOU,G,30.0,26,26,1.0,3.38,7.0,0.484,0.464,0.019,2020-21
300,1628412,Frank Mason,1610612753,ORL,G,27.0,4,4,1.0,3.5,7.0,0.5,0.453,0.047,2020-21
301,1630201,Malachi Flynn,1610612761,TOR,G,23.0,45,45,1.0,2.91,6.98,0.417,0.449,-0.031,2020-21
302,203524,Solomon Hill,1610612737,ATL,F,30.0,71,71,1.0,3.11,6.97,0.446,0.463,-0.017,2020-21
303,1628998,Cody Martin,1610612766,CHA,F,25.0,48,48,1.0,3.1,6.96,0.446,0.456,-0.01,2020-21
304,201939,Stephen Curry,1610612744,GSW,G,33.0,63,63,1.0,3.08,6.94,0.444,0.448,-0.004,2020-21
305,1630173,Precious Achiuwa,1610612748,MIA,F,21.0,54,54,1.0,3.3,6.89,0.478,0.486,-0.008,2020-21
306,1629109,Gary Clark,1610612755,PHI,F,26.0,37,37,1.0,3.35,6.84,0.49,0.463,0.028,2020-21
307,203085,Austin Rivers,1610612743,DEN,G,28.0,35,35,1.0,2.91,6.83,0.427,0.442,-0.016,2020-21
308,1629669,Jaylen Nowell,1610612750,MIN,G,21.0,41,41,1.0,3.37,6.83,0.493,0.453,0.04,2020-21
309,1628395,Jordan Bell,1610612744,GSW,F,26.0,5,5,1.0,3.2,6.8,0.471,0.47,0.0,2020-21
310,2730,Dwight Howard,1610612755,PHI,C-F,35.0,69,69,1.0,3.28,6.77,0.484,0.495,-0.011,2020-21
311,201961,Wayne Ellington,1610612765,DET,G,33.0,45,45,1.0,3.27,6.76,0.484,0.458,0.026,2020-21
312,1627789,Timothe Luwawu-Cabarrot,1610612751,BKN,G-F,26.0,57,57,1.0,3.33,6.75,0.494,0.451,0.043,2020-21
313,1628408,PJ Dozier,1610612743,DEN,G-F,24.0,50,50,1.0,3.0,6.74,0.445,0.457,-0.012,2020-21
314,202693,Markieff Morris,1610612747,LAL,F,31.0,59,59,1.0,3.05,6.69,0.456,0.471,-0.015,2020-21
315,1630217,Desmond Bane,1610612763,MEM,G,22.0,68,68,1.0,2.93,6.65,0.44,0.454,-0.013,2020-21
316,1629004,Svi Mykhailiuk,1610612760,OKC,G-F,23.0,64,64,1.0,3.19,6.64,0.48,0.446,0.034,2020-21
317,1630271,Brodric Thomas,1610612739,CLE,G,24.0,25,25,1.0,2.8,6.64,0.422,0.464,-0.043,2020-21
318,203107,Tomas Satoransky,1610612741,CHI,G,29.0,58,58,1.0,3.03,6.62,0.458,0.447,0.011,2020-21
319,1628392,Isaiah Hartenstein,1610612739,CLE,C-F,23.0,44,44,1.0,2.77,6.61,0.419,0.493,-0.073,2020-21
320,1627814,Damion Lee,1610612744,GSW,G-F,28.0,57,57,1.0,3.14,6.61,0.475,0.457,0.018,2020-21
321,1626224,Cedi Osman,1610612739,CLE,F,26.0,58,58,1.0,3.17,6.6,0.48,0.457,0.023,2020-21
322,1628379,Luke Kennard,1610612746,LAC,G,24.0,59,59,1.0,3.32,6.59,0.504,0.446,0.058,2020-21
323,202335,Patrick Patterson,1610612746,LAC,F,32.0,37,37,1.0,3.11,6.59,0.471,0.462,0.009,2020-21
324,1629672,Eric Paschall,1610612744,GSW,F,24.0,39,39,1.0,2.79,6.59,0.424,0.465,-0.041,2020-21
325,1629603,Mamadi Diakite,1610612749,MIL,F,24.0,9,9,1.0,2.56,6.56,0.39,0.452,-0.063,2020-21
326,1627936,Alex Caruso,1610612747,LAL,G,27.0,56,56,1.0,2.8,6.55,0.428,0.458,-0.03,2020-21
327,1628997,Caleb Martin,1610612766,CHA,F,25.0,50,50,1.0,3.12,6.52,0.479,0.452,0.026,2020-21
328,1630181,R.J. Hampton,1610612753,ORL,G,20.0,45,45,1.0,3.27,6.51,0.502,0.446,0.055,2020-21
329,1628988,Aaron Holiday,1610612754,IND,G,24.0,63,63,1.0,3.0,6.46,0.464,0.447,0.017,2020-21
330,1628391,D.J. Wilson,1610612745,HOU,F,25.0,35,35,1.0,2.8,6.43,0.436,0.46,-0.024,2020-21
331,1628470,Torrey Craig,1610612756,PHX,F,30.0,47,47,1.0,2.91,6.4,0.455,0.455,0.0,2020-21
332,1627823,Juancho Hernangomez,1610612750,MIN,F,25.0,50,50,1.0,3.26,6.36,0.513,0.466,0.046,2020-21
333,1630168,Onyeka Okongwu,1610612737,ATL,F-C,20.0,50,50,1.0,3.08,6.36,0.484,0.477,0.007,2020-21
334,1629610,DaQuan Jeffries,1610612759,SAS,G-F,23.0,29,29,1.0,2.83,6.31,0.448,0.459,-0.011,2020-21
335,202954,Brad Wanamaker,1610612766,CHA,G,31.0,60,60,1.0,3.23,6.25,0.517,0.456,0.061,2020-21
336,1629644,KZ Okpala,1610612748,MIA,F-G,22.0,32,32,1.0,2.56,6.25,0.41,0.461,-0.051,2020-21
337,1628422,Damyean Dotson,1610612739,CLE,G,27.0,41,41,1.0,2.8,6.24,0.449,0.448,0.002,2020-21
338,1629117,Wenyen Gabriel,1610612740,NOP,F,24.0,19,19,1.0,2.74,6.21,0.441,0.451,-0.01,2020-21
339,1629637,Jaxson Hayes,1610612740,NOP,C-F,21.0,59,59,1.0,2.73,6.2,0.44,0.479,-0.039,2020-21
340,203490,Otto Porter Jr.,1610612753,ORL,F,28.0,26,26,1.0,3.08,6.19,0.497,0.462,0.035,2020-21
341,1630240,Saben Lee,1610612765,DET,G,21.0,44,44,1.0,2.98,6.16,0.483,0.441,0.042,2020-21
342,203118,Mike Scott,1610612755,PHI,F,32.0,49,49,1.0,3.14,6.16,0.51,0.468,0.042,2020-21
343,1629162,Jordan McLaughlin,1610612750,MIN,G,25.0,50,50,1.0,2.98,6.16,0.484,0.446,0.038,2020-21
344,201952,Jeff Teague,1610612749,MIL,G,32.0,54,54,1.0,2.8,6.13,0.456,0.461,-0.004,2020-21
345,1627846,Abdel Nader,1610612756,PHX,F,27.0,19,19,1.0,2.37,6.11,0.388,0.454,-0.066,2020-21
346,203960,JaKarr Sampson,1610612754,IND,F,28.0,28,28,1.0,2.54,6.11,0.415,0.476,-0.06,2020-21
347,1626168,Trey Lyles,1610612759,SAS,F,25.0,22,22,1.0,2.95,6.09,0.485,0.463,0.022,2020-21
348,1629014,Anfernee Simons,1610612757,POR,G,22.0,61,61,1.0,3.16,6.07,0.522,0.453,0.069,2020-21
349,1628402,Frank Jackson,1610612765,DET,G,23.0,34,34,1.0,2.44,6.06,0.403,0.445,-0.042,2020-21
350,203210,JaMychal Green,1610612743,DEN,F-C,30.0,57,57,1.0,2.77,6.0,0.462,0.462,0.0,2020-21
351,203460,Andre Roberson,1610612751,BKN,G-F,29.0,4,4,1.0,3.25,6.0,0.542,0.445,0.096,2020-21
352,202738,Isaiah Thomas,1610612740,NOP,G,32.0,1,1,1.0,2.0,6.0,0.333,0.368,-0.034,2020-21
353,203922,Glenn Robinson III,1610612758,SAC,F,27.0,23,23,1.0,3.0,6.0,0.5,0.46,0.04,2020-21
354,1629642,Nassir Little,1610612757,POR,F-G,21.0,45,45,1.0,2.87,5.98,0.48,0.451,0.028,2020-21
355,1626166,Cameron Payne,1610612756,PHX,G,26.0,60,60,1.0,2.83,5.98,0.474,0.449,0.025,2020-21
356,202083,Wesley Matthews,1610612747,LAL,G,34.0,57,57,1.0,2.54,5.93,0.429,0.457,-0.028,2020-21
357,1629685,Dylan Windler,1610612739,CLE,G-F,24.0,30,30,1.0,3.07,5.93,0.517,0.454,0.063,2020-21
358,1628382,Justin Jackson,1610612749,MIL,F,26.0,33,33,1.0,2.79,5.85,0.477,0.437,0.039,2020-21
359,1628400,Semi Ojeleye,1610612738,BOS,F,26.0,54,54,1.0,2.8,5.85,0.478,0.469,0.009,2020-21
360,1630184,Kira Lewis Jr.,1610612740,NOP,G,20.0,50,50,1.0,2.7,5.84,0.462,0.441,0.022,2020-21
361,203521,Matthew Dellavedova,1610612739,CLE,G,30.0,12,12,1.0,3.08,5.83,0.529,0.461,0.068,2020-21
362,1630202,Payton Pritchard,1610612738,BOS,G,23.0,65,65,1.0,2.95,5.82,0.508,0.454,0.054,2020-21
363,1630193,Immanuel Quickley,1610612752,NYK,G,21.0,64,64,1.0,2.7,5.81,0.465,0.448,0.017,2020-21
364,1629663,Louis King,1610612758,SAC,F,22.0,5,5,1.0,2.6,5.8,0.448,0.434,0.015,2020-21
365,1626169,Stanley Johnson,1610612761,TOR,F-G,25.0,57,57,1.0,2.72,5.72,0.475,0.463,0.013,2020-21
366,1629726,Garrison Mathews,1610612764,WAS,G,24.0,60,60,1.0,2.87,5.7,0.503,0.456,0.047,2020-21
367,204020,Tyler Johnson,1610612751,BKN,G,29.0,35,35,1.0,2.77,5.69,0.487,0.457,0.03,2020-21
368,1628455,Mike James,1610612751,BKN,G,30.0,11,11,1.0,2.36,5.64,0.419,0.447,-0.028,2020-21
369,1629216,Gabe Vincent,1610612748,MIA,G,24.0,43,43,1.0,2.56,5.63,0.455,0.453,0.002,2020-21
370,1630174,Aaron Nesmith,1610612738,BOS,G-F,21.0,39,39,1.0,2.56,5.62,0.457,0.454,0.003,2020-21
371,1629658,Jaylen Hoard,1610612760,OKC,F,22.0,18,18,1.0,2.5,5.61,0.446,0.451,-0.006,2020-21
372,1627854,Bryn Forbes,1610612749,MIL,G,27.0,70,70,1.0,2.83,5.6,0.505,0.449,0.056,2020-21
373,1629641,Romeo Langford,1610612738,BOS,G-F,21.0,17,17,1.0,2.18,5.59,0.389,0.454,-0.064,2020-21
374,1627761,DeAndre' Bembry,1610612761,TOR,G-F,26.0,47,47,1.0,2.36,5.57,0.424,0.454,-0.03,2020-21
375,1628385,Harry Giles III,1610612757,POR,F-C,23.0,36,36,1.0,2.39,5.56,0.43,0.465,-0.035,2020-21
376,203473,Dewayne Dedmon,1610612748,MIA,C,31.0,15,15,1.0,3.07,5.53,0.554,0.462,0.093,2020-21
377,1630170,Devin Vassell,1610612759,SAS,G-F,20.0,61,61,1.0,2.87,5.51,0.521,0.456,0.065,2020-21
378,1626253,Axel Toupane,1610612749,MIL,G-F,28.0,4,4,1.0,1.0,5.5,0.182,0.41,-0.229,2020-21
379,1627748,Thon Maker,1610612739,CLE,F-C,24.0,8,8,1.0,2.75,5.5,0.5,0.428,0.072,2020-21
380,1627788,Furkan Korkmaz,1610612755,PHI,G-F,23.0,55,55,1.0,2.51,5.49,0.457,0.446,0.011,2020-21
381,1629139,Yuta Watanabe,1610612761,TOR,G-F,26.0,48,48,1.0,2.46,5.44,0.452,0.446,0.006,2020-21
382,203463,Ben McLemore,1610612747,LAL,G,28.0,49,49,1.0,2.78,5.43,0.511,0.457,0.054,2020-21
383,1629633,Jarrett Culver,1610612750,MIN,G-F,22.0,34,34,1.0,2.44,5.41,0.451,0.454,-0.002,2020-21
384,1630221,Josh Hall,1610612760,OKC,F,20.0,20,20,1.0,2.75,5.4,0.509,0.445,0.064,2020-21
385,1628990,Chandler Hutchison,1610612764,WAS,F-G,25.0,25,25,1.0,2.68,5.4,0.496,0.452,0.044,2020-21
386,201571,D.J. Augustin,1610612745,HOU,G,33.0,56,56,1.0,2.59,5.39,0.48,0.443,0.037,2020-21
387,1628370,Malik Monk,1610612766,CHA,G,23.0,40,40,1.0,2.5,5.35,0.467,0.456,0.012,2020-21
388,1629056,Terence Davis,1610612758,SAC,G,24.0,57,57,1.0,2.72,5.32,0.512,0.454,0.057,2020-21
389,1629605,Tacko Fall,1610612738,BOS,C,25.0,16,16,1.0,2.06,5.31,0.388,0.479,-0.091,2020-21
390,202734,E'Twaun Moore,1610612756,PHX,G,32.0,26,26,1.0,2.23,5.31,0.42,0.45,-0.03,2020-21
391,1629635,Sekou Doumbouya,1610612765,DET,F,20.0,53,53,1.0,2.6,5.3,0.491,0.466,0.025,2020-21
392,1628411,Wes Iwundu,1610612740,NOP,F,26.0,34,34,1.0,2.35,5.29,0.444,0.455,-0.011,2020-21
393,1628972,Troy Brown Jr.,1610612741,CHI,G-F,21.0,33,33,1.0,2.58,5.27,0.489,0.441,0.047,2020-21
394,1630206,Jay Scrubb,1610612746,LAC,G,20.0,4,4,1.0,2.25,5.25,0.429,0.433,-0.005,2020-21
395,203933,T.J. Warren,1610612754,IND,F,27.0,4,4,1.0,3.5,5.25,0.667,0.478,0.188,2020-21
396,1629622,Max Strus,1610612748,MIA,G-F,25.0,33,33,1.0,2.39,5.24,0.457,0.438,0.019,2020-21
397,203918,Rodney Hood,1610612761,TOR,G-F,28.0,52,52,1.0,2.31,5.23,0.441,0.457,-0.016,2020-21
398,1629606,Robert Franks,1610612753,ORL,F,24.0,6,6,1.0,2.67,5.17,0.516,0.476,0.04,2020-21
399,1629067,Isaac Bonga,1610612764,WAS,G,21.0,37,37,1.0,2.35,5.16,0.455,0.46,-0.004,2020-21
400,1628410,Edmond Sumner,1610612754,IND,G,25.0,47,47,1.0,2.51,5.13,0.49,0.455,0.034,2020-21
401,1628539,Mychal Mulder,1610612744,GSW,G,26.0,55,55,1.0,2.33,5.13,0.454,0.44,0.014,2020-21
402,1629673,Jordan Poole,1610612744,GSW,G,21.0,44,44,1.0,2.16,5.09,0.424,0.438,-0.014,2020-21
403,1627777,Georges Niang,1610612762,UTA,F,27.0,70,70,1.0,2.07,5.09,0.407,0.452,-0.045,2020-21
404,1629740,Nicolo Melli,1610612742,DAL,F,30.0,40,40,1.0,2.28,5.03,0.453,0.456,-0.003,2020-21
405,203953,Jabari Parker,1610612738,BOS,F,26.0,12,12,1.0,2.25,5.0,0.45,0.476,-0.026,2020-21
406,203658,Norvel Pelle,1610612752,NYK,C,28.0,7,7,1.0,2.0,5.0,0.4,0.495,-0.095,2020-21
407,1629244,Cameron Reynolds,1610612745,HOU,F,26.0,3,3,1.0,1.67,5.0,0.333,0.479,-0.146,2020-21
408,1627756,Denzel Valentine,1610612741,CHI,G,27.0,59,59,1.0,2.22,4.9,0.453,0.445,0.009,2020-21
409,1629723,John Konchar,1610612763,MEM,G,25.0,41,41,1.0,2.12,4.88,0.435,0.451,-0.016,2020-21
410,101141,Ersan Ilyasova,1610612762,UTA,F,34.0,17,17,1.0,2.24,4.88,0.458,0.461,-0.003,2020-21
411,101150,Lou Williams,1610612737,ATL,G,34.0,64,64,1.0,2.2,4.88,0.452,0.44,0.012,2020-21
412,1629671,Miye Oni,1610612762,UTA,G-F,23.0,47,47,1.0,2.04,4.85,0.421,0.446,-0.025,2020-21
413,1630178,Tyrese Maxey,1610612755,PHI,G,20.0,57,57,1.0,2.28,4.84,0.471,0.441,0.03,2020-21
414,1630205,Lamar Stevens,1610612739,CLE,F,23.0,38,38,1.0,2.24,4.82,0.464,0.456,0.009,2020-21
415,1626246,Boban Marjanovic,1610612742,DAL,C,32.0,30,30,1.0,2.47,4.77,0.517,0.504,0.014,2020-21
416,200765,Rajon Rondo,1610612746,LAC,G,35.0,44,44,1.0,2.02,4.75,0.426,0.447,-0.021,2020-21
417,1630192,Zeke Nnaji,1610612743,DEN,F-C,20.0,35,35,1.0,2.34,4.74,0.494,0.453,0.041,2020-21
418,1629681,Killian Tillie,1610612763,MEM,F-C,23.0,14,14,1.0,1.71,4.71,0.364,0.465,-0.102,2020-21
419,1629677,Luka Samanic,1610612759,SAS,F,21.0,27,27,1.0,2.0,4.7,0.425,0.452,-0.026,2020-21
420,1626145,Tyus Jones,1610612763,MEM,G,25.0,69,69,1.0,1.87,4.7,0.398,0.441,-0.042,2020-21
421,1630233,Nathan Knight,1610612737,ATL,F-C,23.0,28,28,1.0,2.0,4.68,0.427,0.46,-0.032,2020-21
422,1630223,Jalen Harris,1610612761,TOR,G,22.0,12,12,1.0,2.17,4.67,0.464,0.46,0.004,2020-21
423,2760,Anderson Varejao,1610612739,CLE,F,38.0,3,3,1.0,2.33,4.67,0.5,0.516,-0.016,2020-21
424,1629164,Brandon Goodwin,1610612737,ATL,G,25.0,44,44,1.0,2.09,4.64,0.451,0.438,0.013,2020-21
425,1628414,Sindarius Thornwell,1610612753,ORL,G,26.0,16,16,1.0,1.94,4.63,0.419,0.45,-0.032,2020-21
426,1630253,Sean McDermott,1610612763,MEM,F,24.0,13,13,1.0,1.77,4.62,0.383,0.428,-0.045,2020-21
427,1629346,Alen Smailagic,1610612744,GSW,F,20.0,11,11,1.0,2.55,4.55,0.56,0.462,0.098,2020-21
428,1628993,Alize Johnson,1610612751,BKN,F,25.0,15,15,1.0,2.2,4.53,0.485,0.445,0.041,2020-21
429,1629185,Chris Chiozza,1610612751,BKN,G,25.0,19,19,1.0,1.74,4.53,0.384,0.44,-0.056,2020-21
430,1627774,Jake Layman,1610612750,MIN,F,27.0,44,44,1.0,2.32,4.52,0.513,0.456,0.057,2020-21
431,1629007,Jontay Porter,1610612763,MEM,C-F,21.0,6,6,1.0,2.0,4.5,0.444,0.465,-0.02,2020-21
432,1629713,Justin James,1610612758,SAC,G-F,24.0,27,27,1.0,2.59,4.48,0.579,0.443,0.136,2020-21
433,1629617,Reggie Perry,1610612751,BKN,F-C,21.0,20,20,1.0,2.1,4.45,0.472,0.459,0.013,2020-21
434,204025,Tim Frazier,1610612763,MEM,G,30.0,3,3,1.0,1.67,4.33,0.385,0.415,-0.031,2020-21
435,1627885,Shaquille Harrison,1610612743,DEN,G,27.0,29,29,1.0,2.1,4.31,0.488,0.448,0.04,2020-21
436,1629750,Javonte Green,1610612741,CHI,G-F,27.0,34,34,1.0,2.0,4.24,0.472,0.446,0.026,2020-21
437,1630198,Isaiah Joe,1610612755,PHI,G,21.0,31,31,1.0,1.87,4.19,0.446,0.444,0.002,2020-21
438,1629648,Jordan Bone,1610612753,ORL,G,23.0,11,11,1.0,2.09,4.18,0.5,0.448,0.052,2020-21
439,1629076,Tyler Cook,1610612765,DET,F,23.0,29,29,1.0,1.86,4.17,0.446,0.466,-0.019,2020-21
440,1630167,Obi Toppin,1610612752,NYK,F,23.0,59,59,1.0,1.61,4.15,0.388,0.461,-0.074,2020-21
441,203648,Thanasis Antetokounmpo,1610612749,MIL,F,28.0,47,47,1.0,1.68,4.15,0.405,0.456,-0.051,2020-21
442,1630211,Karim Mane,1610612753,ORL,G,21.0,8,8,1.0,2.0,4.13,0.485,0.437,0.048,2020-21
443,203504,Trey Burke,1610612742,DAL,G,28.0,55,55,1.0,1.78,4.11,0.434,0.435,-0.001,2020-21
444,1629718,Charlie Brown Jr.,1610612760,OKC,G,24.0,9,9,1.0,2.11,4.11,0.514,0.456,0.058,2020-21
445,203121,Darius Miller,1610612760,OKC,F,31.0,15,15,1.0,1.33,4.07,0.328,0.461,-0.133,2020-21
446,1628778,Paul Watson,1610612761,TOR,G,26.0,20,20,1.0,1.6,4.05,0.395,0.454,-0.059,2020-21
447,1630238,Malik Fitts,1610612746,LAC,F,23.0,1,1,1.0,2.0,4.0,0.5,0.436,0.064,2020-21
448,1628394,Anzejs Pasecniks,1610612764,WAS,C-F,25.0,1,1,1.0,3.0,4.0,0.75,0.497,0.253,2020-21
449,1629670,Jordan Nwora,1610612749,MIL,F,22.0,23,23,1.0,1.7,4.0,0.424,0.443,-0.019,2020-21
450,1627739,Kris Dunn,1610612737,ATL,G,27.0,3,3,1.0,2.0,4.0,0.5,0.454,0.046,2020-21
451,1629103,Kelan Martin,1610612754,IND,F,25.0,26,26,1.0,1.81,3.96,0.456,0.454,0.003,2020-21
452,1629662,Mfiondu Kabengele,1610612739,CLE,F-C,23.0,32,32,1.0,1.56,3.94,0.397,0.473,-0.076,2020-21
453,1626178,Rondae Hollis-Jefferson,1610612757,POR,F,26.0,10,10,1.0,1.6,3.9,0.41,0.456,-0.046,2020-21
454,1627812,Yogi Ferrell,1610612746,LAC,G,28.0,9,9,1.0,1.56,3.89,0.4,0.452,-0.052,2020-21
455,1628373,Frank Ntilikina,1610612752,NYK,G,22.0,25,25,1.0,2.16,3.88,0.557,0.449,0.108,2020-21
456,1628981,Bruno Fernando,1610612737,ATL,F-C,22.0,28,28,1.0,1.54,3.86,0.398,0.481,-0.083,2020-21
457,1630241,Sam Merrill,1610612749,MIL,G,25.0,24,24,1.0,1.96,3.83,0.511,0.453,0.058,2020-21
458,200755,JJ Redick,1610612742,DAL,G,36.0,43,43,1.0,1.77,3.81,0.463,0.447,0.016,2020-21
459,1630188,Jalen Smith,1610612756,PHX,F-C,21.0,19,19,1.0,1.89,3.79,0.5,0.461,0.039,2020-21
460,1628966,Keita Bates-Diop,1610612759,SAS,F,25.0,22,22,1.0,1.77,3.77,0.47,0.466,0.004,2020-21
461,201229,Anthony Tolliver,1610612755,PHI,F,36.0,8,8,1.0,1.63,3.75,0.433,0.46,-0.027,2020-21
462,1630235,Trent Forrest,1610612762,UTA,G,22.0,25,25,1.0,1.84,3.72,0.495,0.441,0.054,2020-21
463,1629683,Quinndary Weatherspoon,1610612759,SAS,G,24.0,13,13,1.0,1.92,3.69,0.521,0.444,0.077,2020-21
464,1629962,Devin Cannady,1610612753,ORL,G,25.0,6,6,1.0,1.67,3.67,0.455,0.434,0.02,2020-21
465,203585,Rodney McGruder,1610612765,DET,G,29.0,15,15,1.0,1.87,3.67,0.509,0.459,0.05,2020-21
466,1629735,Chris Silva,1610612758,SAC,F,24.0,11,11,1.0,1.45,3.64,0.4,0.471,-0.071,2020-21
467,1630264,Anthony Gill,1610612764,WAS,F,28.0,19,19,1.0,1.37,3.63,0.377,0.437,-0.06,2020-21
468,1628995,Kevin Knox II,1610612752,NYK,F,21.0,36,36,1.0,1.5,3.61,0.415,0.452,-0.037,2020-21
469,1629725,Jeremiah Martin,1610612739,CLE,G,24.0,7,7,1.0,1.57,3.57,0.44,0.436,0.004,2020-21
470,1630185,Nico Mannion,1610612744,GSW,G,20.0,23,23,1.0,1.65,3.57,0.463,0.436,0.027,2020-21
471,1629599,Amir Coffey,1610612746,LAC,G-F,23.0,29,29,1.0,1.48,3.55,0.417,0.435,-0.018,2020-21
472,1630186,Jahmi'us Ramsey,1610612758,SAC,G,19.0,10,10,1.0,1.7,3.5,0.486,0.403,0.083,2020-21
473,1628975,Jevon Carter,1610612756,PHX,G,25.0,56,56,1.0,1.57,3.46,0.454,0.456,-0.002,2020-21
474,1628578,Amida Brimah,1610612754,IND,C,27.0,5,5,1.0,1.4,3.4,0.412,0.471,-0.059,2020-21
475,1629686,Deividas Sirvydis,1610612765,DET,F-G,20.0,15,15,1.0,1.6,3.4,0.471,0.443,0.028,2020-21
476,1630182,Josh Green,1610612742,DAL,G,20.0,33,33,1.0,1.7,3.39,0.5,0.445,0.055,2020-21
477,1630200,Tre Jones,1610612759,SAS,G,21.0,24,24,1.0,1.88,3.33,0.563,0.437,0.125,2020-21
478,203086,Meyers Leonard,1610612748,MIA,F-C,29.0,3,3,1.0,2.0,3.33,0.6,0.505,0.095,2020-21
479,1630219,Skylar Mays,1610612737,ATL,G,23.0,24,24,1.0,1.38,3.33,0.413,0.432,-0.02,2020-21
480,1630187,Daniel Oturu,1610612746,LAC,C,21.0,20,20,1.0,1.3,3.3,0.394,0.424,-0.03,2020-21
481,1629682,Tremont Waters,1610612738,BOS,G,23.0,21,21,1.0,1.52,3.29,0.464,0.437,0.026,2020-21
482,204038,Langston Galloway,1610612756,PHX,G,29.0,36,36,1.0,1.47,3.28,0.449,0.443,0.007,2020-21
483,1630194,Paul Reed,1610612755,PHI,F,21.0,23,23,1.0,1.22,3.26,0.373,0.465,-0.092,2020-21
484,1627853,Ryan Arcidiacono,1610612741,CHI,G,27.0,41,41,1.0,1.56,3.24,0.481,0.439,0.042,2020-21
485,1628427,Vlatko Cancar,1610612743,DEN,F,24.0,29,29,1.0,1.62,3.24,0.5,0.46,0.04,2020-21
486,1630222,Mason Jones,1610612755,PHI,G,22.0,28,28,1.0,1.64,3.21,0.511,0.44,0.071,2020-21
487,203998,Bruno Caboclo,1610612745,HOU,F,25.0,5,5,1.0,1.2,3.2,0.375,0.443,-0.068,2020-21
488,1629066,Rodions Kurucs,1610612749,MIL,F,23.0,15,15,1.0,1.4,3.2,0.438,0.442,-0.005,2020-21
489,1629752,Juwan Morgan,1610612762,UTA,F,24.0,21,21,1.0,1.38,3.19,0.433,0.451,-0.018,2020-21
490,1629620,Justin Robinson,1610612760,OKC,G,23.0,8,8,1.0,1.75,3.13,0.56,0.435,0.125,2020-21
491,1630208,Nick Richards,1610612766,CHA,C,23.0,10,10,1.0,1.2,3.0,0.4,0.44,-0.04,2020-21
492,201162,Jared Dudley,1610612747,LAL,F,35.0,10,10,1.0,1.4,3.0,0.467,0.449,0.018,2020-21
493,1630210,Markus Howard,1610612743,DEN,G,22.0,25,25,1.0,1.4,3.0,0.467,0.449,0.018,2020-21
494,1629744,Matt Thomas,1610612762,UTA,G,26.0,31,31,1.0,1.55,2.97,0.522,0.447,0.075,2020-21
495,1629035,Carsen Edwards,1610612738,BOS,G,23.0,25,25,1.0,1.48,2.96,0.5,0.455,0.045,2020-21
496,1630189,Tyler Bey,1610612742,DAL,F,23.0,15,15,1.0,1.67,2.93,0.568,0.423,0.145,2020-21
497,1629730,Rayjon Tucker,1610612755,PHI,G,23.0,8,8,1.0,1.25,2.88,0.435,0.438,-0.003,2020-21
498,1628035,Alfonzo McKinnie,1610612747,LAL,F,28.0,26,26,1.0,1.38,2.88,0.48,0.444,0.036,2020-21
499,1629604,CJ Elleby,1610612757,POR,F-G,20.0,21,21,1.0,1.0,2.86,0.35,0.437,-0.087,2020-21
500,1630176,Vernon Carey Jr.,1610612766,CHA,F-C,20.0,18,18,1.0,1.11,2.83,0.392,0.47,-0.077,2020-21
501,1629653,Devon Dotson,1610612741,CHI,G,21.0,6,6,1.0,1.17,2.83,0.412,0.47,-0.058,2020-21
502,1629657,Kyle Guy,1610612758,SAC,G,23.0,22,22,1.0,1.5,2.82,0.532,0.441,0.091,2020-21
503,1627780,Gary Payton II,1610612744,GSW,G,28.0,5,5,1.0,1.0,2.8,0.357,0.427,-0.07,2020-21
504,1629738,Vincent Poirier,1610612755,PHI,C-F,27.0,8,8,1.0,1.13,2.75,0.409,0.434,-0.025,2020-21
505,1628388,T.J. Leaf,1610612757,POR,F,24.0,7,7,1.0,0.86,2.57,0.333,0.445,-0.111,2020-21
506,1629626,Bol Bol,1610612743,DEN,C-F,21.0,27,27,1.0,1.33,2.52,0.529,0.455,0.075,2020-21
507,1629714,Jarrell Brantley,1610612762,UTA,F,25.0,20,20,1.0,1.15,2.5,0.46,0.46,0.0,2020-21
508,1629716,Marques Bolden,1610612739,CLE,C,23.0,4,4,1.0,0.75,2.5,0.3,0.415,-0.115,2020-21
509,1629719,Devontae Cacok,1610612747,LAL,F,24.0,19,19,1.0,1.0,2.42,0.413,0.447,-0.034,2020-21
510,1626188,Quinn Cook,1610612739,CLE,G,28.0,19,19,1.0,1.11,2.37,0.467,0.44,0.027,2020-21
511,1626245,Cristiano Felicio,1610612741,CHI,F-C,28.0,15,15,1.0,1.13,2.33,0.486,0.461,0.025,2020-21
512,1630216,Cassius Winston,1610612764,WAS,G,23.0,12,12,1.0,1.17,2.33,0.5,0.43,0.07,2020-21
513,1628961,Kostas Antetokounmpo,1610612747,LAL,F,23.0,11,11,1.0,0.82,2.27,0.36,0.444,-0.084,2020-21
514,1628962,Udoka Azubuike,1610612762,UTA,C-F,21.0,11,11,1.0,0.91,2.27,0.4,0.47,-0.07,2020-21
515,1627775,Patrick McCaw,1610612761,TOR,G,25.0,4,4,1.0,1.0,2.25,0.444,0.463,-0.019,2020-21
516,1630179,Tyrell Terry,1610612742,DAL,G,20.0,7,7,1.0,0.86,2.14,0.4,0.432,-0.032,2020-21
517,1629833,Keljin Blevins,1610612757,POR,G,25.0,14,14,1.0,0.71,2.07,0.345,0.418,-0.073,2020-21
518,203943,Noah Vonleh,1610612751,BKN,F,25.0,4,4,1.0,1.5,2.0,0.75,0.464,0.286,2020-21
519,202697,Iman Shumpert,1610612751,BKN,G,30.0,1,1,1.0,0.0,2.0,0.0,0.529,-0.529,2020-21
520,1630199,Cassius Stanley,1610612754,IND,G,21.0,12,12,1.0,0.83,1.92,0.435,0.443,-0.009,2020-21
521,1630207,Nate Hinton,1610612742,DAL,G-F,22.0,11,11,1.0,0.73,1.91,0.381,0.416,-0.035,2020-21
522,203263,James Nunnally,1610612740,NOP,F,30.0,5,5,1.0,1.2,1.8,0.667,0.451,0.216,2020-21
523,1629665,Jalen Lecque,1610612754,IND,G,20.0,4,4,1.0,0.75,1.75,0.429,0.47,-0.042,2020-21
524,1630234,Ty-Shon Alexander,1610612756,PHX,G,22.0,10,10,1.0,0.5,1.7,0.294,0.429,-0.135,2020-21
525,1629121,Jaylen Adams,1610612749,MIL,G,25.0,3,3,1.0,0.67,1.67,0.4,0.454,-0.054,2020-21
526,1629607,Jared Harper,1610612752,NYK,G,23.0,3,3,1.0,0.33,1.67,0.2,0.402,-0.202,2020-21
527,1629690,Adam Mokoka,1610612741,CHI,G,22.0,5,5,1.0,0.6,1.6,0.375,0.473,-0.098,2020-21
528,1630190,Elijah Hughes,1610612762,UTA,G,23.0,9,9,1.0,0.33,1.56,0.214,0.437,-0.223,2020-21
529,1630268,Nate Darling,1610612766,CHA,G,22.0,4,4,1.0,0.75,1.5,0.5,0.429,0.071,2020-21
530,1630218,Robert Woodard II,1610612758,SAC,F,21.0,5,5,1.0,0.6,1.4,0.429,0.477,-0.048,2020-21
531,1629033,Theo Pinson,1610612752,NYK,G-F,25.0,11,11,1.0,0.82,1.36,0.6,0.443,0.157,2020-21
532,1628390,Terrance Ferguson,1610612755,PHI,G,23.0,7,7,1.0,0.71,1.29,0.556,0.44,0.116,2020-21
533,1628968,Brian Bowen II,1610612754,IND,F-G,22.0,1,1,1.0,1.0,1.0,1.0,0.452,0.548,2020-21
534,1630203,Grant Riller,1610612766,CHA,G,24.0,4,4,1.0,0.5,1.0,0.5,0.398,0.102,2020-21
