,PLAYER_ID,PLAYER_NAME,TEAM_ID,TEAM_ABBREVIATION,GP,W,L,MIN,POINTS,TOUCHES,FRONT_CT_TOUCHES,TIME_OF_POSS,AVG_SEC_PER_TOUCH,AVG_DRIB_PER_TOUCH,PTS_PER_TOUCH,ELBOW_TOUCHES,POST_TOUCHES,PAINT_TOUCHES,PTS_PER_ELBOW_TOUCH,PTS_PER_POST_TOUCH,PTS_PER_PAINT_TOUCH,Season
0,203932,Aaron Gordon,1610612743,DEN,50,29,21,27.7,12.4,48.3,25.8,2.9,3.62,2.83,0.256,1.3,2.3,3.8,0.619,0.451,0.938,2020-21
1,1628988,Aaron Holiday,1610612754,IND,66,30,36,17.8,7.2,24.5,15.5,1.2,2.97,2.61,0.293,0.2,0.0,0.3,0.727,0.0,0.591,2020-21
2,1630174,Aaron Nesmith,1610612738,BOS,46,22,24,14.5,4.7,16.7,9.5,0.5,1.67,0.81,0.284,0.2,0.0,0.7,0.5,0.0,0.97,2020-21
3,1627846,Abdel Nader,1610612756,PHX,24,16,8,14.8,6.7,16.2,10.9,0.5,1.91,1.19,0.411,0.0,0.0,0.7,0.0,0.0,1.176,2020-21
4,1629690,Adam Mokoka,1610612741,CHI,14,3,11,4.0,1.1,4.1,3.1,0.1,1.37,0.78,0.259,0.1,0.0,0.1,0.0,0.0,2.0,2020-21
5,201143,Al Horford,1610612760,OKC,28,11,17,27.9,14.2,53.6,38.5,1.9,2.15,0.73,0.265,2.7,3.9,3.5,0.4,0.55,0.753,2020-21
6,202329,Al-Farouq Aminu,1610612741,CHI,23,5,18,18.9,4.4,30.1,13.7,1.0,2.04,1.02,0.147,1.0,1.0,1.8,0.217,0.208,0.561,2020-21
7,202692,Alec Burks,1610612752,NYK,49,27,22,25.6,12.7,38.9,24.7,2.3,3.5,2.78,0.327,0.4,0.0,0.7,0.444,1.0,0.8,2020-21
8,1630197,Aleksej Pokusevski,1610612760,OKC,45,13,32,24.2,8.2,41.4,23.0,1.6,2.39,1.63,0.197,0.3,0.1,1.0,0.5,0.4,0.609,2020-21
9,1629346,Alen Smailagic,1610612744,GSW,15,10,5,5.6,1.9,9.3,4.9,0.3,1.76,0.51,0.201,0.3,0.2,0.8,0.4,0.0,0.583,2020-21
10,1627936,Alex Caruso,1610612747,LAL,58,32,26,21.0,6.4,44.0,18.8,2.5,3.44,2.7,0.145,0.6,0.1,0.8,0.531,0.0,0.667,2020-21
11,203458,Alex Len,1610612764,WAS,64,30,34,15.3,6.6,21.9,12.7,0.5,1.33,0.45,0.301,1.5,0.5,5.0,0.633,0.571,0.94,2020-21
12,1628035,Alfonzo McKinnie,1610612747,LAL,39,22,17,6.6,3.1,8.1,5.1,0.2,1.72,0.76,0.389,0.1,0.0,0.8,0.0,0.0,1.156,2020-21
13,1628993,Alize Johnson,1610612751,BKN,18,10,8,10.5,5.2,16.0,7.2,0.7,2.56,1.82,0.326,0.3,0.1,2.6,0.667,0.0,0.894,2020-21
14,1628578,Amida Brimah,1610612754,IND,5,2,3,5.9,2.6,9.2,5.0,0.2,1.32,0.35,0.283,0.2,0.8,2.0,0.0,0.0,1.3,2020-21
15,1629599,Amir Coffey,1610612746,LAC,44,32,12,9.0,3.2,10.8,7.9,0.5,2.61,1.69,0.296,0.0,0.0,0.1,1.0,0.0,1.0,2020-21
16,2760,Anderson Varejao,1610612739,CLE,5,1,4,7.2,2.6,15.8,7.8,0.5,1.96,0.66,0.165,1.6,1.0,1.8,0.625,0.6,0.444,2020-21
17,203083,Andre Drummond,1610612747,LAL,46,19,27,27.0,14.9,53.0,30.0,1.9,2.15,0.89,0.282,4.1,6.4,10.0,0.466,0.49,0.837,2020-21
18,2738,Andre Iguodala,1610612748,MIA,63,37,26,21.3,4.4,35.7,15.3,1.7,2.91,1.93,0.122,0.8,0.4,1.2,0.235,0.296,0.308,2020-21
19,203460,Andre Roberson,1610612751,BKN,5,4,1,12.6,1.2,16.6,8.0,0.4,1.31,0.63,0.072,1.2,0.0,1.4,0.167,0.0,0.286,2020-21
20,203952,Andrew Wiggins,1610612744,GSW,71,38,33,33.3,18.6,48.0,33.1,2.4,2.99,2.2,0.388,0.5,1.7,2.4,0.515,0.615,0.971,2020-21
21,1629014,Anfernee Simons,1610612757,POR,64,37,27,17.3,7.8,28.2,10.1,2.3,4.89,4.37,0.278,0.1,0.0,0.2,0.0,0.0,0.4,2020-21
22,203076,Anthony Davis,1610612747,LAL,36,23,13,32.3,21.8,61.6,39.7,2.6,2.54,1.11,0.354,4.2,9.2,6.4,0.687,0.554,1.017,2020-21
23,1630162,Anthony Edwards,1610612750,MIN,72,23,49,32.1,19.3,54.1,31.8,3.3,3.7,3.11,0.357,0.8,0.2,1.4,0.964,0.667,0.929,2020-21
24,1630264,Anthony Gill,1610612764,WAS,26,11,15,8.4,3.1,11.2,6.5,0.3,1.5,0.51,0.274,0.3,0.1,1.3,0.571,1.5,0.824,2020-21
25,1630237,Anthony Lamb,1610612745,HOU,24,3,21,17.3,5.5,25.9,13.1,0.9,2.04,1.29,0.214,0.4,0.3,1.7,0.6,0.375,0.625,2020-21
26,201229,Anthony Tolliver,1610612755,PHI,11,7,4,9.0,1.5,8.5,5.5,0.2,1.54,0.63,0.181,0.0,0.0,0.3,0.0,0.0,0.0,2020-21
27,1628394,Anzejs Pasecniks,1610612764,WAS,1,1,0,6.3,0.0,20.0,15.0,0.6,1.79,0.8,0.0,0.0,3.0,1.0,0.0,0.0,0.0,2020-21
28,1629717,Armoni Brooks,1610612745,HOU,20,3,17,26.0,11.2,36.9,23.6,1.6,2.58,1.82,0.302,0.2,0.1,0.5,0.0,0.0,0.556,2020-21
29,203382,Aron Baynes,1610612761,TOR,53,20,33,18.5,6.1,27.6,16.5,0.6,1.29,0.28,0.222,1.7,0.3,3.9,0.522,0.25,0.8,2020-21
30,1630204,Ashton Hagans,1610612750,MIN,2,0,2,2.0,0.0,1.5,0.5,0.1,3.97,4.0,0.0,0.0,0.0,0.0,0.0,0.0,0.0,2020-21
31,203085,Austin Rivers,1610612743,DEN,36,20,16,23.5,7.9,33.4,22.6,2.0,3.57,2.86,0.237,0.2,0.0,0.2,0.571,0.0,0.25,2020-21
32,202340,Avery Bradley,1610612745,HOU,27,6,21,22.3,6.4,29.6,18.0,1.2,2.46,1.97,0.216,0.3,0.0,1.1,0.286,0.0,0.833,2020-21
33,1626253,Axel Toupane,1610612749,MIL,8,2,6,7.7,1.8,7.9,4.3,0.2,1.85,0.98,0.222,0.4,0.0,0.5,0.667,0.0,1.0,2020-21
34,1628389,Bam Adebayo,1610612748,MIA,64,34,30,33.5,18.7,64.4,40.4,3.1,2.88,1.55,0.29,6.4,5.7,8.1,0.48,0.364,0.975,2020-21
35,203463,Ben McLemore,1610612747,LAL,53,20,33,17.1,7.7,22.6,15.2,0.6,1.57,0.74,0.339,0.4,0.0,0.5,0.65,0.0,0.815,2020-21
36,1627732,Ben Simmons,1610612755,PHI,58,42,16,32.4,14.3,82.0,27.1,5.8,4.24,3.24,0.174,2.1,2.8,3.9,0.471,0.472,0.721,2020-21
37,202687,Bismack Biyombo,1610612766,CHA,66,28,38,20.4,5.0,25.7,16.7,0.6,1.5,0.39,0.196,2.3,0.5,6.3,0.258,0.29,0.667,2020-21
38,201933,Blake Griffin,1610612751,BKN,46,24,22,25.8,11.0,47.2,29.8,2.0,2.58,1.51,0.232,1.9,3.0,2.0,0.443,0.606,0.804,2020-21
39,1626246,Boban Marjanovic,1610612742,DAL,33,14,19,8.2,4.7,13.9,7.9,0.4,1.61,0.41,0.341,1.1,2.0,3.7,0.514,0.662,0.967,2020-21
40,1626171,Bobby Portis,1610612749,MIL,66,44,22,20.8,11.4,34.5,17.1,0.9,1.62,0.63,0.331,1.4,1.8,3.8,0.71,0.678,0.909,2020-21
41,203992,Bogdan Bogdanovic,1610612737,ATL,44,30,14,29.7,16.4,47.0,30.1,2.4,3.04,2.11,0.348,0.8,0.2,1.0,0.788,0.0,0.698,2020-21
42,202711,Bojan Bogdanovic,1610612762,UTA,72,52,20,30.8,17.0,41.5,29.9,1.6,2.26,1.55,0.41,0.4,1.4,1.0,0.679,0.64,1.071,2020-21
43,1629626,Bol Bol,1610612743,DEN,32,21,11,5.0,2.2,6.2,3.7,0.2,2.11,1.23,0.348,0.1,0.1,0.1,1.333,2.0,1.5,2020-21
44,202954,Brad Wanamaker,1610612766,CHA,61,29,32,17.3,5.5,36.7,17.3,2.3,3.76,3.56,0.15,0.1,0.0,0.5,0.667,0.0,0.939,2020-21
45,203078,Bradley Beal,1610612764,WAS,60,32,28,35.8,31.3,69.0,47.5,3.8,3.33,2.77,0.454,1.3,0.5,2.3,0.667,0.407,0.993,2020-21
46,1629634,Brandon Clarke,1610612763,MEM,59,32,27,24.0,10.3,30.5,19.1,0.7,1.47,0.73,0.339,2.7,0.3,4.9,0.586,0.5,0.983,2020-21
47,1629164,Brandon Goodwin,1610612737,ATL,47,25,22,13.2,4.9,29.5,11.8,2.4,4.84,4.21,0.165,0.1,0.0,0.3,1.25,0.0,0.385,2020-21
48,1627742,Brandon Ingram,1610612740,NOP,61,29,32,34.3,23.8,62.8,40.2,3.9,3.74,2.73,0.379,0.9,0.5,0.8,0.774,0.742,0.745,2020-21
49,1628968,Brian Bowen II,1610612754,IND,6,1,5,2.5,0.5,2.5,1.3,0.1,1.91,0.8,0.2,0.0,0.0,0.2,0.0,0.0,0.0,2020-21
50,1630271,Brodric Thomas,1610612739,CLE,32,6,26,12.5,3.9,18.0,9.9,1.0,3.28,2.75,0.217,0.3,0.0,0.6,0.727,0.0,1.0,2020-21
51,201572,Brook Lopez,1610612749,MIL,70,46,24,27.2,12.3,28.4,17.8,0.7,1.4,0.39,0.432,1.2,1.6,4.0,0.841,0.718,1.071,2020-21
52,1628971,Bruce Brown,1610612751,BKN,65,45,20,22.3,8.8,30.6,15.0,1.1,2.16,1.38,0.288,2.0,0.1,4.4,0.617,0.4,0.885,2020-21
53,203998,Bruno Caboclo,1610612745,HOU,6,1,5,6.1,2.8,12.3,7.2,0.4,1.72,0.68,0.23,0.5,0.0,1.5,1.333,0.0,0.556,2020-21
54,1628981,Bruno Fernando,1610612737,ATL,33,20,13,6.8,1.5,10.6,5.1,0.3,1.58,0.59,0.145,0.7,0.4,1.3,0.5,0.077,0.833,2020-21
55,1627854,Bryn Forbes,1610612749,MIL,70,45,25,19.3,10.0,19.7,14.0,0.7,2.03,1.31,0.507,0.1,0.0,0.2,0.0,0.0,0.412,2020-21
56,1627741,Buddy Hield,1610612758,SAC,71,31,40,34.3,16.6,54.5,32.4,2.5,2.72,2.1,0.304,0.2,0.0,0.5,0.333,0.0,0.771,2020-21
57,1629604,CJ Elleby,1610612757,POR,30,19,11,6.4,2.3,8.6,3.8,0.5,3.65,3.02,0.263,0.1,0.0,0.4,0.0,0.0,1.0,2020-21
58,203468,CJ McCollum,1610612757,POR,47,28,19,34.0,23.1,65.1,28.3,5.2,4.79,4.3,0.355,0.6,0.0,0.8,0.423,0.5,0.5,2020-21
59,1628997,Caleb Martin,1610612766,CHA,53,23,30,15.4,5.0,21.1,14.0,0.8,2.32,1.39,0.237,0.4,0.0,0.6,0.65,0.0,0.452,2020-21
60,1629629,Cam Reddish,1610612737,ATL,26,10,16,28.9,11.2,35.0,21.7,1.5,2.52,1.73,0.321,0.7,0.0,1.6,1.118,0.0,1.171,2020-21
61,1629661,Cameron Johnson,1610612756,PHX,60,43,17,24.0,9.6,31.6,20.8,0.8,1.57,0.81,0.302,0.6,0.0,1.0,0.485,0.0,0.667,2020-21
62,1628419,Cameron Oliver,1610612745,HOU,4,1,3,21.8,10.8,41.0,21.8,0.9,1.35,0.28,0.262,2.0,1.3,2.8,0.75,0.4,1.455,2020-21
63,1626166,Cameron Payne,1610612756,PHX,60,42,18,18.0,8.4,45.2,17.0,3.6,4.75,4.03,0.186,0.1,0.0,0.3,0.5,0.0,0.5,2020-21
64,1629244,Cameron Reynolds,1610612745,HOU,5,3,2,8.1,3.0,9.8,6.6,0.3,1.54,0.86,0.306,0.2,0.0,0.8,0.0,0.0,0.5,2020-21
65,1627747,Caris LeVert,1610612754,IND,47,24,23,31.6,20.2,62.7,33.1,4.1,3.96,3.69,0.321,0.9,0.1,1.2,0.585,0.0,0.702,2020-21
66,2546,Carmelo Anthony,1610612757,POR,69,39,30,24.5,13.4,30.0,20.0,1.4,2.88,1.46,0.446,0.7,3.2,0.7,0.28,0.784,0.857,2020-21
67,1629035,Carsen Edwards,1610612738,BOS,31,14,17,8.9,4.0,11.7,7.0,0.5,2.4,1.75,0.34,0.1,0.0,0.3,2.0,0.0,1.25,2020-21
68,1630199,Cassius Stanley,1610612754,IND,24,10,14,3.9,1.5,5.4,3.7,0.2,2.69,2.26,0.279,0.0,0.0,0.5,2.0,0.0,1.083,2020-21
69,1630216,Cassius Winston,1610612764,WAS,22,10,12,4.5,1.9,9.9,3.4,0.7,4.4,3.99,0.189,0.0,0.0,0.0,0.0,0.0,0.0,2020-21
70,1626224,Cedi Osman,1610612739,CLE,59,17,42,25.6,10.4,43.2,27.7,2.0,2.77,2.04,0.24,0.5,0.1,1.1,0.571,0.5,0.677,2020-21
71,1628990,Chandler Hutchison,1610612764,WAS,25,11,14,13.8,4.3,17.5,8.8,0.6,2.04,1.13,0.245,0.4,0.1,1.2,1.0,1.0,0.833,2020-21
72,1629718,Charlie Brown Jr.,1610612760,OKC,9,1,8,16.9,4.4,15.3,10.1,0.5,2.05,1.26,0.29,0.2,0.0,0.3,0.0,0.0,0.667,2020-21
73,1626184,Chasson Randle,1610612753,ORL,41,10,31,20.4,6.5,40.8,11.3,3.9,5.76,5.28,0.159,0.1,0.0,0.2,0.667,0.0,0.5,2020-21
74,1629002,Chimezie Metu,1610612758,SAC,36,14,22,13.6,6.3,22.4,12.8,0.7,1.79,0.66,0.28,1.6,0.9,2.5,0.517,0.406,1.044,2020-21
75,1628449,Chris Boucher,1610612761,TOR,60,25,35,24.2,13.6,38.8,21.5,1.0,1.6,0.46,0.351,1.5,0.2,4.8,0.783,0.5,1.077,2020-21
76,1629185,Chris Chiozza,1610612751,BKN,22,12,10,10.6,4.0,26.1,9.1,2.0,4.57,4.21,0.153,0.1,0.0,0.2,0.0,0.0,0.0,2020-21
77,101108,Chris Paul,1610612756,PHX,70,49,21,31.4,16.4,77.4,25.5,7.2,5.56,4.84,0.212,0.3,0.3,0.3,0.556,0.682,0.333,2020-21
78,1629735,Chris Silva,1610612758,SAC,15,8,7,6.2,2.1,10.9,5.1,0.3,1.7,0.65,0.195,1.0,0.1,1.3,0.267,0.0,1.05,2020-21
79,1626174,Christian Wood,1610612745,HOU,41,12,29,32.3,21.0,61.0,35.6,2.2,2.15,1.0,0.344,3.1,2.9,6.6,0.711,0.59,1.185,2020-21
80,1629643,Chuma Okeke,1610612753,ORL,45,15,30,25.2,7.8,39.6,20.8,1.3,2.0,1.07,0.196,0.7,1.1,1.4,0.3,0.647,0.714,2020-21
81,203991,Clint Capela,1610612737,ATL,63,34,29,30.1,15.2,47.1,24.0,1.1,1.42,0.33,0.322,3.4,1.6,12.3,0.519,0.564,0.977,2020-21
82,1629632,Coby White,1610612741,CHI,69,30,39,31.2,15.1,66.3,24.2,5.4,4.93,4.37,0.227,0.7,0.1,0.4,0.356,0.0,0.552,2020-21
83,1628998,Cody Martin,1610612766,CHA,52,26,26,16.3,4.0,22.4,13.5,0.9,2.45,1.48,0.177,0.3,0.0,1.1,0.625,1.0,0.509,2020-21
84,203469,Cody Zeller,1610612766,CHA,48,21,27,20.9,9.4,34.6,21.6,0.9,1.63,0.6,0.272,3.4,0.6,6.0,0.503,0.333,0.792,2020-21
85,1630175,Cole Anthony,1610612753,ORL,47,13,34,27.1,12.9,61.2,16.1,6.1,6.0,5.67,0.21,0.3,0.0,0.9,0.462,2.0,0.625,2020-21
86,1629012,Collin Sexton,1610612739,CLE,60,18,42,35.3,24.3,76.6,37.5,5.9,4.59,4.05,0.318,1.3,0.2,2.2,0.88,0.615,0.962,2020-21
87,202709,Cory Joseph,1610612765,DET,63,25,38,23.0,8.2,41.7,17.6,3.0,4.35,4.39,0.197,0.5,0.0,0.8,0.267,0.0,0.521,2020-21
88,1626245,Cristiano Felicio,1610612741,CHI,18,6,12,4.6,1.3,10.2,5.6,0.4,2.12,0.61,0.125,0.8,0.1,1.2,0.267,0.0,0.81,2020-21
89,1626156,D'Angelo Russell,1610612750,MIN,42,16,26,28.5,19.0,68.4,31.4,5.0,4.43,3.71,0.277,0.6,0.5,0.9,0.704,0.8,0.872,2020-21
90,201571,D.J. Augustin,1610612745,HOU,57,28,29,19.8,7.7,37.2,16.2,3.2,5.15,5.26,0.207,0.1,0.0,0.2,0.286,0.0,0.444,2020-21
91,1628391,D.J. Wilson,1610612745,HOU,35,13,22,12.4,5.2,20.4,10.7,0.6,1.78,0.67,0.256,1.1,0.2,2.0,0.447,0.286,0.638,2020-21
92,1629610,DaQuan Jeffries,1610612759,SAS,31,6,25,15.9,4.1,16.5,10.0,0.5,1.73,0.86,0.248,0.4,0.0,0.7,0.462,2.0,0.773,2020-21
93,1629751,Dakota Mathias,1610612755,PHI,8,4,4,15.4,6.0,22.1,17.5,0.8,2.09,1.43,0.271,0.5,0.0,0.1,0.5,0.0,0.0,2020-21
94,1627745,Damian Jones,1610612758,SAC,39,24,15,14.0,4.7,17.4,10.9,0.4,1.54,0.48,0.27,2.0,0.4,3.3,0.692,0.429,0.976,2020-21
95,203081,Damian Lillard,1610612757,POR,67,39,28,35.8,28.8,81.3,26.1,8.3,6.16,5.62,0.354,0.3,0.4,0.7,1.0,1.0,0.63,2020-21
96,1627814,Damion Lee,1610612744,GSW,57,28,29,18.9,6.5,29.8,17.6,0.9,1.79,0.93,0.22,0.2,0.0,0.4,0.2,0.0,1.261,2020-21
97,1628422,Damyean Dotson,1610612739,CLE,46,14,32,19.7,6.7,33.0,18.1,2.1,3.79,3.12,0.203,0.3,0.0,0.2,0.615,0.0,0.727,2020-21
98,1629655,Daniel Gafford,1610612764,WAS,54,31,23,14.7,7.0,22.1,10.6,0.5,1.47,0.3,0.319,1.5,0.5,4.9,0.663,0.929,1.158,2020-21
99,1630187,Daniel Oturu,1610612746,LAC,30,21,9,5.4,1.8,6.2,3.7,0.2,2.16,1.01,0.29,0.4,0.4,1.4,0.167,0.308,0.683,2020-21
100,1628464,Daniel Theis,1610612741,CHI,65,28,37,24.6,9.6,36.3,21.9,1.0,1.59,0.4,0.266,2.2,0.4,4.0,0.521,0.704,1.128,2020-21
101,201568,Danilo Gallinari,1610612737,ATL,51,29,22,24.0,13.3,41.3,25.3,1.6,2.28,0.91,0.321,0.7,2.9,0.9,0.711,0.513,1.152,2020-21
102,201980,Danny Green,1610612755,PHI,69,46,23,28.0,9.5,38.2,22.4,1.0,1.57,0.68,0.248,0.2,0.0,0.7,0.429,0.667,0.478,2020-21
103,203957,Dante Exum,1610612745,HOU,6,3,3,19.4,3.8,30.2,15.5,2.0,3.93,3.22,0.127,0.3,0.0,1.3,1.0,0.0,1.0,2020-21
104,1627863,Danuel House Jr.,1610612745,HOU,36,8,28,25.9,8.8,36.7,19.9,1.5,2.4,1.48,0.238,0.4,0.1,1.1,0.867,0.0,0.872,2020-21
105,203967,Dario Saric,1610612756,PHX,50,37,13,17.4,8.7,32.7,21.3,0.9,1.68,0.7,0.267,2.7,2.3,4.0,0.489,0.482,0.782,2020-21
106,1629647,Darius Bazley,1610612760,OKC,55,16,39,31.2,13.7,53.6,26.6,2.4,2.68,1.89,0.256,0.7,0.2,1.8,0.611,0.455,0.856,2020-21
107,1629636,Darius Garland,1610612739,CLE,54,18,36,33.1,17.4,77.1,33.4,6.2,4.82,4.36,0.226,0.6,0.1,0.7,0.485,0.0,0.694,2020-21
108,203121,Darius Miller,1610612760,OKC,18,5,13,10.9,4.1,13.2,9.0,0.5,2.11,1.22,0.308,0.1,0.1,0.2,1.0,2.0,1.333,2020-21
109,1628021,David Nwaba,1610612745,HOU,30,8,22,22.6,9.2,22.8,14.7,0.8,2.01,1.33,0.404,0.3,0.0,1.9,0.8,2.0,1.018,2020-21
110,202722,Davis Bertans,1610612764,WAS,57,29,28,25.7,11.5,28.5,16.5,0.6,1.27,0.44,0.404,0.2,0.0,0.6,0.615,0.0,0.735,2020-21
111,1628368,De'Aaron Fox,1610612758,SAC,58,24,34,35.1,25.2,86.5,29.2,7.4,5.16,4.7,0.291,0.2,0.1,0.4,0.917,0.5,0.667,2020-21
112,1629631,De'Andre Hunter,1610612737,ATL,23,12,11,29.5,15.0,38.5,26.0,1.5,2.28,1.49,0.389,0.7,1.5,1.3,1.375,0.794,1.0,2020-21
113,1629001,De'Anthony Melton,1610612763,MEM,52,27,25,20.1,9.1,33.4,16.2,1.8,3.28,2.59,0.272,0.4,0.0,1.1,0.565,0.0,0.473,2020-21
114,201599,DeAndre Jordan,1610612751,BKN,57,37,20,21.9,7.5,30.6,16.9,0.7,1.47,0.18,0.245,3.2,0.3,5.8,0.33,0.333,1.057,2020-21
115,1627761,DeAndre' Bembry,1610612761,TOR,51,23,28,19.1,5.7,32.6,16.3,1.8,3.34,2.55,0.176,0.6,0.2,1.9,0.767,0.222,0.814,2020-21
116,201942,DeMar DeRozan,1610612759,SAS,61,27,34,33.7,21.6,59.5,29.7,5.4,5.49,4.92,0.363,0.9,1.3,1.0,0.589,0.7,0.742,2020-21
117,202326,DeMarcus Cousins,1610612746,LAC,41,22,19,17.4,8.9,36.5,21.2,1.2,2.01,0.77,0.245,1.0,3.1,2.1,0.512,0.528,0.648,2020-21
118,1629731,Dean Wade,1610612739,CLE,63,19,44,19.2,6.0,29.4,16.7,0.8,1.67,0.54,0.203,0.6,0.3,1.4,0.25,0.471,0.802,2020-21
119,1629028,Deandre Ayton,1610612756,PHX,69,48,21,30.6,14.4,46.2,26.8,1.3,1.67,0.44,0.312,3.7,4.7,11.7,0.534,0.633,0.939,2020-21
120,1629686,Deividas Sirvydis,1610612765,DET,20,8,12,6.7,2.1,8.9,5.2,0.3,1.78,0.91,0.23,0.1,0.0,0.3,0.0,0.0,0.6,2020-21
121,1627749,Dejounte Murray,1610612759,SAS,67,32,35,31.9,15.7,69.0,24.0,5.5,4.8,4.36,0.227,0.3,0.0,1.0,0.75,1.0,0.646,2020-21
122,1626153,Delon Wright,1610612758,SAC,63,21,42,27.7,10.2,58.6,21.1,5.0,5.11,4.57,0.175,0.4,0.1,1.4,0.64,0.0,0.655,2020-21
123,1630166,Deni Avdija,1610612764,WAS,54,25,29,23.3,6.3,31.3,14.3,0.9,1.79,0.93,0.202,0.6,0.1,1.2,0.935,0.25,0.955,2020-21
124,203471,Dennis Schroder,1610612747,LAL,61,38,23,32.1,15.4,78.2,31.5,6.1,4.66,4.01,0.197,0.6,0.0,0.5,0.556,0.0,0.375,2020-21
125,1628372,Dennis Smith Jr.,1610612765,DET,23,7,16,18.3,6.7,42.2,14.3,3.6,5.15,4.65,0.159,0.2,0.0,0.6,0.5,0.0,0.857,2020-21
126,1627756,Denzel Valentine,1610612741,CHI,62,26,36,16.7,6.5,23.5,16.2,1.0,2.47,1.91,0.278,0.2,0.0,0.5,0.643,0.0,0.931,2020-21
127,202324,Derrick Favors,1610612762,UTA,68,49,19,15.3,5.4,16.0,11.0,0.4,1.33,0.27,0.339,1.7,0.1,4.8,0.845,0.444,0.852,2020-21
128,1627884,Derrick Jones Jr.,1610612757,POR,58,32,26,22.7,6.8,19.8,11.6,0.5,1.65,0.71,0.346,0.4,0.0,2.7,0.762,0.0,0.885,2020-21
129,201565,Derrick Rose,1610612752,NYK,50,28,22,25.6,14.7,57.4,20.0,5.1,5.38,4.87,0.256,0.6,0.1,0.8,0.414,0.667,0.684,2020-21
130,1628401,Derrick White,1610612759,SAS,36,18,18,29.5,15.4,46.2,23.8,3.1,4.04,3.52,0.333,0.4,0.1,0.6,0.5,0.0,1.048,2020-21
131,1630217,Desmond Bane,1610612763,MEM,68,36,32,22.3,9.2,31.0,17.4,1.1,2.19,1.3,0.297,0.2,0.0,0.6,0.933,0.0,0.837,2020-21
132,1626164,Devin Booker,1610612756,PHX,67,48,19,33.9,25.6,56.2,37.1,4.0,4.32,3.52,0.455,2.2,1.5,2.1,0.687,0.55,0.722,2020-21
133,1629962,Devin Cannady,1610612753,ORL,8,0,8,9.3,4.3,9.3,7.1,0.4,2.31,1.77,0.459,0.0,0.0,0.0,0.0,0.0,0.0,2020-21
134,1630170,Devin Vassell,1610612759,SAS,62,30,32,17.0,5.5,16.9,11.1,0.5,1.95,1.16,0.325,0.2,0.0,0.6,0.867,0.0,0.923,2020-21
135,1629653,Devon Dotson,1610612741,CHI,11,4,7,4.6,2.1,10.0,4.2,0.7,4.49,3.86,0.209,0.3,0.0,0.1,0.0,0.0,0.0,2020-21
136,1629719,Devontae Cacok,1610612747,LAL,20,8,12,4.9,2.0,6.8,3.4,0.2,1.62,0.53,0.287,0.6,0.2,1.6,0.182,1.0,0.781,2020-21
137,1628984,Devonte' Graham,1610612766,CHA,55,23,32,30.2,14.8,70.6,31.9,5.1,4.32,3.85,0.21,0.1,0.0,0.3,0.571,0.0,0.353,2020-21
138,203473,Dewayne Dedmon,1610612748,MIA,16,11,5,13.2,7.1,19.9,10.8,0.5,1.55,0.35,0.355,1.3,0.7,4.8,0.905,0.545,1.078,2020-21
139,1629712,Didi Louzada,1610612740,NOP,3,0,3,18.8,2.7,18.0,12.7,0.8,2.79,2.17,0.148,0.3,0.0,0.3,0.0,0.0,0.0,2020-21
140,1628415,Dillon Brooks,1610612763,MEM,67,36,31,29.8,17.2,41.6,28.6,1.8,2.67,1.98,0.413,0.6,0.1,0.9,0.465,0.25,0.889,2020-21
141,1627734,Domantas Sabonis,1610612754,IND,62,29,33,36.0,20.3,97.4,54.7,3.6,2.21,1.19,0.209,6.7,7.6,9.0,0.507,0.412,0.908,2020-21
142,1628378,Donovan Mitchell,1610612762,UTA,53,39,14,33.4,26.4,75.2,31.2,6.1,4.89,4.51,0.351,0.2,0.0,0.9,0.273,0.0,0.64,2020-21
143,1629743,Donta Hall,1610612753,ORL,13,3,10,13.8,5.6,18.9,9.8,0.4,1.42,0.39,0.297,1.9,0.1,4.4,0.52,0.0,0.947,2020-21
144,1628978,Donte DiVincenzo,1610612749,MIL,66,44,22,27.5,10.4,44.5,20.5,2.0,2.75,2.13,0.234,0.6,0.0,2.3,0.4,0.0,0.682,2020-21
145,1627827,Dorian Finney-Smith,1610612742,DAL,60,36,24,32.0,9.8,39.5,21.9,1.1,1.66,0.72,0.249,0.5,0.0,2.2,0.241,0.0,0.84,2020-21
146,203926,Doug McDermott,1610612754,IND,66,32,34,24.5,13.6,29.1,21.9,0.7,1.39,0.72,0.468,0.4,0.0,2.3,1.034,2.0,1.375,2020-21
147,203110,Draymond Green,1610612744,GSW,63,35,28,31.5,7.0,74.2,37.2,3.0,2.46,1.64,0.095,2.0,2.4,1.8,0.333,0.091,0.452,2020-21
148,1629234,Drew Eubanks,1610612759,SAS,54,21,33,14.0,5.8,22.1,13.1,0.6,1.69,0.48,0.26,1.7,0.7,3.8,0.548,0.564,0.975,2020-21
149,1629130,Duncan Robinson,1610612748,MIA,72,40,32,31.4,13.1,38.8,27.2,1.1,1.64,0.63,0.337,0.3,0.1,0.8,0.727,0.0,1.098,2020-21
150,1628407,Dwayne Bacon,1610612753,ORL,72,21,51,25.7,10.9,29.6,19.5,1.6,3.33,2.37,0.37,0.4,0.0,0.6,0.769,0.0,0.976,2020-21
151,2730,Dwight Howard,1610612755,PHI,69,46,23,17.3,7.0,30.3,15.4,0.8,1.65,0.58,0.23,1.2,0.5,6.0,0.259,0.568,0.93,2020-21
152,203939,Dwight Powell,1610612742,DAL,58,36,22,16.6,5.9,25.1,13.5,0.6,1.46,0.43,0.235,1.4,0.1,4.3,0.458,1.4,0.911,2020-21
153,1629685,Dylan Windler,1610612739,CLE,31,11,20,16.5,5.2,24.2,15.8,0.8,1.89,0.79,0.214,0.3,0.0,1.1,0.556,0.0,0.824,2020-21
154,202734,E'Twaun Moore,1610612756,PHX,27,20,7,14.4,4.9,25.9,11.6,1.6,3.78,3.52,0.191,0.2,0.0,0.6,0.667,2.0,0.625,2020-21
155,202334,Ed Davis,1610612750,MIN,23,5,18,13.0,2.1,24.9,13.8,0.7,1.6,0.54,0.084,1.4,0.2,3.0,0.281,0.0,0.529,2020-21
156,1628410,Edmond Sumner,1610612754,IND,53,23,30,16.2,7.5,19.1,13.8,0.7,2.27,1.62,0.394,0.2,0.0,0.8,1.0,0.0,1.025,2020-21
157,203901,Elfrid Payton,1610612752,NYK,63,36,27,23.6,10.1,52.6,19.1,4.1,4.69,4.35,0.193,0.5,0.2,1.4,0.313,0.0,0.681,2020-21
158,1629091,Elijah Bryant,1610612749,MIL,1,0,1,31.6,16.0,49.0,19.0,3.4,4.21,3.82,0.327,0.0,0.0,2.0,0.0,0.0,1.0,2020-21
159,1630190,Elijah Hughes,1610612762,UTA,18,14,4,3.5,1.7,6.2,3.9,0.3,2.6,1.83,0.277,0.0,0.0,0.0,0.0,0.0,0.0,2020-21
160,202683,Enes Kanter,1610612757,POR,72,42,30,24.4,11.2,34.7,18.8,1.0,1.8,0.43,0.323,2.0,2.1,6.6,0.745,0.667,1.101,2020-21
161,202339,Eric Bledsoe,1610612740,NOP,71,31,40,29.7,12.2,49.9,24.6,2.9,3.5,2.97,0.245,0.2,0.0,0.5,0.933,0.0,0.688,2020-21
162,201569,Eric Gordon,1610612745,HOU,27,10,17,29.2,17.8,48.7,27.4,2.9,3.53,3.03,0.366,0.2,0.0,0.1,0.4,0.0,0.5,2020-21
163,1629672,Eric Paschall,1610612744,GSW,40,20,20,17.4,9.5,29.7,19.2,1.2,2.47,1.5,0.321,1.3,1.6,1.9,0.549,0.656,1.053,2020-21
164,101141,Ersan Ilyasova,1610612762,UTA,17,14,3,8.7,3.8,10.9,6.4,0.2,1.34,0.51,0.349,0.3,0.0,0.5,0.0,0.0,0.444,2020-21
165,203095,Evan Fournier,1610612738,BOS,42,18,24,30.0,17.1,44.2,32.5,2.1,2.86,2.04,0.387,0.4,0.1,0.7,0.722,0.333,1.258,2020-21
166,1630267,Facundo Campazzo,1610612743,DEN,65,43,22,21.9,6.1,43.2,19.2,2.8,3.89,3.82,0.141,0.2,0.0,0.4,0.143,0.0,0.4,2020-21
167,1628402,Frank Jackson,1610612765,DET,40,13,27,18.5,9.8,22.6,14.7,0.9,2.5,1.96,0.431,0.5,0.0,0.7,0.75,0.0,0.815,2020-21
168,1626163,Frank Kaminsky,1610612756,PHX,47,33,14,15.2,6.6,28.5,17.6,0.8,1.72,0.69,0.232,2.0,0.9,2.7,0.478,0.585,0.875,2020-21
169,1628412,Frank Mason,1610612753,ORL,4,1,3,19.8,6.3,37.5,10.8,4.0,6.35,6.13,0.167,0.5,0.0,0.5,0.0,0.0,0.0,2020-21
170,1628373,Frank Ntilikina,1610612752,NYK,33,23,10,9.8,2.7,13.6,5.8,0.8,3.63,3.19,0.199,0.2,0.1,0.1,0.0,1.0,0.0,2020-21
171,1627832,Fred VanVleet,1610612761,TOR,52,22,30,36.5,19.6,81.3,38.7,5.8,4.25,3.81,0.241,0.5,0.0,0.7,0.731,0.0,0.447,2020-21
172,1630273,Freddie Gillespie,1610612761,TOR,20,7,13,19.6,5.6,24.6,13.8,0.7,1.6,0.48,0.226,1.6,0.6,4.6,0.563,0.182,0.736,2020-21
173,1627788,Furkan Korkmaz,1610612755,PHI,55,39,16,19.3,9.1,26.6,20.4,1.1,2.38,1.76,0.342,0.2,0.0,0.3,0.462,0.0,1.176,2020-21
174,1629216,Gabe Vincent,1610612748,MIA,50,27,23,13.1,4.8,20.8,9.9,1.4,4.08,3.33,0.232,0.1,0.0,0.3,1.167,0.0,0.813,2020-21
175,1630466,Gabriel Deck,1610612760,OKC,10,1,9,21.2,8.4,24.9,17.1,1.0,2.35,1.56,0.337,0.5,2.0,3.3,0.4,0.4,0.485,2020-21
176,202066,Garrett Temple,1610612741,CHI,56,25,31,27.3,7.6,30.9,20.5,1.2,2.27,1.63,0.244,0.4,0.0,1.0,0.55,0.0,0.764,2020-21
177,1629726,Garrison Mathews,1610612764,WAS,64,32,32,16.2,5.5,12.3,8.2,0.3,1.42,0.52,0.45,0.1,0.0,0.2,1.75,0.0,1.357,2020-21
178,1629109,Gary Clark,1610612755,PHI,39,12,27,16.8,3.1,24.1,11.0,0.6,1.5,0.34,0.127,0.3,0.1,1.0,0.0,0.0,0.308,2020-21
179,203914,Gary Harris,1610612753,ORL,39,15,24,27.7,9.9,28.2,22.3,1.3,2.82,2.2,0.353,1.2,0.0,1.4,0.467,0.0,0.463,2020-21
180,1627780,Gary Payton II,1610612744,GSW,10,7,3,4.0,2.5,6.3,2.7,0.2,1.78,1.1,0.397,0.4,0.0,0.7,1.5,0.0,1.714,2020-21
181,1629018,Gary Trent Jr.,1610612761,TOR,58,29,29,31.1,15.3,33.4,22.9,1.6,2.79,2.22,0.458,0.1,0.0,0.4,1.0,0.0,0.692,2020-21
182,201588,George Hill,1610612755,PHI,30,16,14,22.4,8.7,39.7,22.2,2.4,3.67,3.06,0.219,0.3,0.1,1.0,0.222,0.0,0.483,2020-21
183,1627777,Georges Niang,1610612762,UTA,72,52,20,16.0,6.9,28.8,13.8,0.7,1.51,0.67,0.241,0.2,0.1,0.3,0.412,0.0,1.0,2020-21
184,203507,Giannis Antetokounmpo,1610612749,MIL,61,40,21,33.0,28.1,70.0,30.8,4.6,3.92,2.8,0.402,4.8,4.5,6.0,0.755,0.596,0.964,2020-21
185,203922,Glenn Robinson III,1610612758,SAC,23,9,14,16.1,5.3,17.9,11.1,0.6,1.9,1.13,0.294,0.2,0.1,1.0,0.4,1.0,0.636,2020-21
186,1629048,Goga Bitadze,1610612754,IND,45,19,26,12.5,5.1,21.0,12.8,0.5,1.35,0.37,0.245,1.5,0.6,3.3,0.441,0.5,0.81,2020-21
187,201609,Goran Dragic,1610612748,MIA,50,30,20,26.7,13.4,58.7,24.6,4.3,4.43,3.96,0.229,0.7,0.4,1.0,0.417,0.364,0.627,2020-21
188,202330,Gordon Hayward,1610612766,CHA,44,24,20,34.0,19.6,64.6,41.9,3.0,2.78,1.82,0.304,1.1,0.8,2.7,1.085,0.611,0.992,2020-21
189,203476,Gorgui Dieng,1610612759,SAS,38,14,24,14.5,6.8,25.1,15.7,0.7,1.79,0.75,0.27,1.7,0.6,2.9,0.415,0.417,0.789,2020-21
190,1630203,Grant Riller,1610612766,CHA,7,2,5,3.9,2.6,9.1,4.7,0.7,4.68,4.34,0.281,0.0,0.0,0.0,0.0,0.0,0.0,2020-21
191,1629684,Grant Williams,1610612738,BOS,63,30,33,18.1,4.7,25.2,13.4,0.7,1.57,0.59,0.185,0.5,0.7,1.5,0.207,0.488,0.656,2020-21
192,1628960,Grayson Allen,1610612763,MEM,50,26,24,25.2,10.6,33.6,18.8,1.4,2.42,1.68,0.317,0.2,0.0,0.3,0.5,0.0,0.4,2020-21
193,204222,Greg Whittington,1610612743,DEN,4,3,1,3.0,0.0,3.0,1.5,0.1,1.34,0.25,0.0,0.0,0.0,0.0,0.0,0.0,0.0,2020-21
194,1628977,Hamidou Diallo,1610612765,DET,52,18,34,23.6,11.6,40.0,21.6,2.0,3.07,2.52,0.291,0.4,0.2,1.9,1.045,0.6,1.01,2020-21
195,203084,Harrison Barnes,1610612758,SAC,58,25,33,36.2,16.1,55.6,31.0,2.0,2.17,1.17,0.289,1.3,2.5,2.8,0.551,0.469,0.866,2020-21
196,1628385,Harry Giles III,1610612757,POR,38,23,15,9.2,2.8,15.1,7.1,0.5,1.98,0.7,0.188,0.6,0.6,1.4,0.217,0.364,0.679,2020-21
197,202355,Hassan Whiteside,1610612758,SAC,36,16,20,15.2,8.1,23.7,12.8,0.6,1.56,0.39,0.343,2.0,2.2,6.0,0.676,0.65,0.949,2020-21
198,1627740,Henry Ellenson,1610612761,TOR,2,0,2,19.2,7.5,34.5,22.0,0.9,1.55,0.64,0.217,1.0,0.0,2.0,0.0,0.0,1.0,2020-21
199,1629649,Ignas Brazdeikis,1610612753,ORL,13,3,10,19.1,7.0,29.3,13.6,1.1,2.3,1.42,0.239,0.2,0.2,1.1,0.0,0.667,0.929,2020-21
200,202697,Iman Shumpert,1610612751,BKN,2,1,1,5.5,1.0,7.0,6.0,0.2,1.62,0.57,0.143,0.0,0.0,0.5,0.0,0.0,2.0,2020-21
201,1630193,Immanuel Quickley,1610612752,NYK,64,37,27,19.4,11.4,36.6,17.0,3.0,4.84,4.33,0.312,0.1,0.0,0.4,1.6,0.0,0.269,2020-21
202,1629067,Isaac Bonga,1610612764,WAS,40,16,24,10.8,2.0,10.8,6.4,0.3,1.87,1.13,0.181,0.2,0.0,0.7,0.75,0.0,0.615,2020-21
203,1630171,Isaac Okoro,1610612739,CLE,67,20,47,32.4,9.6,38.3,28.3,1.5,2.41,1.52,0.252,0.7,0.1,1.8,0.522,0.444,0.788,2020-21
204,1628392,Isaiah Hartenstein,1610612739,CLE,46,20,26,12.1,5.1,21.8,13.4,0.7,1.85,0.51,0.235,2.8,0.4,4.7,0.504,0.105,0.713,2020-21
205,1630198,Isaiah Joe,1610612755,PHI,41,22,19,9.3,3.7,14.0,8.2,0.5,2.05,1.34,0.266,0.0,0.0,0.0,0.0,0.0,2.0,2020-21
206,1629676,Isaiah Roby,1610612760,OKC,61,19,42,23.4,8.7,37.9,22.7,1.3,2.1,1.09,0.231,1.6,0.9,3.5,0.586,0.385,0.759,2020-21
207,1630191,Isaiah Stewart,1610612765,DET,68,20,48,21.4,7.9,31.3,17.1,0.8,1.52,0.4,0.253,2.2,1.1,6.4,0.377,0.667,0.827,2020-21
208,202738,Isaiah Thomas,1610612740,NOP,3,1,2,16.1,7.7,38.3,22.0,2.0,3.21,2.69,0.2,1.7,0.0,0.0,0.4,0.0,0.0,2020-21
209,202397,Ish Smith,1610612764,WAS,44,23,21,21.0,6.7,45.2,16.1,2.9,3.79,3.66,0.148,0.3,0.0,0.6,0.667,0.0,0.571,2020-21
210,1627826,Ivica Zubac,1610612746,LAC,72,47,25,22.3,9.0,37.0,17.8,0.9,1.42,0.43,0.244,3.8,0.9,7.9,0.43,0.742,0.92,2020-21
211,200755,JJ Redick,1610612742,DAL,44,22,22,16.4,7.4,20.8,16.5,0.7,1.88,1.09,0.357,0.3,0.0,0.1,0.333,0.0,0.0,2020-21
212,1629630,Ja Morant,1610612763,MEM,63,33,30,32.6,19.1,72.3,26.5,6.8,5.63,4.9,0.264,0.8,0.4,1.7,0.373,0.32,0.982,2020-21
213,203960,JaKarr Sampson,1610612754,IND,29,14,15,10.9,4.6,13.4,7.8,0.4,1.74,0.77,0.345,1.0,0.2,2.2,0.793,0.286,1.031,2020-21
214,203210,JaMychal Green,1610612743,DEN,58,38,20,19.3,8.1,25.9,17.5,0.6,1.38,0.4,0.313,1.2,0.7,3.0,0.264,0.595,0.96,2020-21
215,201580,JaVale McGee,1610612743,DEN,46,21,25,14.7,7.3,27.8,15.7,0.8,1.76,0.62,0.264,2.7,2.0,4.7,0.492,0.341,0.861,2020-21
216,203953,Jabari Parker,1610612738,BOS,13,4,9,12.7,5.5,20.9,10.3,0.7,1.94,1.01,0.265,0.7,0.8,1.8,0.667,0.545,1.087,2020-21
217,1630183,Jaden McDaniels,1610612750,MIN,63,18,45,24.0,6.8,33.7,15.6,0.8,1.41,0.64,0.201,0.4,0.1,1.6,0.435,0.333,0.7,2020-21
218,203109,Jae Crowder,1610612756,PHX,60,42,18,27.5,10.1,46.0,23.4,1.0,1.32,0.47,0.219,0.5,0.2,0.8,0.214,0.4,0.653,2020-21
219,1630256,Jae'Sean Tate,1610612745,HOU,70,17,53,29.2,11.3,39.6,22.4,1.6,2.37,1.6,0.286,1.2,1.1,3.9,0.699,0.475,0.845,2020-21
220,1626143,Jahlil Okafor,1610612765,DET,27,5,22,12.9,5.4,19.9,11.5,0.7,2.04,0.74,0.27,1.1,2.0,2.8,0.4,0.736,0.88,2020-21
221,1630186,Jahmi'us Ramsey,1610612758,SAC,13,5,8,7.3,3.1,8.5,4.9,0.3,2.33,1.8,0.364,0.0,0.1,0.2,0.0,0.0,2.0,2020-21
222,1627774,Jake Layman,1610612750,MIN,45,12,33,13.9,5.1,16.1,9.6,0.5,1.79,1.07,0.32,0.2,0.0,1.1,1.25,1.0,1.042,2020-21
223,1627751,Jakob Poeltl,1610612759,SAS,69,32,37,26.7,8.6,41.2,21.7,1.0,1.49,0.43,0.209,4.0,0.8,8.0,0.544,0.429,0.791,2020-21
224,1628973,Jalen Brunson,1610612742,DAL,68,40,28,25.0,12.6,51.6,22.3,3.9,4.55,4.13,0.244,0.2,0.1,0.4,0.571,0.714,0.483,2020-21
225,1630223,Jalen Harris,1610612761,TOR,13,3,10,13.2,7.4,18.0,11.2,1.0,3.34,2.97,0.41,0.2,0.0,0.2,0.0,0.0,0.0,2020-21
226,1629665,Jalen Lecque,1610612754,IND,4,2,2,3.0,1.3,7.5,3.3,0.5,3.88,3.27,0.167,0.0,0.0,0.0,0.0,0.0,0.0,2020-21
227,1629667,Jalen McDaniels,1610612766,CHA,47,18,29,19.2,7.4,30.3,16.4,1.0,1.91,1.11,0.243,0.4,0.1,2.0,1.059,0.571,1.0,2020-21
228,1630188,Jalen Smith,1610612756,PHX,27,19,8,5.8,2.0,7.4,3.8,0.2,1.62,0.51,0.266,0.3,0.4,1.0,0.286,0.75,1.115,2020-21
229,1627750,Jamal Murray,1610612743,DEN,48,31,17,35.5,21.2,69.8,33.8,5.3,4.51,3.78,0.304,1.0,0.5,1.7,0.787,0.652,0.707,2020-21
230,203516,James Ennis III,1610612753,ORL,41,12,29,24.1,8.4,27.6,16.5,1.0,2.28,1.34,0.305,0.3,0.0,1.4,1.0,0.0,0.789,2020-21
231,201935,James Harden,1610612751,BKN,44,31,13,36.6,24.6,92.4,30.1,8.6,5.57,4.96,0.266,0.3,0.5,0.9,0.0,0.5,0.763,2020-21
232,201949,James Johnson,1610612740,NOP,51,21,30,20.5,7.2,27.3,16.2,1.1,2.47,1.88,0.264,1.0,0.1,1.2,0.66,0.5,0.968,2020-21
233,203263,James Nunnally,1610612740,NOP,9,3,6,5.3,1.7,4.3,3.3,0.1,1.84,0.85,0.385,0.1,0.0,0.1,0.0,0.0,0.0,2020-21
234,1630164,James Wiseman,1610612744,GSW,39,18,21,21.4,11.5,34.5,20.4,0.9,1.54,0.48,0.333,1.9,3.2,5.3,0.813,0.427,1.077,2020-21
235,201162,Jared Dudley,1610612747,LAL,12,7,5,6.7,0.5,9.8,4.8,0.2,1.52,0.42,0.051,0.1,0.0,0.4,0.0,0.0,0.0,2020-21
236,1629607,Jared Harper,1610612752,NYK,8,5,3,2.0,0.4,3.5,0.9,0.3,5.5,5.39,0.107,0.0,0.0,0.0,0.0,0.0,0.0,2020-21
237,1628991,Jaren Jackson Jr.,1610612763,MEM,11,4,7,23.5,14.4,37.6,22.5,1.0,1.62,0.79,0.382,1.8,1.6,3.3,0.55,0.667,1.306,2020-21
238,1629020,Jarred Vanderbilt,1610612750,MIN,64,18,46,17.8,5.4,26.0,12.0,0.7,1.62,0.68,0.207,1.3,0.2,4.7,0.512,0.2,0.762,2020-21
239,1629714,Jarrell Brantley,1610612762,UTA,28,23,5,4.9,2.3,9.0,5.4,0.4,2.58,1.85,0.254,0.3,0.0,0.5,0.5,0.0,0.769,2020-21
240,1628386,Jarrett Allen,1610612739,CLE,63,20,43,29.6,12.8,48.6,26.5,1.3,1.58,0.36,0.263,4.8,1.4,10.3,0.395,0.533,0.988,2020-21
241,1629633,Jarrett Culver,1610612750,MIN,34,7,27,14.7,5.3,19.9,11.7,0.8,2.52,1.75,0.265,0.3,0.1,1.5,0.6,0.667,0.686,2020-21
242,1629750,Javonte Green,1610612741,CHI,41,19,22,11.6,3.6,14.6,8.3,0.4,1.69,0.7,0.243,0.3,0.0,1.1,0.385,0.0,0.745,2020-21
243,1629637,Jaxson Hayes,1610612740,NOP,60,24,36,16.1,7.5,20.7,13.4,0.5,1.56,0.55,0.362,1.6,0.2,4.7,0.551,0.286,0.996,2020-21
244,1630206,Jay Scrubb,1610612746,LAC,4,2,2,21.0,8.8,23.3,11.8,1.0,2.57,1.62,0.376,0.8,0.0,2.3,0.0,0.0,0.889,2020-21
245,1629121,Jaylen Adams,1610612749,MIL,7,5,2,2.6,0.3,5.7,2.6,0.5,5.51,5.2,0.05,0.0,0.0,0.0,0.0,0.0,0.0,2020-21
246,1627759,Jaylen Brown,1610612738,BOS,58,30,28,34.5,24.7,56.9,37.1,2.7,2.81,2.23,0.433,1.1,1.4,2.2,0.694,0.463,0.961,2020-21
247,1629658,Jaylen Hoard,1610612760,OKC,19,1,18,16.8,6.1,24.2,13.8,0.8,2.01,1.03,0.253,0.6,0.4,2.7,1.167,0.125,0.865,2020-21
248,1629669,Jaylen Nowell,1610612750,MIN,42,10,32,18.1,9.0,27.1,15.1,1.5,3.36,2.97,0.333,0.3,0.0,0.6,0.5,0.0,1.115,2020-21
249,1628369,Jayson Tatum,1610612738,BOS,64,34,30,35.8,26.4,77.7,45.0,4.8,3.71,2.61,0.34,1.8,2.6,2.5,0.754,0.628,0.931,2020-21
250,201145,Jeff Green,1610612751,BKN,68,44,24,27.0,11.0,36.0,20.9,1.1,1.9,0.71,0.307,1.6,0.4,1.5,0.769,0.862,0.874,2020-21
251,201952,Jeff Teague,1610612749,MIL,55,27,28,17.3,6.7,32.5,12.4,2.6,4.73,4.55,0.207,0.3,0.1,0.2,0.375,0.8,0.154,2020-21
252,203924,Jerami Grant,1610612765,DET,54,15,39,33.9,22.3,61.6,39.8,2.6,2.5,1.57,0.362,1.1,1.2,1.6,0.517,0.391,0.965,2020-21
253,1629725,Jeremiah Martin,1610612739,CLE,9,0,9,8.3,2.4,15.8,6.9,1.2,4.53,4.0,0.155,0.0,0.0,0.2,0.0,0.0,0.0,2020-21
254,203087,Jeremy Lamb,1610612754,IND,36,16,20,21.3,10.1,36.3,19.9,1.6,2.62,1.71,0.278,0.2,0.1,0.8,0.667,1.0,0.8,2020-21
255,1629010,Jerome Robinson,1610612764,WAS,17,5,12,17.9,4.9,25.3,16.2,1.1,2.72,2.14,0.193,0.1,0.0,0.4,0.0,0.0,0.286,2020-21
256,1628975,Jevon Carter,1610612756,PHX,60,42,18,11.9,4.1,16.2,9.5,0.7,2.63,2.04,0.255,0.1,0.0,0.1,0.0,0.0,0.0,2020-21
257,202710,Jimmy Butler,1610612748,MIA,52,33,19,33.6,21.5,77.4,35.0,6.0,4.69,3.7,0.277,1.3,2.9,3.8,0.652,0.369,0.91,2020-21
258,203925,Joe Harris,1610612751,BKN,69,45,24,31.0,14.1,37.4,24.9,1.0,1.54,0.81,0.377,0.5,0.0,0.9,1.083,0.0,0.969,2020-21
259,204060,Joe Ingles,1610612762,UTA,67,47,20,27.9,12.1,59.6,29.8,3.8,3.77,2.86,0.203,0.4,0.1,0.2,0.208,0.0,0.286,2020-21
260,203954,Joel Embiid,1610612755,PHI,51,39,12,31.1,28.5,70.8,49.7,2.9,2.5,1.06,0.402,4.0,12.3,5.3,0.574,0.698,1.037,2020-21
261,1628381,John Collins,1610612737,ATL,63,34,29,29.3,17.6,52.0,28.9,1.3,1.56,0.47,0.339,2.2,3.1,6.1,0.729,0.717,1.126,2020-21
262,1629723,John Konchar,1610612763,MEM,43,23,20,13.4,4.3,19.0,10.1,0.6,1.85,0.99,0.225,0.3,0.0,1.5,1.0,0.0,0.825,2020-21
263,202322,John Wall,1610612745,HOU,40,12,28,32.2,20.6,79.9,26.6,7.7,5.77,5.18,0.257,0.2,0.1,0.4,0.429,0.6,0.714,2020-21
264,202685,Jonas Valanciunas,1610612763,MEM,62,32,30,28.3,17.1,54.1,30.3,1.6,1.74,0.51,0.316,4.0,5.1,10.8,0.607,0.715,1.022,2020-21
265,1629007,Jontay Porter,1610612763,MEM,11,7,4,4.9,2.0,7.6,5.4,0.3,2.03,1.0,0.262,0.5,0.6,0.6,0.4,0.571,1.143,2020-21
266,1628395,Jordan Bell,1610612744,GSW,6,3,3,13.6,2.5,27.2,14.5,0.8,1.66,0.65,0.092,1.0,0.8,2.3,0.0,0.0,0.714,2020-21
267,1629648,Jordan Bone,1610612753,ORL,14,2,12,14.0,4.0,21.1,8.2,1.8,5.13,4.44,0.189,0.1,0.0,0.1,0.0,0.0,1.0,2020-21
268,203903,Jordan Clarkson,1610612762,UTA,68,49,19,26.7,18.4,42.1,25.9,2.5,3.62,3.12,0.437,0.4,0.1,0.7,0.704,0.9,0.755,2020-21
269,1629162,Jordan McLaughlin,1610612750,MIN,51,15,36,18.4,5.0,42.6,15.8,3.2,4.48,4.03,0.118,0.3,0.0,0.5,0.714,0.0,0.64,2020-21
270,1629670,Jordan Nwora,1610612749,MIL,30,19,11,9.1,5.7,12.9,7.5,0.6,2.9,2.08,0.442,0.1,0.1,0.5,1.667,0.333,1.333,2020-21
271,1629673,Jordan Poole,1610612744,GSW,51,28,23,19.4,12.0,36.5,22.4,1.9,3.06,2.48,0.329,0.2,0.0,0.4,1.333,0.0,1.0,2020-21
272,1630182,Josh Green,1610612742,DAL,39,20,19,11.4,2.6,10.9,7.6,0.4,2.0,1.27,0.237,0.3,0.0,1.2,0.182,0.0,0.533,2020-21
273,1630221,Josh Hall,1610612760,OKC,21,2,19,16.0,4.1,19.0,10.4,0.8,2.49,1.68,0.216,0.2,0.0,0.5,0.5,0.0,0.7,2020-21
274,1628404,Josh Hart,1610612740,NOP,47,21,26,28.7,9.2,40.4,21.8,1.4,2.16,1.23,0.229,0.3,0.0,0.9,0.5,2.0,0.581,2020-21
275,1628367,Josh Jackson,1610612765,DET,62,16,46,25.2,13.4,36.7,23.4,1.5,2.5,1.78,0.363,0.5,0.3,1.4,0.483,0.353,0.77,2020-21
276,1629006,Josh Okogie,1610612750,MIN,59,21,38,20.3,5.4,19.8,13.5,0.7,1.98,1.22,0.271,0.5,0.1,1.8,0.645,0.714,0.899,2020-21
277,1626196,Josh Richardson,1610612742,DAL,59,35,24,30.3,12.1,45.0,28.3,2.4,3.15,2.28,0.269,0.5,0.1,1.1,0.5,0.4,0.742,2020-21
278,201950,Jrue Holiday,1610612749,MIL,59,41,18,32.3,17.7,62.9,25.8,4.6,4.35,3.85,0.282,0.7,0.9,3.1,0.585,0.358,0.778,2020-21
279,1629308,Juan Toscano-Anderson,1610612744,GSW,53,28,25,20.9,5.7,43.0,21.9,1.3,1.88,1.09,0.132,0.9,0.5,1.7,0.574,0.138,0.764,2020-21
280,1627823,Juancho Hernangomez,1610612750,MIN,52,19,33,17.3,7.2,25.8,14.1,0.6,1.47,0.53,0.279,0.6,0.2,2.0,0.966,0.875,0.903,2020-21
281,203944,Julius Randle,1610612752,NYK,71,40,31,37.6,24.1,83.6,48.4,4.7,3.36,2.27,0.288,2.2,4.6,2.2,0.541,0.502,0.768,2020-21
282,203200,Justin Holiday,1610612754,IND,72,34,38,30.3,10.5,33.8,21.6,0.9,1.58,0.98,0.311,0.3,0.0,1.1,0.4,0.0,0.679,2020-21
283,1628382,Justin Jackson,1610612749,MIL,34,12,22,17.0,7.2,27.1,16.6,1.2,2.59,1.95,0.266,0.3,0.0,0.7,1.111,0.0,1.167,2020-21
284,1629713,Justin James,1610612758,SAC,36,15,21,8.6,3.9,12.1,6.7,0.6,2.89,2.0,0.32,0.1,0.0,0.6,0.8,0.0,1.15,2020-21
285,1628383,Justin Patton,1610612745,HOU,13,1,12,19.0,5.4,27.2,16.8,0.6,1.29,0.34,0.198,1.3,0.5,3.3,0.765,0.333,0.674,2020-21
286,1629620,Justin Robinson,1610612760,OKC,9,0,9,9.7,2.3,19.2,9.2,0.9,2.9,2.66,0.121,0.0,0.0,0.1,0.0,0.0,2.0,2020-21
287,1626159,Justise Winslow,1610612763,MEM,26,13,13,19.5,6.8,32.2,15.6,1.6,3.0,2.33,0.213,1.2,0.2,1.2,0.516,0.333,0.8,2020-21
288,203994,Jusuf Nurkic,1610612757,POR,37,22,15,23.8,11.5,51.4,30.4,1.5,1.77,0.64,0.223,4.6,3.1,5.5,0.571,0.447,0.828,2020-21
289,1629752,Juwan Morgan,1610612762,UTA,29,24,5,5.1,1.2,6.4,3.8,0.2,1.47,0.5,0.188,0.1,0.0,1.0,1.333,0.0,0.607,2020-21
290,1629644,KZ Okpala,1610612748,MIA,37,22,15,12.1,2.5,11.6,7.2,0.4,1.91,1.03,0.215,0.4,0.1,0.8,0.267,0.0,0.161,2020-21
291,1630211,Karim Mane,1610612753,ORL,10,2,8,8.8,1.1,7.4,3.8,0.4,3.23,2.41,0.149,0.0,0.0,0.3,0.0,0.0,0.667,2020-21
292,1626157,Karl-Anthony Towns,1610612750,MIN,50,19,31,33.8,24.8,69.3,48.9,2.5,2.14,0.84,0.357,3.6,8.3,5.6,0.508,0.487,0.989,2020-21
293,202695,Kawhi Leonard,1610612746,LAC,52,36,16,34.1,24.8,59.6,39.1,4.2,4.23,3.26,0.417,2.3,6.2,2.1,0.597,0.525,0.945,2020-21
294,1628966,Keita Bates-Diop,1610612759,SAS,30,13,17,8.2,2.6,9.3,5.1,0.3,2.19,1.14,0.284,0.0,0.0,0.5,2.0,0.0,1.467,2020-21
295,1629103,Kelan Martin,1610612754,IND,35,16,19,9.2,4.5,12.4,7.8,0.4,2.17,1.4,0.363,0.1,0.0,0.7,1.6,0.0,0.87,2020-21
296,1629640,Keldon Johnson,1610612759,SAS,69,32,37,28.5,12.8,40.8,21.0,1.5,2.19,1.31,0.313,0.4,0.1,1.8,0.9,0.2,0.936,2020-21
297,1629833,Keljin Blevins,1610612757,POR,17,11,6,4.4,0.7,4.2,2.6,0.2,2.97,2.01,0.167,0.2,0.0,0.2,0.0,0.0,0.667,2020-21
298,203482,Kelly Olynyk,1610612745,HOU,70,26,44,28.5,13.5,54.8,29.5,1.6,1.8,0.71,0.246,1.4,1.7,3.6,0.58,0.526,1.004,2020-21
299,1626162,Kelly Oubre Jr.,1610612744,GSW,55,27,28,30.7,15.4,38.9,26.3,1.4,2.12,1.41,0.397,0.8,0.5,3.0,0.738,0.467,1.018,2020-21
300,202689,Kemba Walker,1610612738,BOS,43,22,21,31.8,19.3,72.7,25.5,5.6,4.64,4.41,0.265,0.2,0.0,0.4,0.222,0.0,0.526,2020-21
301,1629134,Kendrick Nunn,1610612748,MIA,56,31,25,29.5,14.6,45.1,22.3,2.8,3.71,3.04,0.323,0.5,0.1,1.1,0.933,0.333,1.033,2020-21
302,1629026,Kenrich Williams,1610612760,OKC,66,21,45,21.6,8.0,31.7,19.1,1.3,2.53,1.99,0.251,0.4,0.3,1.8,1.034,0.652,0.736,2020-21
303,203145,Kent Bazemore,1610612744,GSW,67,35,32,19.9,7.2,31.8,18.2,1.3,2.38,1.6,0.226,0.3,0.4,1.2,0.826,0.231,0.768,2020-21
304,203484,Kentavious Caldwell-Pope,1610612747,LAL,67,39,28,28.4,9.7,38.0,24.2,1.1,1.8,0.94,0.256,0.3,0.0,0.7,0.714,0.0,0.477,2020-21
305,1630231,Kenyon Martin Jr.,1610612745,HOU,45,10,35,23.7,9.3,31.5,16.4,0.8,1.53,0.72,0.296,0.8,0.2,3.5,0.618,0.727,1.113,2020-21
306,201142,Kevin Durant,1610612751,BKN,35,23,12,33.1,26.9,67.2,36.7,3.6,3.2,2.22,0.401,1.5,4.6,0.8,0.528,0.509,1.222,2020-21
307,1628989,Kevin Huerter,1610612737,ATL,69,40,29,30.8,11.9,44.0,29.6,2.1,2.81,2.05,0.27,0.5,0.0,1.0,0.657,0.0,0.806,2020-21
308,1628995,Kevin Knox II,1610612752,NYK,42,26,16,11.1,3.9,13.6,8.8,0.4,1.66,0.77,0.285,0.3,0.1,0.3,0.333,0.75,0.643,2020-21
309,201567,Kevin Love,1610612739,CLE,25,7,18,24.9,12.2,51.6,33.9,1.5,1.79,0.44,0.237,1.6,3.3,2.3,0.3,0.373,0.789,2020-21
310,1629645,Kevin Porter Jr.,1610612745,HOU,26,4,22,32.1,16.6,74.4,31.7,5.9,4.74,4.18,0.223,0.5,0.1,0.9,0.714,0.0,0.917,2020-21
311,1626172,Kevon Looney,1610612744,GSW,61,34,27,19.0,4.1,29.8,19.1,0.8,1.53,0.55,0.138,1.0,1.2,3.4,0.328,0.282,0.633,2020-21
312,203920,Khem Birch,1610612761,TOR,67,23,44,22.8,7.2,31.6,18.4,0.8,1.49,0.63,0.228,3.0,0.7,5.4,0.557,0.48,0.654,2020-21
313,203114,Khris Middleton,1610612749,MIL,68,45,23,33.4,20.4,63.3,32.2,3.9,3.7,2.86,0.322,0.8,1.9,1.7,0.667,0.659,0.904,2020-21
314,1629017,Khyri Thomas,1610612745,HOU,5,1,4,30.6,16.4,43.8,23.8,2.4,3.25,2.71,0.374,1.8,0.0,2.2,0.889,0.0,0.727,2020-21
315,1630165,Killian Hayes,1610612765,DET,26,6,20,25.8,6.8,63.5,21.8,5.3,5.04,4.59,0.107,0.5,0.0,0.3,0.571,0.0,0.222,2020-21
316,1629681,Killian Tillie,1610612763,MEM,18,11,7,10.1,3.2,11.4,7.3,0.3,1.69,0.7,0.277,0.3,0.1,0.5,0.5,0.0,0.333,2020-21
317,1630184,Kira Lewis Jr.,1610612740,NOP,54,23,31,16.7,6.4,33.1,13.1,2.2,3.98,3.54,0.192,0.2,0.0,0.5,0.556,0.0,0.731,2020-21
318,1628961,Kostas Antetokounmpo,1610612747,LAL,15,6,9,3.7,0.8,4.2,2.3,0.1,2.0,1.11,0.19,0.1,0.1,0.5,0.0,0.0,0.625,2020-21
319,1627739,Kris Dunn,1610612737,ATL,4,1,3,11.4,1.3,19.8,7.5,1.6,4.79,4.28,0.063,0.0,0.3,0.0,0.0,0.0,0.0,2020-21
320,204001,Kristaps Porzingis,1610612742,DAL,43,26,17,30.8,20.1,59.4,35.8,1.5,1.5,0.53,0.339,2.9,5.2,6.4,0.548,0.676,0.949,2020-21
321,203937,Kyle Anderson,1610612763,MEM,69,36,33,27.4,12.4,44.1,23.8,2.0,2.76,1.65,0.281,0.9,0.2,1.3,0.5,0.364,0.91,2020-21
322,1629657,Kyle Guy,1610612758,SAC,31,11,20,7.6,2.8,13.6,7.3,0.7,3.05,2.62,0.206,0.1,0.0,0.1,0.25,0.0,0.0,2020-21
323,1628398,Kyle Kuzma,1610612747,LAL,68,40,28,28.7,12.9,41.7,27.0,1.7,2.38,1.47,0.309,0.7,0.2,2.2,0.532,0.938,0.735,2020-21
324,200768,Kyle Lowry,1610612761,TOR,46,15,31,34.8,17.2,82.4,36.4,5.2,3.8,3.08,0.209,0.4,0.1,0.9,0.3,0.0,0.463,2020-21
325,202681,Kyrie Irving,1610612751,BKN,54,36,18,34.9,26.9,77.9,29.4,5.9,4.56,3.83,0.345,0.8,0.4,1.9,0.689,0.609,0.723,2020-21
326,200746,LaMarcus Aldridge,1610612751,BKN,26,15,11,25.9,13.5,44.5,29.7,1.3,1.81,0.58,0.304,1.9,4.4,2.9,0.286,0.574,0.974,2020-21
327,1630163,LaMelo Ball,1610612766,CHA,51,23,28,28.8,15.7,74.5,30.1,5.0,4.04,3.64,0.211,0.5,0.0,1.6,0.423,1.5,0.488,2020-21
328,1630205,Lamar Stevens,1610612739,CLE,40,13,27,12.5,4.1,16.7,9.2,0.6,2.02,1.07,0.247,0.6,0.2,1.1,1.0,0.857,0.929,2020-21
329,1629013,Landry Shamet,1610612751,BKN,61,39,22,23.0,9.3,31.6,17.9,1.3,2.55,2.01,0.294,0.2,0.0,0.4,0.636,0.0,0.609,2020-21
330,204038,Langston Galloway,1610612756,PHX,40,29,11,10.9,4.8,11.5,8.4,0.3,1.81,1.3,0.413,0.1,0.0,0.3,1.333,0.0,0.364,2020-21
331,1626204,Larry Nance Jr.,1610612739,CLE,35,13,22,31.2,9.3,49.7,30.0,1.8,2.13,0.87,0.188,4.4,2.1,5.6,0.31,0.167,0.531,2020-21
332,1628374,Lauri Markkanen,1610612741,CHI,51,20,31,25.8,13.6,35.5,21.5,0.9,1.56,0.63,0.383,0.9,0.8,2.3,0.787,0.857,0.966,2020-21
333,2544,LeBron James,1610612747,LAL,45,30,15,33.4,25.0,86.9,38.3,6.4,4.43,3.4,0.288,1.9,3.9,2.2,0.698,0.438,1.072,2020-21
334,1629022,Lonnie Walker IV,1610612759,SAS,60,28,32,25.4,11.2,30.2,19.8,1.5,2.89,2.15,0.369,0.3,0.0,0.5,0.7,0.0,0.655,2020-21
335,1628366,Lonzo Ball,1610612740,NOP,55,23,32,31.8,14.6,76.7,31.6,4.3,3.38,2.62,0.19,0.5,0.2,0.8,0.633,0.0,0.773,2020-21
336,101150,Lou Williams,1610612737,ATL,66,44,22,21.6,11.3,41.1,16.8,3.3,4.8,3.97,0.276,0.2,0.0,0.3,0.8,0.0,0.667,2020-21
337,1629663,Louis King,1610612758,SAC,6,3,3,14.2,7.3,24.8,11.8,1.4,3.31,2.45,0.295,0.7,0.2,1.0,1.0,0.0,1.0,2020-21
338,1629652,Luguentz Dort,1610612760,OKC,52,18,34,29.7,14.0,39.6,25.4,2.1,3.17,2.62,0.354,0.1,0.1,1.0,0.333,0.333,0.46,2020-21
339,1629029,Luka Doncic,1610612742,DAL,66,40,26,34.3,27.7,88.9,30.5,8.9,6.02,5.53,0.312,0.3,1.3,1.0,0.348,0.774,0.925,2020-21
340,1629677,Luka Samanic,1610612759,SAS,33,14,19,9.3,3.7,13.3,6.2,0.4,1.86,0.88,0.278,0.2,0.2,0.8,0.75,0.429,1.107,2020-21
341,1628379,Luke Kennard,1610612746,LAC,63,44,19,19.6,8.3,26.0,15.6,1.2,2.88,2.09,0.318,0.4,0.0,0.5,0.741,0.0,0.938,2020-21
342,1628436,Luke Kornet,1610612738,BOS,31,13,18,11.2,3.4,18.2,11.1,0.4,1.3,0.34,0.188,0.8,0.3,1.7,0.231,0.25,0.925,2020-21
343,1630201,Malachi Flynn,1610612761,TOR,47,21,26,19.7,7.5,40.3,18.0,2.9,4.26,3.72,0.186,0.2,0.0,0.2,0.0,0.0,0.0,2020-21
344,1627763,Malcolm Brogdon,1610612754,IND,56,27,29,34.5,21.2,86.1,37.0,6.6,4.62,4.41,0.246,0.5,0.1,1.4,0.714,0.0,0.753,2020-21
345,1627736,Malik Beasley,1610612750,MIN,37,8,29,32.8,19.6,48.8,32.8,1.9,2.33,1.69,0.401,0.7,0.0,1.2,0.885,0.0,1.13,2020-21
346,1630238,Malik Fitts,1610612746,LAC,3,3,0,3.6,1.0,6.0,4.3,0.1,1.27,0.61,0.167,0.0,0.0,0.3,0.0,0.0,0.0,2020-21
347,1628370,Malik Monk,1610612766,CHA,42,19,23,20.9,11.7,33.6,21.9,1.7,2.97,2.44,0.347,0.2,0.0,0.4,0.4,0.0,0.824,2020-21
348,1629603,Mamadi Diakite,1610612749,MIL,14,7,7,10.1,3.1,13.1,5.9,0.4,1.89,0.69,0.24,1.0,0.4,1.9,0.714,0.8,0.923,2020-21
349,201188,Marc Gasol,1610612747,LAL,52,32,20,19.1,5.0,34.3,21.3,0.9,1.52,0.33,0.147,2.5,1.3,1.9,0.206,0.343,0.653,2020-21
350,202694,Marcus Morris Sr.,1610612746,LAC,57,38,19,26.3,13.4,34.9,23.1,1.2,2.11,1.05,0.384,1.3,2.2,1.0,0.5,0.762,0.636,2020-21
351,203935,Marcus Smart,1610612738,BOS,48,24,24,32.9,13.1,64.6,29.3,3.8,3.56,2.98,0.202,0.8,0.9,1.5,0.297,0.476,0.529,2020-21
352,1628365,Markelle Fultz,1610612753,ORL,8,6,2,26.9,12.9,60.9,16.9,6.1,6.01,5.84,0.211,0.5,0.0,0.9,0.5,0.0,0.857,2020-21
353,202693,Markieff Morris,1610612747,LAL,61,32,29,19.7,6.7,26.8,16.8,0.7,1.56,0.57,0.249,0.8,1.5,1.5,0.383,0.527,0.6,2020-21
354,1630210,Markus Howard,1610612743,DEN,37,24,13,5.5,2.8,10.3,4.8,0.8,4.55,4.72,0.275,0.0,0.0,0.1,3.0,0.0,0.0,2020-21
355,1629716,Marques Bolden,1610612739,CLE,6,2,4,4.8,1.2,6.7,4.5,0.2,1.85,0.58,0.175,1.0,1.2,1.0,0.0,0.429,0.5,2020-21
356,1627737,Marquese Chriss,1610612744,GSW,2,0,2,13.4,6.5,29.5,17.5,0.8,1.55,0.45,0.22,0.5,1.0,2.0,1.0,0.0,1.25,2020-21
357,1628963,Marvin Bagley III,1610612758,SAC,43,20,23,25.9,14.1,38.1,21.8,1.2,1.82,0.78,0.371,1.5,2.6,5.8,0.892,0.627,1.1,2020-21
358,1630222,Mason Jones,1610612755,PHI,32,10,22,10.5,5.3,25.9,12.1,1.6,3.8,3.18,0.202,0.2,0.0,0.3,0.6,0.0,0.636,2020-21
359,203486,Mason Plumlee,1610612765,DET,56,14,42,26.8,10.4,54.5,32.7,2.0,2.25,1.02,0.19,3.5,3.3,7.6,0.355,0.357,0.829,2020-21
360,1629680,Matisse Thybulle,1610612755,PHI,65,46,19,20.0,3.9,19.9,12.2,0.5,1.38,0.74,0.197,0.2,0.0,0.8,0.308,0.0,0.83,2020-21
361,1629744,Matt Thomas,1610612762,UTA,45,27,18,7.3,3.1,10.5,7.4,0.4,2.07,1.44,0.294,0.2,0.0,0.2,0.857,0.0,0.364,2020-21
362,203521,Matthew Dellavedova,1610612739,CLE,13,4,9,17.2,2.8,41.5,16.5,3.1,4.52,4.45,0.067,0.3,0.0,0.6,0.0,0.0,0.5,2020-21
363,203090,Maurice Harkless,1610612758,SAC,37,16,21,20.9,5.2,21.6,11.9,0.7,1.9,0.93,0.243,0.3,0.2,1.0,0.25,0.286,0.895,2020-21
364,1629622,Max Strus,1610612748,MIA,39,14,25,13.0,6.1,13.3,9.0,0.3,1.5,0.61,0.456,0.1,0.0,0.4,0.0,0.0,1.529,2020-21
365,1628467,Maxi Kleber,1610612742,DAL,50,31,19,26.8,7.1,30.9,17.5,0.6,1.21,0.33,0.228,0.4,0.2,1.3,0.333,0.875,0.569,2020-21
366,203086,Meyers Leonard,1610612748,MIA,3,2,1,9.8,3.3,17.7,10.7,0.5,1.54,0.41,0.189,1.0,0.0,0.3,0.0,0.0,0.0,2020-21
367,1629662,Mfiondu Kabengele,1610612739,CLE,39,20,19,7.2,2.4,12.0,6.2,0.3,1.55,0.46,0.203,0.4,0.5,1.0,0.267,0.25,0.897,2020-21
368,203487,Michael Carter-Williams,1610612753,ORL,31,12,19,25.8,8.8,53.5,18.5,4.7,5.32,5.06,0.165,0.4,0.1,1.8,0.545,0.5,0.754,2020-21
369,1629008,Michael Porter Jr.,1610612743,DEN,61,40,21,31.3,19.0,41.4,25.0,1.5,2.17,1.09,0.46,1.7,0.6,3.9,0.748,0.559,1.076,2020-21
370,1628969,Mikal Bridges,1610612756,PHX,72,51,21,32.6,13.5,35.8,22.6,1.0,1.67,0.89,0.376,1.1,0.1,2.1,0.725,0.857,1.084,2020-21
371,201144,Mike Conley,1610612762,UTA,51,37,14,29.4,16.2,68.4,30.9,5.2,4.57,4.2,0.237,0.4,0.0,0.5,0.947,0.0,0.462,2020-21
372,1628455,Mike James,1610612751,BKN,13,9,4,18.2,7.7,41.9,13.8,3.6,5.19,5.06,0.183,0.1,0.0,0.2,0.0,0.0,0.0,2020-21
373,203488,Mike Muscala,1610612760,OKC,35,15,20,18.4,9.7,33.4,21.2,0.7,1.26,0.33,0.29,1.0,0.6,1.7,0.6,0.619,1.066,2020-21
374,203118,Mike Scott,1610612755,PHI,51,35,16,16.7,4.2,23.7,13.6,0.5,1.36,0.48,0.176,0.3,0.2,0.4,0.25,0.889,0.619,2020-21
375,1628970,Miles Bridges,1610612766,CHA,66,31,35,29.3,12.7,41.6,25.8,1.3,1.88,1.07,0.306,1.4,1.1,3.2,0.467,0.311,0.947,2020-21
376,1629011,Mitchell Robinson,1610612752,NYK,31,15,16,27.5,8.3,33.8,16.0,0.8,1.41,0.35,0.244,1.1,0.2,7.4,0.171,0.8,0.987,2020-21
377,1629671,Miye Oni,1610612762,UTA,54,45,9,9.6,1.9,9.3,6.2,0.2,1.44,0.83,0.209,0.1,0.0,0.4,0.0,0.0,0.316,2020-21
378,1628964,Mo Bamba,1610612753,ORL,46,11,35,15.8,8.0,24.0,15.2,0.7,1.79,0.59,0.333,1.1,0.9,3.9,0.333,0.55,1.045,2020-21
379,1628420,Monte Morris,1610612743,DEN,47,30,17,25.4,10.2,45.0,22.6,3.0,4.03,3.6,0.228,0.7,0.0,0.7,0.656,0.0,0.571,2020-21
380,1626149,Montrezl Harrell,1610612747,LAL,69,41,28,22.9,13.5,34.4,21.6,1.1,1.97,0.77,0.392,3.0,3.9,6.5,0.654,0.722,1.114,2020-21
381,1629021,Moritz Wagner,1610612753,ORL,45,19,26,16.0,6.9,27.7,14.7,0.7,1.56,0.51,0.248,1.0,0.7,2.4,0.739,0.5,0.86,2020-21
382,1629650,Moses Brown,1610612760,OKC,43,8,35,21.4,8.6,25.7,11.6,0.6,1.38,0.29,0.334,1.2,0.2,7.6,0.654,0.5,0.939,2020-21
383,1628539,Mychal Mulder,1610612744,GSW,60,33,27,12.8,5.6,11.7,9.6,0.3,1.47,0.82,0.479,0.1,0.0,0.4,0.833,0.0,0.731,2020-21
384,1626167,Myles Turner,1610612754,IND,47,22,25,31.0,12.6,39.7,22.3,0.9,1.4,0.51,0.317,1.9,0.7,3.7,0.841,0.571,1.051,2020-21
385,1630230,Naji Marshall,1610612740,NOP,32,14,18,21.9,7.7,34.5,17.7,1.3,2.25,1.67,0.223,0.3,0.1,0.9,1.0,1.0,0.552,2020-21
386,1629642,Nassir Little,1610612757,POR,48,27,21,13.3,4.6,14.6,6.9,0.5,2.15,1.19,0.313,0.3,0.1,0.8,0.5,0.667,0.73,2020-21
387,1630268,Nate Darling,1610612766,CHA,7,3,4,3.7,1.3,4.3,3.9,0.1,1.19,0.47,0.3,0.0,0.0,0.0,0.0,0.0,0.0,2020-21
388,1630207,Nate Hinton,1610612742,DAL,21,11,10,4.4,2.0,7.6,4.0,0.4,3.4,3.08,0.256,0.0,0.0,0.0,0.0,0.0,2.0,2020-21
389,1630233,Nathan Knight,1610612737,ATL,33,21,12,8.4,3.8,11.2,6.9,0.4,1.89,0.86,0.335,0.5,0.4,1.7,0.667,0.615,0.873,2020-21
390,1629675,Naz Reid,1610612750,MIN,70,22,48,19.2,11.2,34.9,22.3,1.0,1.73,0.68,0.321,2.2,1.7,3.5,0.745,0.5,1.098,2020-21
391,202357,Nemanja Bjelica,1610612748,MIA,37,16,21,16.1,6.5,29.9,17.4,0.9,1.85,0.85,0.219,0.4,0.9,1.3,0.769,0.629,1.0,2020-21
392,203457,Nerlens Noel,1610612752,NYK,64,35,29,24.2,5.1,29.5,12.4,0.8,1.6,0.42,0.172,1.2,0.0,5.2,0.267,0.0,0.783,2020-21
393,1630208,Nick Richards,1610612766,CHA,18,9,9,3.5,0.8,3.6,2.4,0.1,1.55,0.41,0.234,0.3,0.2,0.5,0.667,0.0,1.111,2020-21
394,1629638,Nickeil Alexander-Walker,1610612740,NOP,46,20,26,21.9,11.0,41.6,19.1,2.6,3.73,3.08,0.265,0.2,0.0,0.3,1.0,0.0,0.867,2020-21
395,1630185,Nico Mannion,1610612744,GSW,30,17,13,12.1,4.1,28.1,11.4,2.2,4.61,4.34,0.146,0.2,0.0,0.2,0.6,0.0,0.0,2020-21
396,201587,Nicolas Batum,1610612746,LAC,67,44,23,27.4,8.1,38.3,23.0,1.0,1.6,0.66,0.21,1.3,0.4,1.7,0.191,0.192,0.712,2020-21
397,1629651,Nicolas Claxton,1610612751,BKN,32,23,9,18.6,6.6,26.8,14.3,0.8,1.76,0.52,0.247,2.3,0.5,4.8,0.534,0.533,1.0,2020-21
398,1629740,Nicolo Melli,1610612742,DAL,45,26,19,12.6,3.0,19.8,10.9,0.6,1.75,0.7,0.15,0.2,0.4,1.2,0.364,0.444,0.358,2020-21
399,203999,Nikola Jokic,1610612743,DEN,72,47,25,34.6,26.4,101.0,58.0,4.6,2.75,1.36,0.261,8.8,9.3,7.1,0.526,0.601,0.994,2020-21
400,202696,Nikola Vucevic,1610612741,CHI,70,26,44,33.5,23.4,77.3,50.5,2.3,1.77,0.7,0.303,5.1,11.0,5.7,0.428,0.407,0.836,2020-21
401,203943,Noah Vonleh,1610612751,BKN,4,3,1,2.7,0.0,7.3,4.5,0.4,3.36,2.48,0.0,0.5,0.8,0.3,0.0,0.0,0.0,2020-21
402,1626181,Norman Powell,1610612757,POR,69,32,37,32.0,18.6,39.0,27.1,1.8,2.71,2.25,0.477,0.4,0.0,1.1,0.692,0.667,0.934,2020-21
403,203658,Norvel Pelle,1610612752,NYK,13,8,5,6.4,1.5,6.9,3.7,0.2,1.57,0.34,0.222,0.2,0.0,1.4,0.0,0.0,0.833,2020-21
404,1628384,OG Anunoby,1610612761,TOR,43,18,25,33.3,15.9,45.1,28.4,1.7,2.25,1.35,0.352,1.1,1.7,2.7,0.298,0.408,0.78,2020-21
405,1630167,Obi Toppin,1610612752,NYK,62,36,26,11.0,4.1,17.3,9.0,0.5,1.62,0.61,0.235,0.2,0.6,1.0,0.6,0.583,1.15,2020-21
406,1630168,Onyeka Okongwu,1610612737,ATL,50,31,19,12.0,4.6,13.6,7.4,0.3,1.41,0.33,0.336,1.4,0.6,3.7,0.653,0.964,0.924,2020-21
407,1629052,Oshae Brissett,1610612754,IND,21,10,11,24.7,10.9,37.7,17.2,1.0,1.55,0.64,0.29,0.7,0.2,2.6,0.929,0.0,0.891,2020-21
408,203490,Otto Porter Jr.,1610612753,ORL,28,12,16,21.7,9.7,35.2,20.9,1.2,2.0,0.88,0.275,0.7,0.1,1.9,0.95,0.0,0.811,2020-21
409,200782,P.J. Tucker,1610612749,MIL,52,27,25,26.1,3.7,24.2,12.2,0.6,1.37,0.49,0.153,0.6,0.1,1.1,0.4,0.0,0.475,2020-21
410,1629023,P.J. Washington,1610612766,CHA,64,31,33,30.5,12.9,51.9,31.2,1.4,1.6,0.71,0.248,2.8,2.3,4.6,0.455,0.417,0.712,2020-21
411,1628408,PJ Dozier,1610612743,DEN,50,36,14,21.8,7.7,31.2,17.1,1.6,3.12,2.29,0.247,0.7,0.1,1.8,0.514,0.0,0.789,2020-21
412,1627783,Pascal Siakam,1610612761,TOR,56,21,35,35.8,21.4,72.7,37.6,4.2,3.44,2.61,0.294,2.2,3.9,3.4,0.736,0.47,0.827,2020-21
413,1626192,Pat Connaughton,1610612749,MIL,69,44,25,22.8,6.8,30.1,14.2,0.9,1.7,0.75,0.225,0.2,0.0,1.6,1.0,0.0,0.732,2020-21
414,201976,Patrick Beverley,1610612746,LAC,37,25,12,22.5,7.5,38.9,17.2,2.3,3.59,2.98,0.193,0.4,0.0,0.9,0.385,0.0,0.294,2020-21
415,1627775,Patrick McCaw,1610612761,TOR,5,2,3,6.7,1.0,8.0,4.6,0.2,1.64,0.85,0.125,0.0,0.0,0.2,0.0,0.0,0.0,2020-21
416,202335,Patrick Patterson,1610612746,LAC,38,26,12,15.3,5.2,18.5,10.6,0.4,1.28,0.42,0.281,0.3,0.3,1.1,0.727,0.909,0.976,2020-21
417,1630172,Patrick Williams,1610612741,CHI,71,30,41,27.9,9.2,28.4,18.2,1.0,2.03,1.5,0.325,0.5,0.3,1.6,0.667,0.316,0.947,2020-21
418,201988,Patty Mills,1610612759,SAS,68,31,37,24.8,10.8,32.0,18.1,2.0,3.68,3.64,0.338,0.2,0.0,0.3,0.375,0.0,0.636,2020-21
419,202331,Paul George,1610612746,LAC,54,38,16,33.7,23.3,68.8,34.0,4.6,3.97,3.3,0.339,1.0,1.1,1.1,0.519,0.508,0.8,2020-21
420,200794,Paul Millsap,1610612743,DEN,56,38,18,20.8,9.0,29.8,18.2,1.1,2.27,1.18,0.301,1.1,1.6,3.1,0.41,0.593,0.901,2020-21
421,1630194,Paul Reed,1610612755,PHI,26,17,9,6.8,3.4,12.1,6.6,0.4,1.91,0.94,0.279,0.6,0.2,1.6,0.8,0.4,0.857,2020-21
422,1628778,Paul Watson,1610612761,TOR,27,13,14,11.0,4.1,13.4,8.1,0.4,1.93,1.18,0.307,0.1,0.0,0.1,0.0,0.0,0.5,2020-21
423,1630202,Payton Pritchard,1610612738,BOS,66,33,33,19.2,7.7,35.7,14.0,2.5,4.27,3.94,0.216,0.2,0.0,0.5,0.154,0.0,0.433,2020-21
424,1630173,Precious Achiuwa,1610612748,MIA,61,31,30,12.1,5.0,16.4,9.4,0.5,1.86,0.79,0.303,1.1,0.7,4.3,0.462,0.22,0.819,2020-21
425,1626188,Quinn Cook,1610612739,CLE,23,13,10,6.8,3.3,12.3,4.7,1.1,5.13,5.23,0.268,0.0,0.0,0.1,2.0,0.0,1.5,2020-21
426,1629683,Quinndary Weatherspoon,1610612759,SAS,20,8,12,6.1,2.3,9.1,4.9,0.4,2.74,1.97,0.254,0.1,0.0,0.3,0.5,0.0,1.333,2020-21
427,1630181,R.J. Hampton,1610612753,ORL,51,20,31,17.4,6.9,25.3,14.8,1.5,3.57,3.0,0.275,0.4,0.0,0.7,0.5,0.0,0.684,2020-21
428,1629628,RJ Barrett,1610612752,NYK,72,41,31,34.9,17.6,47.4,34.6,2.7,3.4,2.71,0.37,0.9,0.5,1.8,0.676,0.568,0.892,2020-21
429,200765,Rajon Rondo,1610612746,LAC,45,28,17,17.1,5.4,43.3,16.1,3.7,5.09,4.43,0.124,0.4,0.0,0.4,0.3,0.0,0.4,2020-21
430,203526,Raul Neto,1610612764,WAS,64,30,34,21.9,8.7,33.6,15.5,2.1,3.7,3.48,0.259,0.3,0.0,0.4,1.118,2.0,1.042,2020-21
431,1629034,Ray Spalding,1610612745,HOU,2,0,2,9.4,2.0,11.5,6.0,0.3,1.46,0.48,0.174,2.0,0.5,3.0,1.0,0.0,0.667,2020-21
432,1629730,Rayjon Tucker,1610612755,PHI,14,8,6,4.9,2.4,8.6,4.4,0.5,3.53,2.64,0.283,0.1,0.0,0.3,2.0,0.0,1.5,2020-21
433,203493,Reggie Bullock,1610612752,NYK,65,38,27,30.0,10.9,37.6,26.4,1.0,1.55,0.55,0.29,0.3,0.0,0.7,0.611,0.0,0.644,2020-21
434,202704,Reggie Jackson,1610612746,LAC,67,43,24,23.0,10.7,47.1,18.9,3.4,4.31,3.71,0.226,0.4,0.0,0.5,0.16,0.0,0.686,2020-21
435,1629617,Reggie Perry,1610612751,BKN,26,18,8,8.1,3.0,13.0,7.4,0.4,1.62,0.56,0.231,0.5,0.2,2.1,0.5,0.667,0.764,2020-21
436,1626158,Richaun Holmes,1610612758,SAC,61,29,32,29.2,14.2,41.8,26.0,1.2,1.65,0.54,0.341,5.9,0.8,7.9,0.855,0.66,0.983,2020-21
437,201937,Ricky Rubio,1610612750,MIN,68,23,45,26.1,8.6,62.3,23.1,4.8,4.63,4.0,0.137,0.4,0.0,0.6,0.654,0.0,0.5,2020-21
438,203496,Robert Covington,1610612757,POR,70,42,28,32.0,8.5,46.8,18.4,1.2,1.54,0.42,0.181,0.6,0.1,1.2,0.238,0.0,0.704,2020-21
439,1629606,Robert Franks,1610612753,ORL,7,0,7,14.4,6.1,26.1,12.6,0.7,1.5,0.56,0.235,0.0,0.3,1.4,0.0,0.5,1.0,2020-21
440,1629057,Robert Williams III,1610612738,BOS,52,29,23,18.9,8.0,26.3,19.8,0.6,1.39,0.41,0.304,1.9,0.5,6.6,0.265,0.357,1.02,2020-21
441,1630218,Robert Woodard II,1610612758,SAC,13,3,10,3.5,1.5,4.6,2.5,0.2,2.51,1.57,0.333,0.1,0.1,0.3,2.0,2.0,1.5,2020-21
442,201577,Robin Lopez,1610612764,WAS,71,34,37,19.1,9.0,22.7,17.0,0.6,1.71,0.7,0.398,1.6,2.8,6.0,0.73,0.884,0.899,2020-21
443,1629066,Rodions Kurucs,1610612749,MIL,21,10,11,5.9,1.5,8.1,4.5,0.2,1.62,0.94,0.181,0.0,0.1,0.7,0.0,0.0,0.733,2020-21
444,203918,Rodney Hood,1610612761,TOR,55,29,26,17.1,4.5,22.5,12.2,1.2,3.18,2.34,0.199,0.1,0.5,0.5,0.429,0.593,0.16,2020-21
445,203585,Rodney McGruder,1610612765,DET,16,3,13,12.1,5.7,16.7,8.4,1.0,3.49,2.9,0.341,0.3,0.0,0.9,0.5,0.0,1.286,2020-21
446,1629641,Romeo Langford,1610612738,BOS,18,9,9,15.7,3.1,14.4,10.1,0.6,2.3,1.32,0.215,0.2,0.2,1.1,0.5,0.333,0.7,2020-21
447,1626178,Rondae Hollis-Jefferson,1610612757,POR,11,6,5,9.8,2.5,11.5,5.4,0.3,1.79,0.77,0.213,0.4,0.3,1.8,0.0,0.0,0.6,2020-21
448,1626220,Royce O'Neale,1610612762,UTA,71,51,20,31.6,7.0,59.6,28.9,1.4,1.45,0.66,0.117,0.5,0.0,1.1,0.231,0.0,0.654,2020-21
449,200752,Rudy Gay,1610612759,SAS,63,29,34,21.5,11.4,36.0,18.2,1.5,2.51,1.43,0.316,0.5,1.3,1.2,0.621,0.65,0.753,2020-21
450,203497,Rudy Gobert,1610612762,UTA,71,52,19,30.8,14.3,36.3,23.9,0.8,1.4,0.33,0.394,4.3,0.7,10.6,0.744,0.358,1.067,2020-21
451,1629060,Rui Hachimura,1610612764,WAS,57,29,28,31.5,13.8,46.5,22.9,1.5,1.95,0.92,0.298,2.5,2.3,3.8,0.797,0.455,0.922,2020-21
452,201566,Russell Westbrook,1610612764,WAS,65,30,35,36.4,22.2,95.3,30.0,8.5,5.33,4.79,0.233,0.5,1.8,1.8,0.486,0.526,0.686,2020-21
453,1627853,Ryan Arcidiacono,1610612741,CHI,44,20,24,10.2,3.1,16.6,8.4,1.0,3.47,3.18,0.186,0.1,0.0,0.3,0.6,0.0,0.933,2020-21
454,1630240,Saben Lee,1610612765,DET,48,14,34,16.3,5.6,37.9,12.1,3.7,5.9,5.9,0.147,0.3,0.0,0.9,0.5,0.0,0.933,2020-21
455,1630180,Saddiq Bey,1610612765,DET,70,19,51,27.3,12.2,33.5,24.3,1.1,2.05,1.08,0.365,0.5,0.6,0.8,0.571,0.568,1.038,2020-21
456,1630241,Sam Merrill,1610612749,MIL,30,18,12,7.8,3.0,12.4,5.8,0.7,3.51,2.85,0.239,0.1,0.0,0.2,0.5,0.0,0.0,2020-21
457,1630253,Sean McDermott,1610612763,MEM,18,10,8,8.8,2.2,7.7,5.4,0.2,1.61,0.72,0.281,0.1,0.0,0.3,0.0,0.0,1.6,2020-21
458,1629635,Sekou Doumbouya,1610612765,DET,56,15,41,15.5,5.1,20.8,11.4,0.6,1.85,0.84,0.245,0.7,0.4,1.7,0.947,0.45,0.813,2020-21
459,1628400,Semi Ojeleye,1610612738,BOS,56,28,28,17.0,4.6,21.2,9.7,0.6,1.63,0.58,0.219,0.3,0.0,0.8,0.353,1.0,0.87,2020-21
460,201586,Serge Ibaka,1610612746,LAC,41,24,17,23.3,11.1,39.4,22.7,1.0,1.57,0.46,0.281,3.2,1.5,5.1,0.443,0.444,0.962,2020-21
461,203552,Seth Curry,1610612755,PHI,57,39,18,28.7,12.5,41.6,28.9,2.1,3.02,2.32,0.3,0.2,0.0,0.2,0.444,0.0,0.538,2020-21
462,1628983,Shai Gilgeous-Alexander,1610612760,OKC,35,16,19,33.7,23.7,76.8,27.8,7.5,5.9,5.55,0.309,0.3,0.1,0.6,0.222,0.0,0.682,2020-21
463,1629003,Shake Milton,1610612755,PHI,63,46,17,23.2,13.0,49.5,24.9,3.4,4.16,3.77,0.262,0.3,0.0,0.5,0.706,0.0,0.484,2020-21
464,1627885,Shaquille Harrison,1610612743,DEN,34,27,7,9.8,2.1,16.2,7.1,1.0,3.76,3.11,0.132,0.1,0.0,0.5,0.4,0.0,0.688,2020-21
465,1628414,Sindarius Thornwell,1610612753,ORL,21,7,14,10.3,2.0,8.9,6.7,0.3,1.91,1.29,0.219,0.2,0.0,0.4,0.0,0.0,0.556,2020-21
466,1630219,Skylar Mays,1610612737,ATL,33,19,14,8.2,3.8,15.8,7.8,1.1,4.34,3.73,0.238,0.0,0.0,0.4,2.0,0.0,1.0,2020-21
467,203524,Solomon Hill,1610612737,ATL,71,41,30,21.3,4.5,23.8,13.0,0.7,1.71,0.76,0.188,0.3,0.0,0.6,0.222,0.0,0.511,2020-21
468,203915,Spencer Dinwiddie,1610612751,BKN,3,2,1,21.4,6.7,34.7,12.3,1.9,3.37,2.55,0.192,0.3,0.0,1.0,0.0,0.0,1.333,2020-21
469,1626169,Stanley Johnson,1610612761,TOR,61,25,36,16.5,4.4,25.5,12.9,1.0,2.44,1.56,0.172,0.3,0.0,0.8,0.118,0.0,0.404,2020-21
470,201939,Stephen Curry,1610612744,GSW,63,37,26,34.2,32.0,81.3,32.6,5.8,4.26,4.08,0.393,0.8,0.1,1.0,0.922,1.111,1.108,2020-21
471,1628425,Sterling Brown,1610612745,HOU,51,14,37,24.1,8.2,29.6,16.7,1.1,2.13,1.36,0.275,0.4,0.0,0.8,0.368,0.0,0.738,2020-21
472,203500,Steven Adams,1610612740,NOP,58,26,32,27.7,7.6,40.7,23.1,1.2,1.76,0.49,0.186,4.1,1.3,7.8,0.369,0.554,0.716,2020-21
473,1629004,Svi Mykhailiuk,1610612760,OKC,66,13,53,20.1,8.5,29.8,18.7,1.3,2.53,1.83,0.284,0.3,0.0,0.5,0.609,0.0,1.0,2020-21
474,1628388,T.J. Leaf,1610612757,POR,7,6,1,5.1,1.7,5.0,2.7,0.2,2.56,1.37,0.343,0.1,0.1,0.4,2.0,0.0,1.333,2020-21
475,204456,T.J. McConnell,1610612754,IND,69,33,36,26.0,8.6,64.0,24.6,4.3,3.99,3.71,0.135,0.6,0.0,1.1,0.275,0.0,0.462,2020-21
476,203933,T.J. Warren,1610612754,IND,4,3,1,29.3,15.5,37.8,28.3,1.5,2.45,1.73,0.411,2.3,1.3,3.0,0.889,0.6,1.75,2020-21
477,1629605,Tacko Fall,1610612738,BOS,19,13,6,7.1,2.5,6.9,4.7,0.3,2.34,0.73,0.359,0.3,0.7,2.3,0.0,0.769,0.953,2020-21
478,201959,Taj Gibson,1610612752,NYK,45,29,16,20.8,5.4,24.2,10.8,0.5,1.31,0.47,0.222,1.6,0.5,4.5,0.548,0.875,0.847,2020-21
479,1629659,Talen Horton-Tucker,1610612747,LAL,65,39,26,20.1,9.0,38.4,18.2,2.5,3.98,3.3,0.234,0.2,0.2,0.5,0.375,0.5,0.765,2020-21
480,1627752,Taurean Prince,1610612739,CLE,41,15,26,22.1,9.5,31.4,19.9,1.2,2.37,1.31,0.302,0.3,0.1,0.8,0.727,0.667,0.839,2020-21
481,1629611,Terance Mann,1610612746,LAC,67,45,22,18.9,7.0,27.3,13.4,1.7,3.64,2.97,0.258,0.4,0.1,1.7,0.481,0.4,0.804,2020-21
482,1629056,Terence Davis,1610612758,SAC,61,26,35,17.6,8.7,25.8,15.4,1.1,2.61,2.21,0.339,0.3,0.0,0.8,0.471,0.0,0.894,2020-21
483,1628390,Terrance Ferguson,1610612755,PHI,13,10,3,3.8,0.2,2.7,2.4,0.1,1.45,0.66,0.057,0.0,0.0,0.2,0.0,0.0,0.0,2020-21
484,203082,Terrence Ross,1610612753,ORL,46,16,30,29.3,15.6,37.4,27.6,1.7,2.75,1.78,0.417,1.1,0.0,0.5,0.549,0.0,1.28,2020-21
485,1626179,Terry Rozier,1610612766,CHA,69,32,37,34.5,20.4,65.6,36.8,3.7,3.38,2.85,0.311,0.5,0.0,0.9,0.697,0.0,0.646,2020-21
486,201152,Thaddeus Young,1610612741,CHI,68,30,38,24.3,12.1,53.9,32.7,1.9,2.12,0.92,0.225,5.2,4.4,6.0,0.433,0.552,0.704,2020-21
487,203648,Thanasis Antetokounmpo,1610612749,MIL,57,37,20,9.7,2.9,12.1,6.3,0.6,2.87,2.2,0.241,0.4,0.1,1.8,0.429,0.667,0.644,2020-21
488,1630177,Theo Maledon,1610612760,OKC,65,20,45,27.3,10.1,58.6,25.3,3.9,4.04,3.74,0.173,0.1,0.0,0.3,0.0,0.0,0.2,2020-21
489,1629033,Theo Pinson,1610612752,NYK,17,9,8,2.0,0.1,2.9,1.4,0.1,2.84,1.86,0.04,0.0,0.0,0.0,0.0,0.0,0.0,2020-21
490,1628418,Thomas Bryant,1610612764,WAS,10,2,8,27.1,14.3,46.1,30.7,1.0,1.34,0.29,0.31,2.6,0.8,6.6,0.615,1.0,1.318,2020-21
491,1627748,Thon Maker,1610612739,CLE,8,3,5,9.6,3.8,12.4,7.4,0.4,2.1,0.67,0.303,1.1,1.0,1.9,0.444,0.875,1.133,2020-21
492,204025,Tim Frazier,1610612763,MEM,5,5,0,12.4,1.6,27.2,8.4,2.4,5.19,4.81,0.059,0.0,0.2,0.4,0.0,0.0,1.0,2020-21
493,203501,Tim Hardaway Jr.,1610612742,DAL,70,42,28,28.4,16.6,39.8,26.1,1.7,2.49,1.62,0.417,0.3,0.1,0.6,1.043,0.714,1.103,2020-21
494,1627789,Timothe Luwawu-Cabarrot,1610612751,BKN,58,38,20,18.1,6.4,26.1,14.8,0.8,1.75,0.95,0.245,0.3,0.0,0.8,0.889,2.0,0.614,2020-21
495,202699,Tobias Harris,1610612755,PHI,62,44,18,32.5,19.5,64.3,37.2,3.4,3.13,2.21,0.303,1.1,3.4,2.1,0.478,0.639,0.809,2020-21
496,203107,Tomas Satoransky,1610612741,CHI,58,25,33,22.5,7.7,48.8,19.4,3.6,4.47,4.29,0.158,0.7,0.2,1.3,0.263,0.667,0.844,2020-21
497,1628396,Tony Bradley,1610612760,OKC,42,15,27,16.3,7.1,24.9,14.1,0.7,1.73,0.54,0.287,1.8,0.6,5.5,0.597,0.923,1.043,2020-21
498,203503,Tony Snell,1610612737,ATL,47,29,18,21.1,5.3,19.8,12.4,0.6,1.81,0.99,0.267,0.1,0.0,0.3,0.333,0.0,0.462,2020-21
499,1628470,Torrey Craig,1610612756,PHX,50,33,17,16.1,5.5,20.3,10.2,0.7,2.0,0.98,0.27,0.4,0.0,1.7,0.111,0.0,0.869,2020-21
500,1629027,Trae Young,1610612737,ATL,63,36,27,33.7,25.3,85.7,26.9,8.8,6.13,5.73,0.295,0.3,0.0,0.6,0.688,0.0,0.59,2020-21
501,1630200,Tre Jones,1610612759,SAS,37,15,22,7.3,2.5,15.4,5.4,1.3,5.24,4.62,0.165,0.1,0.0,0.4,1.0,0.0,0.769,2020-21
502,1629682,Tremont Waters,1610612738,BOS,26,13,13,9.1,3.8,19.6,5.8,1.6,5.03,4.86,0.194,0.1,0.0,0.2,0.0,0.0,0.4,2020-21
503,1630235,Trent Forrest,1610612762,UTA,30,22,8,10.1,2.9,22.1,7.5,1.8,4.99,5.02,0.133,0.1,0.0,0.2,0.0,0.0,0.0,2020-21
504,2772,Trevor Ariza,1610612748,MIA,30,17,13,28.0,9.4,38.0,20.6,1.1,1.75,0.71,0.248,0.7,0.3,2.0,0.6,1.0,0.885,2020-21
505,203504,Trey Burke,1610612742,DAL,62,35,27,14.7,6.6,22.3,13.2,1.4,3.79,3.32,0.297,0.1,0.0,0.2,0.25,0.0,0.364,2020-21
506,1626168,Trey Lyles,1610612759,SAS,23,10,13,15.6,5.0,23.7,11.0,0.8,2.02,0.88,0.211,0.2,0.1,0.6,0.0,0.0,1.231,2020-21
507,202684,Tristan Thompson,1610612738,BOS,54,27,27,23.8,7.6,31.4,20.6,1.0,1.94,0.74,0.241,2.6,1.3,7.0,0.454,0.465,0.749,2020-21
508,1628972,Troy Brown Jr.,1610612741,CHI,34,10,24,15.4,4.7,19.6,11.6,0.8,2.32,1.6,0.241,0.4,0.1,0.8,0.667,1.5,0.962,2020-21
509,1629660,Ty Jerome,1610612760,OKC,33,7,26,23.9,10.7,48.2,23.8,3.1,3.89,3.61,0.222,0.3,0.0,0.5,0.0,2.0,0.4,2020-21
510,1630234,Ty-Shon Alexander,1610612756,PHX,15,11,4,3.2,0.6,4.2,2.1,0.3,4.2,3.0,0.143,0.1,0.0,0.1,0.0,0.0,0.0,2020-21
511,1630189,Tyler Bey,1610612742,DAL,18,11,7,3.9,1.0,5.7,3.2,0.2,1.92,0.87,0.175,0.1,0.1,0.8,2.0,2.0,0.714,2020-21
512,1629076,Tyler Cook,1610612765,DET,32,11,21,13.7,4.9,17.5,9.6,0.6,1.98,0.77,0.279,0.9,1.3,2.5,0.4,0.372,1.088,2020-21
513,1629639,Tyler Herro,1610612748,MIA,54,29,25,30.3,15.1,52.8,26.6,3.2,3.68,3.12,0.286,0.4,0.1,0.9,0.435,1.25,1.02,2020-21
514,204020,Tyler Johnson,1610612751,BKN,39,29,10,17.5,5.4,23.2,11.8,1.0,2.5,1.97,0.232,0.2,0.0,0.3,0.5,0.0,0.2,2020-21
515,1630179,Tyrell Terry,1610612742,DAL,11,2,9,5.1,1.0,11.0,5.0,0.7,4.04,3.46,0.091,0.0,0.0,0.1,0.0,0.0,0.0,2020-21
516,1630169,Tyrese Haliburton,1610612758,SAC,58,25,33,30.1,13.0,57.6,29.6,3.6,3.74,3.14,0.225,0.3,0.0,0.6,0.421,0.0,0.27,2020-21
517,1630178,Tyrese Maxey,1610612755,PHI,61,41,20,15.3,8.0,34.8,15.3,2.5,4.3,3.87,0.23,0.1,0.0,0.2,0.667,0.0,0.286,2020-21
518,1626145,Tyus Jones,1610612763,MEM,70,36,34,17.5,6.3,40.1,15.3,3.2,4.78,4.33,0.158,0.1,0.1,0.2,0.333,0.5,0.375,2020-21
519,1628962,Udoka Azubuike,1610612762,UTA,15,13,2,3.8,1.1,4.1,3.3,0.1,1.55,0.36,0.262,0.7,0.1,1.5,0.2,0.0,0.696,2020-21
520,2617,Udonis Haslem,1610612748,MIA,1,1,0,2.7,4.0,3.0,2.0,0.0,0.56,0.0,1.333,1.0,0.0,1.0,2.0,0.0,2.0,2020-21
521,1630176,Vernon Carey Jr.,1610612766,CHA,19,9,10,6.0,2.4,6.2,4.6,0.2,1.79,0.59,0.393,0.5,0.7,0.5,0.4,0.571,1.5,2020-21
522,203506,Victor Oladipo,1610612748,MIA,33,13,20,32.7,19.8,61.2,32.1,4.0,3.9,3.42,0.323,0.5,0.0,0.8,0.611,0.0,0.852,2020-21
523,1629738,Vincent Poirier,1610612755,PHI,10,8,2,3.9,0.8,5.8,3.6,0.2,1.97,0.55,0.138,0.2,0.5,0.8,0.0,0.0,0.875,2020-21
524,1628427,Vlatko Cancar,1610612743,DEN,41,28,13,6.9,2.1,8.4,5.4,0.2,1.67,0.59,0.246,0.3,0.1,0.8,0.154,0.667,0.742,2020-21
525,201961,Wayne Ellington,1610612765,DET,46,13,33,22.0,9.6,25.0,19.6,0.8,1.87,1.06,0.384,0.1,0.0,0.1,0.4,0.0,1.167,2020-21
526,1628976,Wendell Carter Jr.,1610612753,ORL,54,21,33,25.5,11.2,48.7,27.6,1.4,1.67,0.41,0.231,5.9,2.6,7.3,0.503,0.566,0.82,2020-21
527,1629117,Wenyen Gabriel,1610612740,NOP,21,9,12,11.5,3.4,12.5,7.1,0.3,1.6,0.64,0.274,0.4,0.0,1.1,0.25,0.0,0.625,2020-21
528,1628411,Wes Iwundu,1610612740,NOP,41,17,24,13.1,2.4,14.3,7.4,0.5,2.05,1.19,0.168,0.1,0.0,0.7,0.667,0.0,0.4,2020-21
529,202083,Wesley Matthews,1610612747,LAL,58,33,25,19.5,4.8,21.3,14.3,0.5,1.54,0.68,0.226,0.2,0.3,0.6,0.417,0.133,0.515,2020-21
530,203115,Will Barton,1610612743,DEN,56,37,19,31.0,12.7,46.2,27.3,2.8,3.6,2.81,0.275,1.1,0.1,1.8,0.417,0.75,0.888,2020-21
531,1630266,Will Magnay,1610612740,NOP,1,1,0,3.3,0.0,3.0,3.0,0.1,1.37,0.33,0.0,0.0,0.0,1.0,0.0,0.0,0.0,2020-21
532,1626161,Willie Cauley-Stein,1610612742,DAL,53,29,24,17.1,5.3,22.9,11.3,0.5,1.32,0.41,0.231,1.4,0.1,4.8,0.315,0.0,0.831,2020-21
533,1626195,Willy Hernangomez,1610612740,NOP,47,20,27,18.0,7.8,31.6,17.5,0.8,1.51,0.52,0.246,2.6,1.7,5.9,0.395,0.538,0.918,2020-21
534,1630214,Xavier Tillman,1610612763,MEM,59,31,28,18.4,6.6,30.3,16.8,0.7,1.48,0.54,0.218,2.4,0.6,3.9,0.62,0.514,0.758,2020-21
535,1627812,Yogi Ferrell,1610612746,LAC,10,4,6,13.7,5.6,24.6,9.1,2.2,5.44,4.78,0.228,0.4,0.0,0.8,0.5,0.0,0.0,2020-21
536,1629139,Yuta Watanabe,1610612761,TOR,50,24,26,14.5,4.4,19.1,10.8,0.5,1.67,0.98,0.229,0.5,0.0,1.0,0.739,0.0,0.51,2020-21
537,203897,Zach LaVine,1610612741,CHI,58,26,32,35.1,27.4,68.0,33.9,5.4,4.79,4.33,0.403,0.9,0.5,1.3,0.96,0.185,1.143,2020-21
538,1630192,Zeke Nnaji,1610612743,DEN,42,30,12,9.5,3.2,9.7,5.8,0.2,1.49,0.42,0.335,0.5,0.1,1.0,0.476,1.0,1.098,2020-21
539,1629627,Zion Williamson,1610612740,NOP,61,29,32,33.2,27.0,63.7,34.3,3.5,3.3,2.73,0.424,3.6,4.8,7.0,0.802,0.658,1.124,2020-21
