id,name
1628408,doziepj01
202683,kanteen01
1627098,delanma01
201948,dayeau01
1626170,grantje02
202332,aldrico01
1628510,whitean01
203918,hoodro01
1630177,maledth01
1627742,ingrabr01
203457,noelne01
202407,millsel01
1889,millean02
2210,jefferi01
1629667,mcdanja01
2200,gasolpa01
2755,martike02
1629655,gaffoda01
202714,macksh01
1629631,huntede01
1629011,robinmi01
1627737,chrisma01
1629610,jeffrda01
101126,robinna01
200811,amundlo01
1628983,gilgesh01
201988,millspa02
101138,bassbr01
2738,iguodan01
1630241,merrisa01
202091,chrisdi01
201578,speigma01
201985,priceaj01
201281,ingraan01
1628973,brunsja01
1628960,allengr01
201975,meeksjo01
201229,tollian01
203142,copelch01
203145,bazemke01
1629020,vandeja01
1628413,boldejo01
202694,morrima03
979,onealje01
203805,cherrwi01
1629022,walkelo01
203502,mitchto02
2223,dalemsa01
2548,wadedw01
203894,napiesh01
1626158,holmeri01
201964,clavevi01
201600,asikom01
203091,whitero03
1629056,daviste02
1630182,greenjo02
101236,hayesch01
201574,thompja02
201568,gallida01
1629023,washipj01
1627936,carusal01
203539,mekelga01
203114,middlkh01
1627854,forbebr01
1629716,boldema01
1628455,jamesmi02
203518,abrinal01
1626202,youngjo01
202933,stoneju01
1628394,pasecan01
203948,obryajo01
203468,mccolcj01
1627756,valende01
203705,magetjo01
101128,garcifr01
101154,blatcan01
1630190,hugheel01
202720,leuerjo01
1627215,lemonwa01
203998,cabocbr01
202691,thompkl01
203138,thompho01
2732,gordobe01
203527,kellyry01
203544,anticpe01
200826,bareajo01
203960,sampsja02
203914,harriga01
1629680,thybuma01
203130,johnsda03
1628381,collijo01
2760,varejan01
1628385,gilesha01
203955,cottobr01
203926,mcderdo01
203135,sacrero01
1628981,fernabr01
201936,evansty01
203492,mccalra01
202343,williel01
202066,templga01
1629109,clarkga01
1630179,terryty01
201952,teaguje01
1629744,thomama02
2592,jonesja02
1628399,lydonty01
202779,buyckdw01
1627767,diallch01
203458,lenal01
101111,villach01
1628420,morrimo01
1629659,hortota01
202918,silasxa01
1629743,halldo01
1628975,carteje01
203129,shengto01
1629718,brownch02
203477,canaais01
2202,richaja01
1628681,purviro01
202719,tylerje01
1628515,briscis01
1630192,nnajize01
200780,jonesso01
1629620,robinju01
203084,barneha02
203095,fournev01
1630211,maneka01
1629598,clemoch01
202366,jordaje01
1626224,osmande01
203925,harrijo01
1626156,russeda01
202699,harrito02
1630210,howarma02
1628972,browntr01
202329,aminual01
203475,greener01
1629076,cookty01
1628993,johnsal02
203585,mcgruro01
201175,davisgl01
1629130,robindu01
1628397,rabbiv01
202726,goudean01
1626257,mejrisa01
1630233,knighna01
2400,goodedr01
1630165,hayeski01
1629116,delgaan01
201945,hendege02
1628366,balllo01
203991,capelca01
1630197,pokusal01
1627988,henrymy01
203900,brownma02
203546,clarkia01
203548,harriel01
1630169,halibty01
201166,brookaa01
202970,ayongu01
1629034,spaldra01
1626179,roziete01
203143,prigipa01
1629719,cacokde01
2045,turkohe01
203109,crowdja01
2203,battish01
204021,bhullsi01
1628415,brookdi01
203508,karasse01
201959,gibsota01
201202,anthojo01
1628395,belljo01
1627740,ellenhe01
1628989,huertke01
202323,turneev01
1629033,pinsoth01
1628436,kornelu01
2617,hasleud01
203816,hopsosc01
1630267,campafa01
203089,hensojo01
1627734,sabondo01
201960,carrode01
203487,cartemi01
201566,westbru01
1627735,baldwwa01
1629740,mellini01
202326,couside01
203913,brownja01
1628380,colliza01
2746,smithjo03
2744,jeffeal01
1630178,maxeyty01
1629833,blevike01
1628977,diallha01
201141,odengr01
1626163,kaminfr01
1626220,onealro01
202327,udohek01
1627787,wiltjky01
201158,belinma01
203994,nurkiju01
201619,kaunsa01
1891,terryja01
1629644,okpalkz01
1628425,brownst02
2733,livinsh01
2419,princta01
1627883,jonesja04
1628476,waltode01
203480,southja01
201941,hilljo01
1626175,mickejo01
1630218,woodaro01
201575,rushbr01
1627772,hamilda02
1626169,johnsst04
1629155,loftoza01
1628985,hallde01
1626143,okafoja01
201943,jennibr01
1629027,youngtr01
1626192,connapa01
1628370,monkma01
1626254,ndourma01
1629642,littlna01
202397,smithis01
203590,mckintr01
202334,davised01
1629683,weathqu01
203147,smithch05
203128,aldemfu01
202379,evansje01
201576,randoan01
1629670,nworajo01
203943,vonleno01
1629185,chiozch01
201586,ibakase01
977,bryanko01
1628421,robinde01
1628464,theisda01
201627,morroan01
203484,caldwke01
1628987,herveke01
202962,smithgr02
203094,nichoan01
2555,collini01
2740,biedran01
203910,johnsni01
202330,haywago01
201148,wrighbr03
203687,hearnre01
203123,papanko01
1629018,trentga02
2430,boozeca01
1629731,wadede01
1629648,bonejo01
101183,randosh01
200779,novakst01
204022,cooleja01
1627982,grayjo01
203186,reedwi02
201973,jerebjo01
2566,outlatr01
1629060,hachiru01
1628495,doylemi01
1628988,holidaa01
1628035,mckinal01
201583,anderry01
2590,willima01
1626181,powelno01
101141,ilyaser01
101109,feltora01
1626195,hernawi01
1629662,kabenmf01
200756,armsthi01
1629007,portejo01
1626144,mudiaem01
1628463,cavanty01
201604,douglch01
1629660,jeromty01
1628976,cartewe01
203949,mcadoja01
201947,clarkea01
203526,netora01
1627770,feldeka01
202698,singlch01
1629652,dortlu01
201939,curryst01
1629751,mathida01
1630187,oturuda01
203917,stausni01
1626171,portibo01
1627821,webbja01
101249,lucasjo02
1630264,gillan01
203082,rosste01
2224,tinslja01
202083,matthwe02
2422,salmojo01
2742,telfase01
203499,larkish01
1628403,swanica01
202954,wanambr01
1629739,howarwi01
203108,jamesbe01
203915,dinwisp01
203922,robingl02
1628404,hartjo01
2767,iveyro01
201591,whitedj01
203648,antetth01
2563,jonesda02
1630201,flynnma01
1628367,jacksjo02
201954,collida01
203187,johnsch04
203516,ennisja01
1629139,watanyu01
200769,brownsh01
203101,plumlmi01
1627741,hieldbu01
203315,murryto01
1627747,leverca01
1626157,townska01
1630181,hamptrj01
201933,griffbl01
202077,mcneaje01
1629028,aytonde01
202704,jacksre01
1630266,magnawi01
203940,paynead01
1628405,motlejo01
2546,anthoca01
1629649,brazdig01
203117,lambdo01
1628368,foxde01
201168,splitti01
1630214,tillmxa01
203079,waitedi01
101187,anderal01
1629065,bowmaky01
2449,scolalu01
1628999,matenya01
201572,lopezbr01
201585,koufoko01
1629627,willizi01
201934,thabeha01
203934,pattela01
2446,butlera01
202130,willire02
1627827,finnedo01
203569,babbch01
1627784,uthofja01
202703,mirotni01
203524,hillso01
201577,lopezro01
203561,daviebr01
203504,burketr01
1628966,bateske01
1627863,houseda01
200748,thomaty01
201956,casspom01
203112,acyqu01
1628070,loydjo01
201961,ellinwa01
1630186,ramseja01
1628969,bridgmi01
202721,morrida01
203482,olynyke01
1628374,markkla01
1627791,bentibe01
1628383,pattoju01
1629611,mannte01
1629015,smithzh01
1627788,korkmfu01
1629752,morgaju01
1627820,wallaty01
202951,pargoje01
203183,mitchto03
1628493,mathima01
2571,barbole01
1628418,bryanth01
1628432,reedda01
1629059,okoboel01
201150,hawessp01
101150,willilo02
1629067,bongais01
2772,arizatr01
203495,ledori01
1627824,yabusgu01
1628998,martico01
1628504,rathaxa01
1630222,jonesma05
1628414,thornsi01
203584,danietr01
203968,benimje01
203909,mcdankj01
1627785,whiteis01
203133,hummero01
203935,smartma01
202355,whiteha01
1629008,portemi01
202328,monrogr01
1628390,fergute01
1629048,bitadgo01
203895,mcraejo01
202389,mozgoti01
203460,roberan03
1629244,reynoca01
1626177,johnsda04
203479,frankja01
202363,varnaja01
1628995,knoxke01
1627748,makerth01
101135,leeda02
203090,harklma01
201980,greenda02
1629638,alexani01
1629729,reavejo02
203124,oquinky01
202952,thomama01
203141,teletmi01
202695,leonaka01
202340,bradlav01
203898,ennisty01
101133,mahinia01
2734,harride01
200768,lowryky01
1626296,siberjo01
202399,adrieje01
1627852,brussni01
1629599,coffeam01
201145,greenje02
1628422,dotsoda01
1629021,wagnemo01
1629658,hoardja01
101145,ellismo01
203958,dawkian01
1629730,tuckera01
1627858,colliky01
1628980,evansja02
1627754,stonedi01
1627777,niangge01
1629745,owensta01
200794,millspa01
2030,martike01
201937,rubiori01
101114,willide01
1627293,stephal01
1628386,allenja01
1630198,joeis01
201603,weemsso01
203106,tayloje03
1626149,harremo01
1629002,metuch01
2586,boganke01
203110,greendr01
1627781,richama01
1627835,zipsepa01
1629045,colsobo01
202700,motiedo01
1629735,silvach01
203507,antetgi01
101181,caldejo01
203148,roberbr01
1628964,bambamo01
1628963,baglema01
1629102,sampsbr01
202361,fieldla01
1626148,brownan02
965,fishede01
203462,goodwar01
1626191,mcculch01
203503,snellto01
202347,pondequ01
202335,pattepa01
1626266,obriejj01
1630164,wisemja01
200758,brewero02
201142,duranke01
1628443,allenka01
1629725,martije02
1627758,bakerro01
1627732,simmobe01
1627846,naderab01
2863,wilkida02
1629052,brissos01
203159,machasc01
1630162,edwaran01
203613,simmojo02
201935,hardeja01
201950,holidjr01
101123,greenge01
2736,denglu01
2588,bonnema01
203564,lucaska01
1629628,barrerj01
1630221,halljo01
1628444,birdja01
203146,waynsma01
1628389,adebaba01
1629641,langfro01
1628961,antetko01
1628416,dorsety01
1536,jacksst02
201596,chalmma01
1629118,welshth01
201986,decolna01
2581,blakest01
203521,dellama01
1628392,harteis01
203540,datomlu01
1630199,stanlca01
1628407,bacondw01
1628537,morrija01
200761,willish03
2037,crawfja01
1627834,papagge01
1629651,claxtni01
1629653,dotsode01
1629640,johnske04
1629053,edwarvi01
203500,adamsst01
1629629,reddica01
202696,vucevni01
203957,exumda01
1628451,wileyja01
203121,milleda01
1629012,sextoco01
1627815,mcclesh01
1628778,watsopa01
203932,gordoaa01
101198,bynumwi01
204098,munfoxa02
202706,hamiljo02
203086,leoname01
202686,veselja01
2853,barroea01
203493,bullore01
1630268,darlina01
203459,crabbal01
203099,cunnija01
203496,covinro01
202723,leema01
201589,arthuda01
204067,eddieja01
202712,harpeju01
201582,ajincal01
1629742,kiddst01
2403,hilarne01
1629094,derrima01
202197,edwarsh01
2222,wallage01
1628391,wilsodj01
1630208,richani01
101112,fryech01
201160,smithja02
1629630,moranja01
2756,vujacsa01
2735,childjo01
1629663,kinglo02
1629058,musadz01
201167,afflaar01
202087,geeal01
1627789,luwawti01
203920,birchkh01
1718,piercpa01
1628506,perralo01
1627848,longsh01
1630185,mannini01
1626643,pulleja01
101106,bogutan01
203481,witheje01
101110,webstma02
202331,georgpa01
1626259,millema01
202725,harrejo01
1629005,newmama01
203999,jokicni01
1630200,jonestr01
201967,cunnida01
201979,calatni01
2550,hinriki01
203944,randlju01
1630235,forretr01
1630207,hintona01
1628411,iwundwe01
2405,stoudam01
202738,thomais02
1628470,craigto01
1629657,guyky01
1627786,willitr02
1628450,mikaer01
1628469,blakean01
1629605,fallta01
201143,horfoal01
1629686,sirvyde01
202362,stephla01
1629061,adelde01
1630234,alexaty01
1897,artesro01
201951,lawsoty01
203490,porteot01
203506,oladivi01
200771,rodrise01
202324,favorde01
1628369,tatumja01
1627868,garinpa01
201580,mcgeeja01
1627814,leeda03
201156,youngni01
1629133,maconda01
1629103,martike03
1905,kirilan01
202697,shumpim01
1627743,jacksde01
1627783,siakapa01
1629672,pascher01
204066,hollajo02
204179,johnsom01
202338,serapke01
1629690,mokokad01
203113,millequ01
1628379,kennalu01
1629684,willigr01
1629734,alexaky01
203946,bairsca01
1628387,anigbik01
1626209,hezonma01
1628571,mccreer01
1712,jamisan01
203950,stokeja01
1628409,peteral01
1629714,brantja01
1628475,willima05
1629608,hernade01
203473,dedmode01
203545,radulmi01
1628372,smithde03
201953,maynoer01
203530,lauvejo01
201147,breweco01
1626168,lylestr01
1627778,onuakch01
2730,howardw01
2757,udrihbe01
1629677,samanlu01
202349,vasqugr01
1630230,marshna01
2216,randoza01
1629019,trieral01
203083,drumman01
203517,nedovne01
1628398,kuzmaky01
203897,lavinza01
1626246,marjabo01
1627738,davisde01
203210,greenja01
203901,paytoel01
203967,saricda01
203092,zellety01
202339,bledser01
1628393,evansja01
1628499,clevean01
1629234,eubandr01
203963,whittsh01
101108,paulch01
1629004,mykhasv01
1628492,clavegi01
1627750,murraja01
1627782,seldewa01
203543,favervi01
202681,irvinky01
2564,diawbo01
1628971,brownbr01
200752,gayru01
1629003,miltosh01
1626153,wrighde01
101162,gortama01
2229,jamesmi01
1630193,quickim01
203088,marshke01
1629121,adamsja01
1629126,burtode02
1629632,whiteco01
1629622,strusma01
1630188,smithja04
1627749,murrade01
1627739,dunnkr01
203491,sivape01
1938,ginobma01
1626780,gibsojo01
1626162,oubreke01
203893,smithru01
2754,allento01
202325,johnswe01
2748,wrighdo01
1628513,mitrona01
1630219,mayssk01
1626199,hillida01
1627773,hammoaj01
1626185,martija01
1627823,hernaju01
203200,holidju01
201565,rosede01
202718,parsoch01
101179,pricero01
201203,shakumu01
203461,bennean01
1626251,dukandu01
101161,johnsam01
202713,singlky01
202391,linje01
2594,korveky01
1627861,tobeymi01
1627745,jonesda03
202692,burksal01
2408,elyme01
1629738,poirivi01
203078,bealbr01
203505,blueva01
1626242,montelu01
1629676,robyis01
1629134,nunnke01
2406,butleca01
1629117,gabriwe01
200782,tuckepj01
203120,hamilju01
1628429,cookech01
1737,mohamna01
1630202,pritcpa01
203486,plumlma01
203197,garredi02
1629671,onimi01
203136,kuzmiog01
2557,ridnolu01
101115,bynuman01
202734,mooreet01
1630205,stevela01
2731,okafoem01
203488,muscami01
1626161,caulewi01
1629168,johnsbj01
1626176,chrisra01
203939,poweldw01
1629661,johnsca02
1627866,warneja01
200765,rondora01
1629643,okekech01
1626146,alexacl01
101139,milescj01
204001,porzikr01
1627780,paytoga02
1629044,pondssh01
1630183,mcdanja02
1629147,chealjo01
2248,watsoea01
204222,whittgr01
200757,sefolth01
2217,haywobr01
1629639,herroty01
201569,gordoer01
1629626,bolbo01
202732,liggide01
1626262,clarkco01
1630180,beysa01
1627779,paigema01
2694,poweljo01
1628365,fultzma01
1629650,brownmo01
201196,sessira01
101142,turiaro01
2561,westda01
201149,noahjo01
201611,walkebi01
1630173,achiupr01
202682,willide02
203510,jackspi01
201949,johnsja01
203485,brownlo01
1713,cartevi01
1626203,grahatr01
101131,maxieja01
203077,kiddgmi01
201587,batumni01
203919,adamsjo01
202412,harrima01
203580,drewla02
203489,woltena01
1629026,willike04
1626196,richajo01
1630217,banede01
1629635,doumbse01
202730,allenla01
201584,leeco01
1629617,perryre01
201564,mayooj01
1627826,zubaciv01
1882,brandel01
1628384,anunoog01
1626164,bookede01
200770,farmajo01
1629029,doncilu01
1627771,gbinimi01
203115,bartowi01
201785,jeffeot01
1629001,meltode01
203093,joneste01
201152,youngth01
101122,grangda01
1627761,bembrde01
1629724,lawvi01
2457,pargoja01
1627774,laymaja01
1629675,reidna01
203474,stephdj01
1629723,konchjo01
1629607,harpeja01
203903,clarkjo01
201171,landrca01
202357,bjeline01
204065,stockda01
1627775,mccawpa01
203906,marblde01
1626154,hunterj01
1630223,harrija01
1628410,sumneed01
1630191,stewais01
1629682,watertr01
1628378,mitchdo01
101107,willima02
1626172,looneke01
204002,tavarwa01
200755,redicjj01
201189,grayaa01
203464,paulbr01
1629014,simonan01
202344,booketr01
1629647,bazleda01
1630172,willipa01
201976,beverpa01
1629665,lecquja01
1626253,toupaax01
203930,kilpase01
1629636,garlada01
202684,thomptr01
201957,mulleby01
1628439,hicksis01
203951,applike01
201977,thornma01
1630194,reedpa01
1627849,ochefda01
1630189,beyty01
1627752,princta02
2747,smithjr01
1629760,moonema01
203156,simshe01
203810,wareca01
1626188,cookqu01
202874,wrighch01
1629685,windldy01
201942,derozde01
1629140,willijo04
202710,butleji01
203102,moultar01
201880,stiemgr01
203933,warretj01
204060,inglejo01
1629669,nowelja01
1628962,azubuud01
203144,shvedal01
201177,mcrobjo01
203928,jeffeco01
201628,brownbo02
1628467,klebima01
202336,sandela01
201155,stuckro01
1627812,ferreyo01
1628979,duvaltr01
203103,jonespe01
2749,nelsoja01
1628935,jacksaa01
203962,huestjo01
203076,davisan02
201581,hicksjj01
201965,pendeje02
1628502,hayesni01
203104,teaguma01
1630168,okongon01
1740,lewisra02
201858,martica01
203501,hardati02
203080,robinth01
203710,willicj01
204025,fraziti01
201144,conlemi01
2570,perkike01
1627884,jonesde02
1626214,dejeabr01
202693,morrima02
203100,wroteto01
959,nashst01
1628968,bowenbr02
200751,foyera01
202348,crawfjo02
203107,satorto01
202354,pittmde01
201595,dorsejo01
1626210,willial03
1627733,bendedr01
1629681,tilliki02
1628430,willini01
1627856,costema01
1629216,vincega01
203953,parkeja01
201188,gasolma01
202353,pleisti01
1628388,leaftj01
203513,murpher01
201991,hudsole01
2427,masonro01
201946,hansbty01
200839,harrimi01
204020,johnsty01
1733,harrial01
202388,sloando01
203902,chrisse01
1628978,divindo01
2365,anderch01
1627855,whiteok01
202687,biyombi01
1628400,ojelese01
1630231,martike04
201601,mbahalu01
1628970,bridgmi02
2225,parketo01
1626178,holliro01
200746,aldrila01
1627832,vanvlfr01
1630171,okorois01
2440,barnema02
1626159,winslju01
1628503,artisja01
1629017,thomakh01
1629633,culveja01
1630174,nesmiaa01
202708,coleno01
1629634,clarkbr01
1626183,dawsobr01
1627851,kuzmimi01
1630170,vassede01
1629346,smailal01
1628500,moorebe01
203924,grantje01
203382,baynear01
204014,rudezda01
1628424,simmoko01
204038,gallola01
1629152,akoonde01
708,garneke01
203912,wilcocj01
101155,gomesry01
1627853,arcidry01
203923,youngja01
1627885,harrish01
203111,johnsor01
1626184,randlch01
201599,jordade01
1630176,careyve01
202689,walkeke02
1628462,teodomi01
202688,knighbr03
1629057,williro04
1629122,macurjp01
1629645,porteke02
203565,chrispa01
203268,gutiejo01
1629673,poolejo01
1629066,kurucro01
1627362,weberbr01
203921,earlycl01
202620,onuakar01
1629093,davisty01
1626173,vaughra01
203463,mclembe01
1629016,spellom01
2743,humphkr01
2034,millemi01
1629597,cheatzy01
1627757,zimmest01
202322,walljo01
1628371,isaacjo01
202690,fredeji01
1626150,harrian01
1629637,hayesja02
1630163,ballla01
2549,kamanch01
1628997,martica02
1627763,brogdma01
203952,wiggian01
2547,boshch01
201573,bayleje01
1627759,brownja02
1626155,dekkesa01
203798,hairspj02
1626147,anderju01
1626245,feliccr01
204033,wearda01
1627817,quartti01
1628990,hutchch01
203961,moreler01
204028,blackta01
1626205,huntevi01
203085,riverau01
1629162,mclaujo01
1626204,nancela02
204054,dragizo01
203954,embiijo01
202380,ndiayha01
203511,jerregr01
1630175,anthoco01
1627751,poeltja01
203467,felixca01
204079,gordodr01
201162,dudleja01
1628959,alkinra01
1628984,grahade01
1626151,harriaa01
201163,chandwi01
1628382,jacksju01
201571,augusdj01
203552,curryse01
1627762,bolomjo01
1629123,terreja01
203118,scottmi01
202337,babbilu01
203515,pressph01
203996,inglida01
1627879,laproni01
1630240,leesa01
201593,pekovni01
1629726,mathega01
2501,evansre01
1628396,bradlto01
202333,henryxa01
1628373,ntilila01
1627875,georgma01
202709,josepco01
203081,lillada01
1627744,johnsbr02
204456,mccontj01
203945,kirkal01
202685,valanjo01
200745,bargnan01
201579,hibbero01
203116,tayloty01
1628994,kingge03
203966,wilsoja02
1629741,gudurma01
202341,anderja01
1629625,wrighju02
1629750,greenja02
201563,beaslmi01
201971,blairde01
202722,bertada01
1629308,toscaju01
2585,pachuza01
1629621,shayoma01
202705,brookma01
1630253,mcderse01
2584,greenwi01
2215,collija04
203512,noguelu01
201978,budinch01
1628021,nwabada01
203263,nunnaja01
1890,mariosh01
1628539,muldemy01
203469,zelleco01
200797,holliry01
1627790,zizican01
1627816,poythal01
202702,farieke01
201228,watsocj01
203992,bogdabo01
202498,thomala01
1630204,haganas01
201567,loveke01
203498,muhamsh01
1629164,goodwbr01
1495,duncati01
1628401,whitede01
1629006,okogijo01
203476,dienggo01
1628402,jacksfr01
203658,pelleno01
1627819,taylois01
1628449,bouchch01
1628427,cancavl01
101127,jackja01
1627755,ulisty01
1628412,masonfr01
1629604,ellebcj01
1629010,robinje01
1627753,qizh01
1630271,thomabr01
1629035,edwarca01
203098,jenkijo01
202711,bogdabo02
1626187,frazimi01
203096,sullija01
203497,goberru01
202390,nealga01
1497,billuch01
1630256,tateja01
201609,dragigo01
203471,schrode01
203956,mcgarmi01
1717,nowitdi01
204037,weartr01
200777,freeljo01
1630167,toppiob01
203087,lambje01
1630216,winstca01
203519,thomaad01
202350,ortonda01
2399,dunlemi02
1629013,shamela01
1626167,turnemy01
2544,jamesle01
1628991,jacksja02
1629678,schofad01
1628505,caupatr01
201588,hillge01
2207,johnsjo02
1630184,lewiski01
1627850,plumlma02
1626166,payneca01
1627746,labissk01
1629713,jamesju01
1629151,broekry01
201962,douglto01
1626145,jonesty01
1627736,beaslma01
203139,kravtvi01
1628982,frazime01
2199,chandty01
1629668,norveza01
203105,ezelife01
951,allenra02
202345,jamesda01
1629603,diakima01
1628518,jeffeam01
1630166,avdijde01
203937,anderky01
1626174,woodch01
203318,ricegl02
1626273,huertma01