,GROUP_SET,PLAYER_ID,PLAYER_NAME,TEAM_ID,TEAM_ABBREVIATION,AGE,GP,W,L,W_PCT,MIN,PTS_OFF_TOV,PTS_2ND_CHANCE,PTS_FB,PTS_PAINT,OPP_PTS_OFF_TOV,OPP_PTS_2ND_CHANCE,OPP_PTS_FB,OPP_PTS_PAINT,BLK,BLKA,PF,PFD,NBA_FANTASY_PTS,GP_RANK,W_RANK,L_RANK,W_PCT_RANK,MIN_RANK,PTS_OFF_TOV_RANK,PTS_2ND_CHANCE_RANK,PTS_FB_RANK,PTS_PAINT_RANK,OPP_PTS_OFF_TOV_RANK,OPP_PTS_2ND_CHANCE_RANK,OPP_PTS_FB_RANK,OPP_PTS_PAINT_RANK,BLK_RANK,BLKA_RANK,PF_RANK,PFD_RANK,NBA_FANTASY_PTS_RANK,CFID,CFPARAMS,Season
0,Players,203932,Aaron Gordon,1610612743,DEN,25.0,19,12,7,0.632,2.9,0.0,0.2,0.0,0.4,1.3,1.0,0.8,3.0,0.2,0.0,0.2,0.2,2.2,152,93,238,88,183,225,117,150,170,371,317,399,147,25,1,185,214,201,1,"203932,1610612743",2020-21
1,Players,1628988,Aaron Holiday,1610612754,IND,24.0,12,7,5,0.583,2.3,0.2,0.0,0.2,0.8,0.3,0.7,0.4,1.7,0.0,0.1,0.2,0.2,2.2,235,193,171,112,287,147,217,78,76,97,209,256,328,180,355,138,245,199,1,"1628988,1610612754",2020-21
2,Players,1630174,Aaron Nesmith,1610612738,BOS,21.0,4,1,3,0.25,3.5,0.0,0.5,0.0,1.0,1.0,0.0,0.8,3.0,0.0,0.0,0.0,0.0,3.0,344,351,109,373,109,225,17,150,43,268,1,386,130,180,1,1,319,122,1,"1630174,1610612738",2020-21
3,Players,1627846,Abdel Nader,1610612756,PHX,27.0,3,1,2,0.333,2.7,0.0,0.0,0.0,0.0,0.0,0.0,0.0,2.7,0.0,0.0,0.0,0.3,0.3,363,351,79,330,230,225,217,150,305,1,1,1,175,180,1,1,121,400,1,"1627846,1610612756",2020-21
4,Players,201143,Al Horford,1610612760,OKC,35.0,14,7,7,0.5,4.1,0.4,0.6,0.0,0.3,1.4,1.3,0.8,3.5,0.1,0.1,0.4,0.3,4.5,205,193,238,176,40,61,11,150,212,401,402,397,86,43,335,296,152,42,1,"201143,1610612760",2020-21
5,Players,202329,Al-Farouq Aminu,1610612741,CHI,30.0,4,1,3,0.25,2.3,0.0,0.0,0.0,0.0,0.5,0.5,1.3,1.0,0.3,0.0,0.3,0.0,1.7,344,351,109,373,279,225,217,150,305,125,151,437,387,17,1,206,319,263,1,"202329,1610612741",2020-21
6,Players,202692,Alec Burks,1610612752,NYK,29.0,22,11,11,0.5,3.5,0.1,0.5,0.0,0.6,0.8,0.5,0.3,2.5,0.0,0.1,0.4,0.6,4.0,121,114,332,176,122,171,17,150,132,202,143,183,210,143,400,335,56,65,1,"202692,1610612752",2020-21
7,Players,1630197,Aleksej Pokusevski,1610612760,OKC,19.0,7,5,2,0.714,2.7,0.0,0.4,0.0,0.0,0.6,0.6,0.0,1.2,0.1,0.1,0.4,0.3,3.5,299,237,79,54,231,225,34,150,305,146,178,1,377,43,406,346,152,88,1,"1630197,1610612760",2020-21
8,Players,1627936,Alex Caruso,1610612747,LAL,27.0,19,10,9,0.526,2.4,0.3,0.2,0.1,0.3,0.6,0.1,0.2,1.9,0.0,0.1,0.2,0.3,2.4,152,137,289,170,265,76,143,111,201,152,82,161,302,180,304,134,137,184,1,"1627936,1610612747",2020-21
9,Players,203458,Alex Len,1610612764,WAS,27.0,11,4,7,0.364,3.6,0.0,0.2,0.0,0.2,0.8,0.3,0.9,3.7,0.2,0.1,0.3,0.2,2.0,246,259,238,321,102,225,128,150,252,211,102,417,72,29,362,228,238,218,1,"203458,1610612764",2020-21
10,Players,1628035,Alfonzo McKinnie,1610612747,LAL,28.0,1,0,1,0.0,0.5,0.0,0.0,0.0,0.0,0.0,0.0,0.0,4.1,0.0,0.0,0.0,0.0,0.0,406,405,25,405,432,225,217,150,305,1,1,1,34,180,1,1,319,414,1,"1628035,1610612747",2020-21
11,Players,1628993,Alize Johnson,1610612751,BKN,25.0,1,0,1,0.0,1.9,2.0,2.0,0.0,2.0,1.0,0.0,0.0,0.0,0.0,0.0,2.0,0.0,3.4,406,405,25,405,321,2,3,150,4,268,1,1,428,180,1,450,319,91,1,"1628993,1610612751",2020-21
12,Players,1629599,Amir Coffey,1610612746,LAC,23.0,3,3,0,1.0,1.0,0.0,0.0,0.0,0.0,0.3,0.7,0.0,0.7,0.0,0.0,1.0,0.0,1.0,363,284,1,1,406,225,217,150,305,97,209,1,408,180,1,433,319,336,1,"1629599,1610612746",2020-21
13,Players,203083,Andre Drummond,1610612747,LAL,27.0,19,11,8,0.579,3.5,0.3,0.1,0.0,0.6,1.4,0.5,0.7,2.1,0.2,0.2,0.7,0.6,4.1,152,114,264,119,104,76,205,150,115,395,150,364,246,37,430,424,47,55,1,"203083,1610612747",2020-21
14,Players,2738,Andre Iguodala,1610612748,MIA,37.0,27,17,10,0.63,2.0,0.0,0.0,0.0,0.0,0.6,0.3,0.1,1.3,0.0,0.0,0.2,0.2,1.0,72,26,302,90,317,225,212,150,305,158,109,129,371,180,1,126,257,342,1,"2738,1610612748",2020-21
15,Players,203952,Andrew Wiggins,1610612744,GSW,26.0,30,15,15,0.5,3.4,0.2,0.4,0.1,0.7,1.2,1.2,0.5,2.8,0.0,0.1,0.3,0.0,2.5,38,51,401,176,130,119,54,94,102,348,388,298,162,169,327,244,318,165,1,"203952,1610612744",2020-21
16,Players,1629014,Anfernee Simons,1610612757,POR,22.0,11,8,3,0.727,1.5,0.2,0.0,0.0,0.2,0.3,0.6,0.2,1.3,0.0,0.1,0.1,0.0,0.7,246,171,109,50,368,131,217,150,252,91,198,150,370,180,362,94,319,373,1,"1629014,1610612757",2020-21
17,Players,203076,Anthony Davis,1610612747,LAL,28.0,18,12,6,0.667,3.9,0.3,0.1,0.0,1.1,1.7,0.5,0.3,3.0,0.4,0.2,0.3,0.6,5.3,163,93,205,67,66,94,175,150,35,419,139,205,130,8,433,269,54,23,1,"203076,1610612747",2020-21
18,Players,1630162,Anthony Edwards,1610612750,MIN,19.0,32,13,19,0.406,3.5,0.1,0.3,0.1,0.9,1.6,1.1,0.6,3.9,0.0,0.1,0.3,0.3,3.0,22,77,441,287,116,177,93,141,66,414,361,335,61,173,321,260,164,123,1,"1630162,1610612750",2020-21
19,Players,1630264,Anthony Gill,1610612764,WAS,28.0,3,2,1,0.667,1.2,0.0,0.0,0.0,0.0,0.7,0.0,0.0,1.4,0.0,0.3,0.0,0.3,0.8,363,318,25,67,394,225,217,150,305,166,1,1,359,180,446,1,121,362,1,"1630264,1610612764",2020-21
20,Players,1630237,Anthony Lamb,1610612745,HOU,23.0,1,0,1,0.0,0.9,0.0,0.0,0.0,0.0,0.0,0.0,2.0,4.1,0.0,0.0,0.0,0.0,0.0,406,405,25,405,412,225,217,150,305,1,1,444,34,180,1,1,319,414,1,"1630237,1610612745",2020-21
21,Players,1629717,Armoni Brooks,1610612745,HOU,23.0,3,1,2,0.333,3.1,0.0,0.0,0.0,0.0,1.0,0.0,0.7,3.4,0.0,0.0,0.3,0.3,0.3,363,351,79,330,166,225,217,150,305,268,1,349,97,180,1,269,121,400,1,"1629717,1610612745",2020-21
22,Players,203382,Aron Baynes,1610612761,TOR,34.0,13,5,8,0.385,0.9,0.0,0.0,0.0,0.0,0.5,0.0,0.0,0.5,0.0,0.0,0.1,0.0,0.0,218,237,264,309,413,225,217,150,305,139,1,1,421,180,1,90,319,413,1,"203382,1610612761",2020-21
23,Players,203085,Austin Rivers,1610612743,DEN,28.0,14,8,6,0.571,2.0,0.5,0.1,0.1,0.1,0.8,0.7,0.4,1.4,0.0,0.1,0.4,0.3,1.7,205,171,205,125,313,30,156,90,274,205,200,258,354,180,335,296,152,261,1,"203085,1610612743",2020-21
24,Players,202340,Avery Bradley,1610612745,HOU,30.0,6,1,5,0.167,2.1,0.0,0.0,0.0,0.0,1.0,0.3,0.3,2.0,0.0,0.0,0.3,0.2,0.2,317,351,171,396,307,225,217,150,305,268,114,205,254,180,1,269,245,407,1,"202340,1610612745",2020-21
25,Players,1626253,Axel Toupane,1610612749,MIL,28.0,1,0,1,0.0,1.8,0.0,0.0,0.0,0.0,0.0,0.0,0.0,0.0,1.0,0.0,0.0,0.0,4.3,406,405,25,405,336,225,217,150,305,1,1,1,428,2,1,1,319,50,1,"1626253,1610612749",2020-21
26,Players,1628389,Bam Adebayo,1610612748,MIA,23.0,29,14,15,0.483,3.5,0.1,0.1,0.0,1.3,1.2,1.4,0.2,3.4,0.3,0.1,0.4,0.7,4.5,46,64,401,219,114,167,162,150,32,328,415,169,95,12,404,313,41,47,1,"1628389,1610612748",2020-21
27,Players,203463,Ben McLemore,1610612747,LAL,28.0,10,2,8,0.2,0.9,0.0,0.0,0.0,0.0,0.4,0.0,0.0,0.4,0.0,0.0,0.2,0.0,0.0,259,318,264,387,417,225,217,150,305,109,1,1,423,180,1,164,319,414,1,"203463,1610612747",2020-21
28,Players,1627732,Ben Simmons,1610612755,PHI,24.0,30,23,7,0.767,4.0,0.2,0.3,0.1,0.9,1.2,0.8,0.7,3.2,0.2,0.0,0.4,0.7,4.1,38,3,238,37,51,147,89,113,67,338,259,349,117,32,1,351,34,60,1,"1627732,1610612755",2020-21
29,Players,202687,Bismack Biyombo,1610612766,CHA,28.0,19,13,6,0.684,1.7,0.0,0.1,0.0,0.1,0.4,0.4,0.2,1.1,0.2,0.0,0.2,0.2,1.5,152,77,205,64,345,225,205,150,289,115,125,161,384,37,1,134,214,291,1,"202687,1610612766",2020-21
30,Players,201933,Blake Griffin,1610612751,BKN,32.0,20,8,12,0.4,3.0,0.1,0.1,0.0,0.4,0.8,0.9,0.4,1.9,0.1,0.1,0.8,0.4,2.8,137,171,349,288,179,222,207,150,174,193,280,244,301,136,301,426,116,139,1,"201933,1610612751",2020-21
31,Players,1626246,Boban Marjanovic,1610612742,DAL,32.0,4,2,2,0.5,1.1,0.0,0.0,0.0,0.5,0.5,0.3,0.8,1.0,0.0,0.0,0.3,0.0,0.8,344,318,79,176,403,225,217,150,143,125,97,386,387,180,1,206,319,362,1,"1626246,1610612742",2020-21
32,Players,1626171,Bobby Portis,1610612749,MIL,26.0,5,1,4,0.2,1.7,0.0,0.4,0.0,0.4,1.2,0.2,0.0,0.8,0.0,0.0,0.2,0.0,0.6,328,351,142,387,342,225,42,150,174,348,92,1,405,180,1,164,319,377,1,"1626171,1610612749",2020-21
33,Players,203992,Bogdan Bogdanovic,1610612737,ATL,28.0,19,12,7,0.632,3.6,0.5,0.2,0.0,0.2,1.4,0.4,0.5,3.3,0.1,0.0,0.2,0.2,3.3,152,93,238,88,92,41,143,150,246,395,125,276,105,131,1,185,214,96,1,"203992,1610612737",2020-21
34,Players,202711,Bojan Bogdanovic,1610612762,UTA,32.0,28,16,12,0.571,2.7,0.5,0.1,0.3,0.1,0.8,0.9,0.2,2.1,0.0,0.1,0.1,0.3,1.9,58,40,349,125,218,30,156,32,300,215,283,163,251,180,335,117,136,232,1,"202711,1610612762",2020-21
35,Players,202954,Brad Wanamaker,1610612766,CHA,31.0,10,5,5,0.5,1.6,0.0,0.3,0.0,0.2,1.1,1.1,0.0,1.4,0.0,0.0,0.0,0.1,0.5,259,237,171,176,355,225,78,150,248,315,370,1,356,180,1,1,287,385,1,"202954,1610612766",2020-21
36,Players,203078,Bradley Beal,1610612764,WAS,27.0,32,18,14,0.563,4.5,0.6,0.3,0.1,2.3,1.5,1.1,0.7,4.1,0.1,0.2,0.3,1.1,6.1,22,20,383,136,25,21,70,99,2,402,369,365,34,119,417,288,8,15,1,"203078,1610612764",2020-21
37,Players,1629634,Brandon Clarke,1610612763,MEM,24.0,21,13,8,0.619,2.5,0.2,0.4,0.0,0.9,1.1,0.4,0.4,2.0,0.0,0.1,0.2,0.1,2.0,133,77,264,93,257,127,50,150,68,303,133,235,254,141,371,202,258,226,1,"1629634,1610612763",2020-21
38,Players,1629164,Brandon Goodwin,1610612737,ATL,25.0,5,2,3,0.4,2.7,0.0,0.0,0.0,0.0,1.2,1.0,0.6,2.0,0.0,0.0,0.0,1.0,3.0,328,318,109,288,229,225,217,150,305,348,325,323,254,180,1,1,12,115,1,"1629164,1610612737",2020-21
39,Players,1627742,Brandon Ingram,1610612740,NOP,23.0,32,14,18,0.438,3.8,0.3,0.0,0.2,0.4,1.3,0.7,0.7,3.9,0.1,0.2,0.3,0.8,4.0,22,64,433,257,69,78,214,68,182,377,235,365,64,79,432,260,29,67,1,"1627742,1610612740",2020-21
40,Players,1630271,Brodric Thomas,1610612739,CLE,24.0,3,0,3,0.0,1.3,0.0,0.0,0.0,0.0,0.0,1.0,1.7,2.0,0.0,0.0,0.3,0.0,0.0,363,405,109,405,384,225,217,150,305,1,325,441,254,180,1,269,319,414,1,"1630271,1610612739",2020-21
41,Players,201572,Brook Lopez,1610612749,MIL,33.0,23,10,13,0.435,2.8,0.2,0.3,0.0,0.4,1.4,0.7,0.5,2.2,0.2,0.0,0.3,0.3,2.2,104,137,369,261,212,140,92,150,189,399,225,277,238,24,290,252,176,198,1,"201572,1610612749",2020-21
42,Players,1628971,Bruce Brown,1610612751,BKN,24.0,25,18,7,0.72,1.4,0.1,0.2,0.0,0.3,0.9,0.4,0.4,1.6,0.0,0.0,0.2,0.1,1.0,87,20,238,53,370,209,142,150,200,218,137,263,332,180,285,204,272,335,1,"1628971,1610612751",2020-21
43,Players,1627854,Bryn Forbes,1610612749,MIL,27.0,8,3,5,0.375,2.4,0.0,0.4,0.0,0.0,0.8,0.8,0.4,2.0,0.0,0.0,0.0,0.0,0.4,286,284,171,314,271,225,51,150,305,193,243,233,254,180,1,1,319,398,1,"1627854,1610612749",2020-21
44,Players,1627741,Buddy Hield,1610612758,SAC,28.0,39,21,18,0.538,3.5,0.3,0.3,0.3,0.4,1.4,1.4,0.6,4.3,0.0,0.0,0.6,0.3,2.8,1,12,433,157,113,79,60,35,173,387,409,341,26,179,1,401,138,132,1,"1627741,1610612758",2020-21
45,Players,203468,CJ McCollum,1610612757,POR,29.0,20,12,8,0.6,3.9,0.0,0.0,0.0,0.6,0.5,0.4,0.4,3.5,0.0,0.0,0.2,0.2,4.0,137,93,264,99,64,225,217,150,121,120,121,224,78,180,1,164,222,66,1,"203468,1610612757",2020-21
46,Players,1628997,Caleb Martin,1610612766,CHA,25.0,7,4,3,0.571,1.2,0.0,0.0,0.0,0.0,1.3,1.0,0.0,0.9,0.1,0.0,0.0,0.0,0.9,299,259,109,125,399,225,217,150,305,378,325,1,404,43,1,1,319,349,1,"1628997,1610612766",2020-21
47,Players,1629629,Cam Reddish,1610612737,ATL,21.0,10,3,7,0.3,2.9,0.0,0.0,0.0,0.8,1.8,1.3,0.8,4.5,0.0,0.0,0.3,0.1,1.6,259,284,238,360,189,225,217,150,83,426,405,402,21,180,1,244,287,269,1,"1629629,1610612737",2020-21
48,Players,1629661,Cameron Johnson,1610612756,PHX,25.0,24,16,8,0.667,3.1,0.1,0.0,0.1,0.0,0.5,0.8,0.2,2.8,0.0,0.0,0.1,0.3,1.7,95,40,264,67,159,177,217,126,305,141,270,160,167,155,1,108,149,258,1,"1629661,1610612756",2020-21
49,Players,1626166,Cameron Payne,1610612756,PHX,26.0,5,1,4,0.2,1.5,0.0,0.0,0.0,0.0,0.4,0.0,0.0,1.6,0.0,0.0,0.4,0.0,1.0,328,351,142,387,366,225,217,150,305,109,1,1,332,180,1,325,319,336,1,"1626166,1610612756",2020-21
50,Players,1627747,Caris LeVert,1610612754,IND,26.0,22,12,10,0.545,3.7,0.5,0.1,0.4,1.4,1.2,1.2,0.6,3.3,0.1,0.1,0.4,0.7,4.5,121,93,302,148,80,30,188,24,26,359,385,303,102,51,400,299,42,45,1,"1627747,1610612754",2020-21
51,Players,2546,Carmelo Anthony,1610612757,POR,37.0,26,16,10,0.615,2.7,0.1,0.1,0.1,0.2,0.5,0.7,0.4,2.6,0.1,0.0,0.2,0.2,2.1,81,40,302,94,232,212,195,129,237,122,207,237,200,102,282,161,254,210,1,"2546,1610612757",2020-21
52,Players,1629035,Carsen Edwards,1610612738,BOS,23.0,3,1,2,0.333,3.0,0.0,0.0,0.0,0.0,1.0,0.0,0.0,2.7,0.0,0.0,0.0,0.3,2.4,363,351,79,330,176,225,217,150,305,268,1,1,175,180,1,1,121,176,1,"1629035,1610612738",2020-21
53,Players,1626224,Cedi Osman,1610612739,CLE,26.0,12,7,5,0.583,3.8,0.8,0.0,0.3,0.8,1.2,1.5,1.4,4.4,0.0,0.3,0.4,0.3,2.9,235,193,171,112,72,7,217,26,76,338,423,439,23,180,437,338,121,128,1,"1626224,1610612739",2020-21
54,Players,1628990,Chandler Hutchison,1610612764,WAS,25.0,4,2,2,0.5,1.0,0.0,0.0,0.0,0.5,0.0,0.0,0.0,1.5,0.0,0.0,0.3,0.0,0.5,344,318,79,176,408,225,217,150,143,1,1,1,348,180,1,206,319,385,1,"1628990,1610612764",2020-21
55,Players,1629718,Charlie Brown Jr.,1610612760,OKC,24.0,1,1,0,1.0,5.1,0.0,0.0,0.0,0.0,0.0,4.1,0.0,4.1,0.0,0.0,0.0,0.0,1.2,406,351,1,1,8,225,217,150,305,1,446,1,34,180,1,1,319,317,1,"1629718,1610612760",2020-21
56,Players,1626184,Chasson Randle,1610612753,ORL,28.0,8,2,6,0.25,2.4,0.3,0.3,0.0,0.3,0.9,1.3,0.5,2.0,0.0,0.1,0.6,0.3,1.0,286,318,205,373,274,101,93,150,225,231,396,279,254,180,390,409,181,343,1,"1626184,1610612753",2020-21
57,Players,1629002,Chimezie Metu,1610612758,SAC,24.0,4,2,2,0.5,1.9,0.0,0.0,0.0,0.0,2.3,0.5,0.5,3.0,0.0,0.0,0.0,0.0,0.8,344,318,79,176,327,225,217,150,305,443,151,279,130,180,1,1,319,368,1,"1629002,1610612758",2020-21
58,Players,1628449,Chris Boucher,1610612761,TOR,28.0,23,7,16,0.304,2.3,0.1,0.4,0.0,0.7,1.0,0.5,0.1,1.1,0.3,0.0,0.5,0.2,3.2,104,193,410,358,280,202,57,150,97,262,163,131,385,15,290,389,209,107,1,"1628449,1610612761",2020-21
59,Players,1629185,Chris Chiozza,1610612751,BKN,25.0,2,1,1,0.5,4.8,0.0,0.0,0.0,0.0,3.0,1.0,1.0,5.1,0.0,0.0,0.5,0.0,0.8,386,351,25,176,18,225,217,150,305,450,325,425,12,180,1,372,319,368,1,"1629185,1610612751",2020-21
60,Players,101108,Chris Paul,1610612756,PHX,36.0,35,23,12,0.657,4.2,0.3,0.1,0.3,0.3,1.0,1.0,0.6,3.6,0.0,0.0,0.6,0.8,5.2,9,3,349,81,35,62,174,45,192,299,354,301,75,180,267,393,26,26,1,"101108,1610612756",2020-21
61,Players,1629735,Chris Silva,1610612758,SAC,24.0,1,0,1,0.0,1.2,0.0,0.0,0.0,0.0,0.0,0.0,0.0,0.0,0.0,0.0,2.0,0.0,1.5,406,405,25,405,396,225,217,150,305,1,1,1,428,180,1,450,319,281,1,"1629735,1610612758",2020-21
62,Players,1626174,Christian Wood,1610612745,HOU,25.0,17,6,11,0.353,3.5,0.1,0.5,0.1,0.8,1.1,0.9,0.2,3.5,0.1,0.2,0.2,0.8,3.6,175,214,332,326,107,183,15,106,80,322,297,166,90,58,426,150,28,81,1,"1626174,1610612745",2020-21
63,Players,1629643,Chuma Okeke,1610612753,ORL,22.0,15,5,10,0.333,2.6,0.1,0.1,0.1,0.3,0.3,0.7,0.3,1.8,0.1,0.0,0.2,0.1,2.1,193,237,302,330,248,172,198,94,220,97,209,178,318,53,1,164,309,211,1,"1629643,1610612753",2020-21
64,Players,203991,Clint Capela,1610612737,ATL,27.0,28,14,14,0.5,3.1,0.3,0.4,0.1,1.6,1.2,0.7,0.7,3.2,0.1,0.0,0.1,0.3,3.2,58,64,383,176,171,88,47,132,20,352,200,360,114,110,275,117,181,106,1,"203991,1610612737",2020-21
65,Players,1629632,Coby White,1610612741,CHI,21.0,33,14,19,0.424,3.3,0.4,0.2,0.2,0.6,1.1,0.9,0.5,2.6,0.0,0.0,0.3,0.5,3.2,18,64,441,275,143,46,116,71,120,305,296,278,197,176,268,269,65,108,1,"1629632,1610612741",2020-21
66,Players,1628998,Cody Martin,1610612766,CHA,25.0,9,6,3,0.667,0.6,0.3,0.0,0.3,0.7,0.0,0.2,0.0,1.6,0.0,0.1,0.1,0.1,0.8,271,214,109,67,430,63,217,26,102,1,94,1,346,180,379,98,276,366,1,"1628998,1610612766",2020-21
67,Players,203469,Cody Zeller,1610612766,CHA,28.0,13,6,7,0.462,3.3,0.2,0.3,0.2,0.9,0.9,0.9,0.7,3.1,0.2,0.1,0.5,0.5,2.7,218,214,238,231,134,108,71,85,56,248,276,368,124,39,348,362,78,145,1,"203469,1610612766",2020-21
68,Players,1630175,Cole Anthony,1610612753,ORL,21.0,10,4,6,0.4,3.5,0.2,0.0,0.3,0.6,2.1,1.1,0.4,3.6,0.1,0.0,0.7,0.5,4.0,259,259,205,288,119,119,217,36,121,442,370,244,75,72,1,420,67,68,1,"1630175,1610612753",2020-21
69,Players,1629012,Collin Sexton,1610612739,CLE,22.0,20,9,11,0.45,4.1,0.5,0.1,0.2,1.5,1.3,1.0,1.0,3.3,0.1,0.3,0.6,0.7,5.4,137,152,332,242,44,30,183,61,22,383,325,425,100,136,437,397,39,22,1,"1629012,1610612739",2020-21
70,Players,202709,Cory Joseph,1610612765,DET,29.0,16,9,7,0.563,1.8,0.0,0.1,0.0,0.3,0.4,0.6,0.3,2.9,0.0,0.1,0.1,0.1,0.7,187,152,238,136,329,225,201,150,225,106,194,202,153,180,390,88,267,374,1,"202709,1610612765",2020-21
71,Players,1626156,D'Angelo Russell,1610612750,MIN,25.0,22,12,10,0.545,3.3,0.4,0.1,0.1,1.2,1.3,1.7,0.5,3.7,0.0,0.1,0.1,0.6,4.2,121,93,302,148,146,48,163,92,34,373,428,269,72,180,400,94,50,52,1,"1626156,1610612750",2020-21
72,Players,201571,D.J. Augustin,1610612745,HOU,33.0,4,1,3,0.25,1.7,0.5,0.0,0.0,0.0,0.3,0.0,0.0,0.0,0.0,0.0,0.0,0.3,2.0,344,351,109,373,350,30,217,150,305,87,1,1,428,180,1,1,181,218,1,"201571,1610612745",2020-21
73,Players,1628391,D.J. Wilson,1610612745,HOU,25.0,1,1,0,1.0,3.7,0.0,0.0,0.0,0.0,2.0,0.0,0.0,2.0,0.0,0.0,0.0,0.0,0.0,406,351,1,1,87,225,217,150,305,431,1,1,254,180,1,1,319,414,1,"1628391,1610612745",2020-21
74,Players,1629610,DaQuan Jeffries,1610612759,SAS,23.0,1,0,1,0.0,0.2,0.0,0.0,0.0,0.0,0.0,0.0,0.0,2.0,0.0,0.0,0.0,0.0,0.0,406,405,25,405,445,225,217,150,305,1,1,1,254,180,1,1,319,414,1,"1629610,1610612759",2020-21
75,Players,1629751,Dakota Mathias,1610612755,PHI,25.0,1,1,0,1.0,5.6,0.0,3.0,0.0,0.0,2.0,6.1,2.0,2.0,0.0,0.0,1.0,1.0,4.3,406,351,1,1,5,225,2,150,305,431,452,444,254,180,1,433,12,50,1,"1629751,1610612755",2020-21
76,Players,1627745,Damian Jones,1610612758,SAC,25.0,4,1,3,0.25,2.8,0.0,0.0,0.0,0.0,1.0,0.8,0.0,2.0,0.0,0.0,0.8,0.0,2.5,344,351,109,373,216,225,217,150,305,268,243,1,254,180,1,426,319,166,1,"1627745,1610612758",2020-21
77,Players,203081,Damian Lillard,1610612757,POR,30.0,34,22,12,0.647,3.7,0.7,0.4,0.3,1.3,1.0,0.7,0.6,3.2,0.1,0.1,0.4,1.1,6.9,15,9,349,84,78,11,38,37,28,257,241,319,120,123,387,336,11,10,1,"203081,1610612757",2020-21
78,Players,1627814,Damion Lee,1610612744,GSW,28.0,17,7,10,0.412,1.6,0.0,0.2,0.0,0.2,0.3,0.4,0.1,1.3,0.0,0.0,0.2,0.1,1.2,175,193,302,281,358,225,100,150,235,93,129,128,369,180,1,150,314,320,1,"1627814,1610612744",2020-21
79,Players,1628422,Damyean Dotson,1610612739,CLE,27.0,8,5,3,0.625,2.0,0.5,0.0,0.0,0.3,0.8,0.5,0.6,1.8,0.0,0.0,0.1,0.6,1.7,286,237,109,91,311,30,217,150,225,193,151,335,317,180,1,108,48,257,1,"1628422,1610612739",2020-21
80,Players,1629655,Daniel Gafford,1610612764,WAS,22.0,12,6,6,0.5,3.7,0.0,0.5,0.0,0.7,0.5,1.2,0.2,2.9,0.6,0.3,0.2,0.4,4.3,235,214,205,176,88,225,17,150,102,125,382,148,159,4,437,138,87,49,1,"1629655,1610612764",2020-21
81,Players,1630187,Daniel Oturu,1610612746,LAC,21.0,1,0,1,0.0,5.1,0.0,0.0,0.0,0.0,0.0,5.1,0.0,4.1,0.0,0.0,0.0,1.0,4.8,406,405,25,405,8,225,217,150,305,1,449,1,34,180,1,1,12,38,1,"1630187,1610612746",2020-21
82,Players,1628464,Daniel Theis,1610612741,CHI,29.0,29,12,17,0.414,2.8,0.1,0.3,0.1,0.7,1.1,0.6,0.8,2.2,0.1,0.0,0.4,0.2,2.3,46,93,425,280,214,167,59,135,100,309,173,401,242,69,1,313,194,191,1,"1628464,1610612741",2020-21
83,Players,201568,Danilo Gallinari,1610612737,ATL,32.0,15,8,7,0.533,2.3,0.0,0.0,0.0,0.0,0.5,0.4,0.3,2.3,0.0,0.1,0.1,0.1,1.9,193,171,238,163,285,225,217,150,305,123,127,178,232,180,327,113,265,240,1,"201568,1610612737",2020-21
84,Players,201980,Danny Green,1610612755,PHI,33.0,31,23,8,0.742,3.5,0.2,0.1,0.0,0.1,1.5,1.0,1.0,3.3,0.2,0.1,0.3,0.1,2.8,32,3,264,46,111,126,200,150,285,406,325,423,107,36,373,266,312,136,1,"201980,1610612755",2020-21
85,Players,203957,Dante Exum,1610612745,HOU,25.0,1,1,0,1.0,5.2,0.0,0.0,0.0,0.0,3.0,0.0,0.0,0.0,0.0,0.0,0.0,0.0,0.2,406,351,1,1,6,225,217,150,305,450,1,1,428,180,1,1,319,407,1,"203957,1610612745",2020-21
86,Players,1627863,Danuel House Jr.,1610612745,HOU,28.0,8,1,7,0.125,2.5,0.4,0.0,0.0,0.3,0.6,1.0,0.3,3.8,0.0,0.0,0.3,0.0,1.2,286,351,238,401,260,57,217,150,225,156,325,170,65,180,1,206,319,314,1,"1627863,1610612745",2020-21
87,Players,203967,Dario Saric,1610612756,PHX,27.0,10,6,4,0.6,1.1,0.0,0.0,0.0,0.0,0.3,0.3,0.0,1.4,0.0,0.0,0.2,0.3,0.5,259,214,142,99,401,225,217,150,305,94,110,1,356,180,1,164,143,385,1,"203967,1610612756",2020-21
88,Players,1629647,Darius Bazley,1610612760,OKC,20.0,25,11,14,0.44,3.2,0.1,0.1,0.0,0.5,1.5,0.8,0.7,3.0,0.0,0.1,0.2,0.2,1.6,87,114,383,255,149,209,194,150,152,404,259,361,144,180,354,136,222,265,1,"1629647,1610612760",2020-21
89,Players,1629636,Darius Garland,1610612739,CLE,21.0,18,8,10,0.444,3.4,0.5,0.2,0.0,0.9,0.9,0.8,0.6,2.9,0.0,0.1,0.3,0.6,2.6,163,171,302,247,129,30,136,150,60,234,270,308,151,180,308,269,49,160,1,"1629636,1610612739",2020-21
90,Players,203121,Darius Miller,1610612760,OKC,31.0,1,1,0,1.0,0.5,0.0,0.0,0.0,0.0,0.0,0.0,0.0,0.0,0.0,0.0,0.0,0.0,0.0,406,351,1,1,431,225,217,150,305,1,1,1,428,180,1,1,319,414,1,"203121,1610612760",2020-21
91,Players,1628021,David Nwaba,1610612745,HOU,28.0,8,3,5,0.375,1.6,0.0,0.0,0.0,0.0,0.4,0.8,0.1,1.3,0.0,0.1,0.1,0.0,0.7,286,284,171,314,359,225,217,150,305,106,243,136,372,180,390,108,319,372,1,"1628021,1610612745",2020-21
92,Players,202722,Davis Bertans,1610612764,WAS,28.0,29,15,14,0.517,3.9,0.1,0.2,0.1,0.1,1.0,0.9,0.7,3.7,0.1,0.0,0.7,0.2,2.5,46,51,383,173,61,217,135,112,301,265,302,346,71,114,1,414,219,162,1,"202722,1610612764",2020-21
93,Players,1628368,De'Aaron Fox,1610612758,SAC,23.0,32,16,16,0.5,3.5,0.5,0.2,0.3,1.8,1.2,1.4,0.7,4.1,0.1,0.1,0.7,0.7,4.9,22,40,410,176,108,30,127,33,13,357,414,378,34,79,321,418,38,35,1,"1628368,1610612758",2020-21
94,Players,1629631,De'Andre Hunter,1610612737,ATL,23.0,11,3,8,0.273,3.8,0.0,0.0,0.0,0.2,1.8,1.3,0.6,3.9,0.1,0.0,0.9,0.1,2.7,246,284,264,370,71,225,217,150,252,428,400,303,63,82,1,432,293,143,1,"1629631,1610612737",2020-21
95,Players,1629001,De'Anthony Melton,1610612763,MEM,23.0,15,9,6,0.6,2.2,0.3,0.2,0.1,0.1,0.9,0.7,0.3,1.8,0.1,0.0,0.1,0.3,2.7,193,152,205,99,290,63,119,94,279,253,209,205,318,53,1,113,174,147,1,"1629001,1610612763",2020-21
96,Players,201599,DeAndre Jordan,1610612751,BKN,32.0,17,13,4,0.765,1.9,0.0,0.2,0.0,0.5,0.5,0.5,0.5,1.8,0.1,0.0,0.1,0.1,1.5,175,77,142,38,324,225,100,150,154,124,165,296,315,123,1,106,314,288,1,"201599,1610612751",2020-21
97,Players,1627761,DeAndre' Bembry,1610612761,TOR,26.0,11,4,7,0.364,2.4,0.3,0.0,0.2,0.4,0.6,0.5,0.0,1.1,0.1,0.1,0.7,0.1,2.0,246,259,238,321,272,97,217,71,185,159,143,1,382,82,362,423,293,224,1,"1627761,1610612761",2020-21
98,Players,201942,DeMar DeRozan,1610612759,SAS,31.0,32,14,18,0.438,4.5,0.4,0.4,0.4,1.8,1.3,1.5,0.4,4.6,0.0,0.2,0.4,1.3,6.2,22,64,433,257,23,49,41,17,15,367,421,253,19,180,417,307,5,14,1,"201942,1610612759",2020-21
99,Players,202326,DeMarcus Cousins,1610612746,LAC,30.0,4,1,3,0.25,1.6,0.0,0.0,0.0,0.0,0.0,0.0,0.0,0.0,0.3,0.0,0.8,0.0,1.4,344,351,109,373,360,225,217,150,305,1,1,1,428,17,1,426,319,295,1,"202326,1610612746",2020-21
100,Players,1629731,Dean Wade,1610612739,CLE,24.0,9,3,6,0.333,3.3,0.0,0.0,0.0,0.2,0.8,0.7,0.9,4.1,0.0,0.0,0.0,0.3,1.6,271,284,205,330,147,225,217,150,238,203,209,415,34,180,1,1,121,269,1,"1629731,1610612739",2020-21
101,Players,1629028,Deandre Ayton,1610612756,PHX,22.0,35,23,12,0.657,4.0,0.1,0.6,0.1,0.9,0.9,1.0,0.6,3.2,0.3,0.1,0.4,0.3,3.9,9,3,349,81,48,188,11,143,57,233,323,301,114,16,359,346,152,72,1,"1629028,1610612756",2020-21
102,Players,1627749,Dejounte Murray,1610612759,SAS,24.0,35,16,19,0.457,4.1,0.4,0.0,0.3,0.6,1.3,1.4,0.3,3.9,0.1,0.1,0.4,0.2,3.8,9,40,441,237,46,50,217,38,117,378,413,185,59,126,406,306,244,75,1,"1627749,1610612759",2020-21
103,Players,1626153,Delon Wright,1610612758,SAC,29.0,27,9,18,0.333,3.1,0.1,0.0,0.1,0.5,1.4,1.1,0.6,3.2,0.0,0.2,0.4,0.2,1.6,72,152,433,330,168,214,217,131,162,387,356,338,113,161,411,334,237,267,1,"1626153,1610612758",2020-21
104,Players,1630166,Deni Avdija,1610612764,WAS,20.0,14,6,8,0.429,1.9,0.0,0.0,0.0,0.0,0.7,0.9,0.4,2.5,0.0,0.1,0.4,0.1,0.8,205,214,264,265,323,225,217,150,305,161,313,258,216,180,335,346,305,365,1,"1630166,1610612764",2020-21
105,Players,203471,Dennis Schroder,1610612747,LAL,27.0,28,18,10,0.643,3.7,0.3,0.0,0.0,0.9,1.2,0.8,0.4,3.0,0.1,0.0,0.2,0.8,3.6,58,20,302,85,77,101,213,150,68,329,255,258,130,67,275,153,29,80,1,"203471,1610612747",2020-21
106,Players,1628372,Dennis Smith Jr.,1610612765,DET,23.0,3,0,3,0.0,2.0,0.0,0.0,0.0,0.0,1.4,0.7,0.7,2.7,0.0,0.3,0.0,0.3,1.2,363,405,109,405,309,225,217,150,305,387,209,349,175,180,446,1,121,313,1,"1628372,1610612765",2020-21
107,Players,1627756,Denzel Valentine,1610612741,CHI,27.0,15,5,10,0.333,1.3,0.0,0.2,0.0,0.0,0.3,0.3,0.3,0.9,0.0,0.0,0.1,0.0,0.3,193,237,302,330,383,225,119,150,305,90,101,178,399,180,1,113,319,402,1,"1627756,1610612741",2020-21
108,Players,202324,Derrick Favors,1610612762,UTA,29.0,13,6,7,0.462,0.3,0.0,0.0,0.0,0.3,0.2,0.2,0.2,0.3,0.0,0.0,0.0,0.1,0.4,218,214,238,231,442,225,217,150,204,80,96,145,426,180,1,1,301,397,1,"202324,1610612762",2020-21
109,Players,1627884,Derrick Jones Jr.,1610612757,POR,24.0,22,17,5,0.773,2.7,0.2,0.1,0.0,0.6,0.8,0.6,0.7,2.5,0.2,0.0,0.2,0.2,2.7,121,26,171,36,220,131,188,150,132,211,186,363,210,29,1,154,238,142,1,"1627884,1610612757",2020-21
110,Players,201565,Derrick Rose,1610612752,NYK,32.0,23,11,12,0.478,3.4,0.2,0.0,0.2,0.6,1.1,0.9,0.4,2.2,0.1,0.1,0.2,0.1,2.3,104,114,349,224,125,114,217,75,119,326,308,242,238,55,398,149,297,196,1,"201565,1610612752",2020-21
111,Players,1628401,Derrick White,1610612759,SAS,26.0,17,7,10,0.412,3.8,0.2,0.0,0.0,0.5,1.1,1.1,0.4,4.4,0.1,0.1,0.4,0.2,2.4,175,193,302,281,67,138,217,150,154,322,376,226,22,58,313,336,196,179,1,"1628401,1610612759",2020-21
112,Players,1630217,Desmond Bane,1610612763,MEM,22.0,20,8,12,0.4,1.6,0.2,0.2,0.3,0.2,0.7,0.4,0.4,2.0,0.1,0.2,0.3,0.2,1.4,137,171,349,288,357,119,151,46,248,163,121,224,254,136,415,244,222,304,1,"1630217,1610612763",2020-21
113,Players,1626164,Devin Booker,1610612756,PHX,24.0,33,23,10,0.697,4.1,0.2,0.5,0.3,0.9,0.9,1.1,0.6,3.4,0.0,0.0,0.6,0.9,4.5,18,3,302,58,43,131,27,41,74,245,366,303,93,180,268,394,22,43,1,"1626164,1610612756",2020-21
114,Players,1630170,Devin Vassell,1610612759,SAS,20.0,6,2,4,0.333,0.7,0.0,0.0,0.0,0.0,0.5,0.0,0.5,0.3,0.0,0.2,0.0,0.0,0.3,317,318,142,330,421,225,217,150,305,125,1,279,425,180,421,1,319,403,1,"1630170,1610612759",2020-21
115,Players,1629719,Devontae Cacok,1610612747,LAL,24.0,1,0,1,0.0,0.5,0.0,0.0,0.0,0.0,0.0,0.0,0.0,4.1,0.0,0.0,0.0,0.0,0.0,406,405,25,405,432,225,217,150,305,1,1,1,34,180,1,1,319,414,1,"1629719,1610612747",2020-21
116,Players,1628984,Devonte' Graham,1610612766,CHA,26.0,26,14,12,0.538,2.8,0.2,0.1,0.5,0.2,0.8,0.6,0.4,1.9,0.0,0.0,0.4,0.3,2.6,81,64,349,157,205,108,173,7,268,201,184,237,306,180,282,290,138,148,1,"1628984,1610612766",2020-21
117,Players,203473,Dewayne Dedmon,1610612748,MIA,31.0,1,0,1,0.0,0.4,0.0,0.0,0.0,0.0,0.0,0.0,0.0,2.0,0.0,0.0,0.0,0.0,0.0,406,405,25,405,437,225,217,150,305,1,1,1,254,180,1,1,319,414,1,"203473,1610612748",2020-21
118,Players,1629712,Didi Louzada,1610612740,NOP,21.0,1,0,1,0.0,0.0,0.0,0.0,0.0,0.0,0.0,0.0,0.0,0.0,0.0,0.0,0.0,0.0,0.0,406,405,25,405,452,225,217,150,305,1,1,1,428,180,1,1,319,414,1,"1629712,1610612740",2020-21
119,Players,1628415,Dillon Brooks,1610612763,MEM,25.0,31,16,15,0.516,3.6,0.2,0.2,0.2,0.5,1.3,0.7,0.7,3.8,0.1,0.1,0.4,0.3,3.2,32,40,401,175,101,152,125,83,142,370,203,375,67,76,326,342,180,101,1,"1628415,1610612763",2020-21
120,Players,1627734,Domantas Sabonis,1610612754,IND,25.0,32,14,18,0.438,4.2,0.2,0.3,0.2,1.1,1.7,1.1,1.1,4.0,0.0,0.1,0.6,0.5,3.7,22,64,433,257,36,129,93,68,39,423,361,429,56,173,390,400,67,77,1,"1627734,1610612754",2020-21
121,Players,1628378,Donovan Mitchell,1610612762,UTA,24.0,22,13,9,0.591,2.7,0.1,0.3,0.2,0.9,0.9,0.9,0.3,1.8,0.0,0.0,0.5,0.6,4.0,121,77,289,107,235,200,67,71,58,228,291,183,320,180,297,360,56,61,1,"1628378,1610612762",2020-21
122,Players,1628978,Donte DiVincenzo,1610612749,MIL,24.0,22,12,10,0.545,3.1,0.1,0.0,0.1,0.1,0.8,0.7,0.5,2.7,0.0,0.0,0.2,0.3,1.9,121,93,302,148,162,200,217,120,295,211,238,279,189,143,297,195,170,230,1,"1628978,1610612749",2020-21
123,Players,1627827,Dorian Finney-Smith,1610612742,DAL,28.0,27,16,11,0.593,2.9,0.0,0.1,0.0,0.2,0.8,1.2,0.8,2.8,0.1,0.2,0.1,0.1,1.8,72,40,332,105,188,225,175,150,273,192,379,405,168,107,411,98,276,245,1,"1627827,1610612742",2020-21
124,Players,203926,Doug McDermott,1610612754,IND,29.0,20,7,13,0.35,2.2,0.2,0.0,0.2,0.1,0.9,0.6,0.6,2.0,0.0,0.0,0.2,0.0,0.9,137,193,369,327,300,162,217,89,290,224,172,306,254,180,1,127,319,358,1,"203926,1610612754",2020-21
125,Players,203110,Draymond Green,1610612744,GSW,31.0,28,12,16,0.429,3.3,0.3,0.1,0.0,0.5,1.2,1.2,0.6,2.8,0.2,0.1,0.7,0.1,4.0,58,93,410,265,141,88,196,150,143,352,384,313,170,31,335,417,258,62,1,"203110,1610612744",2020-21
126,Players,1629234,Drew Eubanks,1610612759,SAS,24.0,3,0,3,0.0,1.4,0.0,0.0,0.0,0.0,0.0,0.0,0.0,0.0,0.0,0.0,0.0,0.0,0.1,363,405,109,405,371,225,217,150,305,1,1,1,428,180,1,1,319,411,1,"1629234,1610612759",2020-21
127,Players,1629130,Duncan Robinson,1610612748,MIA,27.0,27,13,14,0.481,3.4,0.1,0.0,0.2,0.2,1.1,1.5,0.3,3.0,0.0,0.0,0.3,0.1,1.9,72,77,383,220,126,189,217,51,238,318,422,176,143,161,279,269,276,229,1,"1629130,1610612748",2020-21
128,Players,1628407,Dwayne Bacon,1610612753,ORL,25.0,20,7,13,0.35,1.8,0.0,0.0,0.0,0.0,0.5,0.5,0.3,1.5,0.0,0.0,0.3,0.2,0.6,137,193,369,327,331,225,217,150,305,125,142,170,348,180,1,244,256,383,1,"1628407,1610612753",2020-21
129,Players,2730,Dwight Howard,1610612755,PHI,35.0,8,4,4,0.5,3.7,0.1,0.4,0.0,0.3,0.6,0.5,0.8,2.5,0.3,0.0,0.5,0.4,3.9,286,259,142,176,76,177,51,150,225,156,151,386,203,17,1,372,103,70,1,"2730,1610612755",2020-21
130,Players,203939,Dwight Powell,1610612742,DAL,29.0,7,6,1,0.857,2.0,0.3,0.0,0.0,0.3,0.6,0.3,0.1,1.2,0.0,0.0,0.0,0.4,2.4,299,214,25,26,314,88,217,150,212,146,104,141,377,180,1,1,83,182,1,"203939,1610612742",2020-21
131,Players,1629685,Dylan Windler,1610612739,CLE,24.0,3,2,1,0.667,2.9,0.7,0.7,0.0,0.7,2.4,0.0,0.7,2.7,0.0,0.0,0.0,0.3,2.4,363,318,25,67,198,13,9,150,102,446,1,349,175,180,1,1,121,180,1,"1629685,1610612739",2020-21
132,Players,202734,E'Twaun Moore,1610612756,PHX,32.0,2,2,0,1.0,3.8,0.0,0.0,0.0,0.0,0.0,1.0,0.0,2.0,0.0,0.0,1.0,0.5,3.0,386,318,1,1,68,225,217,150,305,1,325,1,254,180,1,433,67,115,1,"202734,1610612756",2020-21
133,Players,202334,Ed Davis,1610612750,MIN,32.0,2,1,1,0.5,1.2,0.0,0.0,0.0,0.0,0.0,0.0,0.0,2.0,0.0,0.0,0.0,0.0,0.0,386,351,25,176,391,225,217,150,305,1,1,1,254,180,1,1,319,414,1,"202334,1610612750",2020-21
134,Players,1628410,Edmond Sumner,1610612754,IND,25.0,12,5,7,0.417,2.5,0.3,0.0,0.0,0.2,1.1,0.8,0.3,2.9,0.0,0.1,0.4,0.0,1.4,235,237,238,277,252,101,217,150,261,311,270,205,159,180,355,338,319,294,1,"1628410,1610612754",2020-21
135,Players,203901,Elfrid Payton,1610612752,NYK,27.0,14,6,8,0.429,2.8,0.0,0.3,0.0,0.6,0.1,0.6,0.3,2.0,0.0,0.1,0.1,0.2,1.2,205,214,264,265,208,225,80,150,128,79,178,185,254,180,406,117,211,324,1,"203901,1610612752",2020-21
136,Players,1629091,Elijah Bryant,1610612749,MIL,26.0,1,0,1,0.0,0.2,0.0,0.0,0.0,0.0,0.0,0.0,0.0,0.0,0.0,0.0,0.0,0.0,0.0,406,405,25,405,446,225,217,150,305,1,1,1,428,180,1,1,319,414,1,"1629091,1610612749",2020-21
137,Players,202683,Enes Kanter,1610612757,POR,29.0,18,12,6,0.667,2.7,0.0,0.9,0.0,0.9,1.0,0.6,0.8,2.3,0.2,0.2,0.2,0.3,3.3,163,93,205,67,221,225,7,150,60,268,190,407,235,32,421,190,166,97,1,"202683,1610612757",2020-21
138,Players,202339,Eric Bledsoe,1610612740,NOP,31.0,32,16,16,0.5,3.2,0.2,0.0,0.1,0.4,1.0,0.5,0.5,3.0,0.1,0.1,0.3,0.3,2.0,22,40,410,176,155,154,214,99,166,267,166,279,148,119,321,206,164,223,1,"202339,1610612740",2020-21
139,Players,201569,Eric Gordon,1610612745,HOU,32.0,9,3,6,0.333,3.1,0.1,0.0,0.3,0.2,0.8,1.4,0.1,2.3,0.2,0.1,0.5,0.5,2.4,271,284,205,330,165,189,217,26,238,203,409,135,235,23,379,355,80,187,1,"201569,1610612745",2020-21
140,Players,1629672,Eric Paschall,1610612744,GSW,24.0,6,4,2,0.667,3.4,0.0,0.3,0.0,1.0,1.5,0.3,0.0,3.0,0.0,0.0,0.2,0.5,2.2,317,259,79,67,133,225,60,150,43,407,114,1,130,180,1,138,67,203,1,"1629672,1610612744",2020-21
141,Players,101141,Ersan Ilyasova,1610612762,UTA,34.0,1,0,1,0.0,6.6,0.0,0.0,0.0,0.0,0.0,3.0,0.0,6.1,0.0,0.0,3.0,0.0,2.4,406,405,25,405,4,225,217,150,305,1,444,1,3,180,1,454,319,176,1,"101141,1610612762",2020-21
142,Players,203095,Evan Fournier,1610612738,BOS,28.0,17,9,8,0.529,2.9,0.1,0.0,0.0,0.5,1.3,0.4,0.2,3.1,0.0,0.1,0.5,0.4,3.2,175,152,264,165,192,221,217,150,154,364,129,166,128,180,313,365,90,100,1,"203095,1610612738",2020-21
143,Players,1630267,Facundo Campazzo,1610612743,DEN,30.0,14,9,5,0.643,3.2,0.0,0.0,0.0,0.0,1.9,0.4,0.8,1.7,0.1,0.1,0.2,0.4,2.3,205,152,171,85,157,225,217,150,305,429,133,397,322,110,335,187,112,188,1,"1630267,1610612743",2020-21
144,Players,1628402,Frank Jackson,1610612765,DET,23.0,10,4,6,0.4,2.5,0.3,0.3,0.2,0.6,1.1,1.0,0.2,3.0,0.0,0.0,0.4,0.3,1.6,259,259,205,288,254,81,78,61,121,315,325,154,130,180,1,325,143,274,1,"1628402,1610612765",2020-21
145,Players,1626163,Frank Kaminsky,1610612756,PHX,28.0,6,2,4,0.333,1.3,0.0,0.0,0.0,0.0,0.0,0.3,0.0,1.0,0.0,0.0,1.0,0.0,0.3,317,318,142,330,380,225,217,150,305,1,114,1,387,180,1,433,319,403,1,"1626163,1610612756",2020-21
146,Players,1628373,Frank Ntilikina,1610612752,NYK,22.0,12,9,3,0.75,0.8,0.2,0.0,0.0,0.0,0.0,0.0,0.0,0.7,0.0,0.0,0.3,0.1,1.0,235,152,109,39,419,147,217,150,305,1,1,1,408,180,1,206,298,341,1,"1628373,1610612752",2020-21
147,Players,1627832,Fred VanVleet,1610612761,TOR,27.0,30,8,22,0.267,3.2,0.3,0.2,0.0,0.3,1.0,0.8,0.4,2.1,0.0,0.2,0.2,0.2,2.9,38,171,453,372,154,81,119,150,220,266,270,231,252,169,421,200,222,131,1,"1627832,1610612761",2020-21
148,Players,1630273,Freddie Gillespie,1610612761,TOR,23.0,4,0,4,0.0,0.7,0.0,0.5,0.0,0.0,0.0,0.0,0.0,0.5,0.0,0.0,0.0,0.3,0.5,344,405,142,405,425,225,17,150,305,1,1,1,418,180,1,1,181,385,1,"1630273,1610612761",2020-21
149,Players,1627788,Furkan Korkmaz,1610612755,PHI,23.0,7,5,2,0.714,3.7,0.0,0.0,0.4,0.3,1.2,0.9,0.1,3.2,0.0,0.0,0.3,0.4,4.0,299,237,79,54,79,225,217,18,212,329,283,141,114,180,1,234,83,62,1,"1627788,1610612755",2020-21
150,Players,1629216,Gabe Vincent,1610612748,MIA,24.0,4,0,4,0.0,3.6,0.0,0.0,0.0,0.0,0.5,2.8,0.0,2.0,0.0,0.5,0.5,0.3,1.5,344,405,142,405,99,225,217,150,305,125,443,1,254,180,452,372,181,281,1,"1629216,1610612748",2020-21
151,Players,202066,Garrett Temple,1610612741,CHI,35.0,28,14,14,0.5,3.3,0.0,0.0,0.0,0.3,1.0,0.8,0.6,2.5,0.1,0.0,0.4,0.2,2.1,58,64,383,176,139,225,217,150,212,264,255,313,203,43,1,322,241,207,1,"202066,1610612741",2020-21
152,Players,1629726,Garrison Mathews,1610612764,WAS,24.0,10,5,5,0.5,2.4,0.0,0.0,0.0,0.0,0.7,0.5,0.5,1.8,0.0,0.0,0.4,0.2,1.6,259,237,171,176,266,225,217,150,305,179,151,279,312,180,1,325,222,268,1,"1629726,1610612764",2020-21
153,Players,1629109,Gary Clark,1610612755,PHI,26.0,7,2,5,0.286,1.3,0.0,0.0,0.0,0.0,0.7,0.3,0.0,1.2,0.0,0.0,0.3,0.0,0.3,299,318,171,364,378,225,217,150,305,184,104,1,377,180,1,234,319,399,1,"1629109,1610612755",2020-21
154,Players,203914,Gary Harris,1610612753,ORL,26.0,13,6,7,0.462,5.1,0.2,0.0,0.0,0.5,1.2,0.7,0.6,4.2,0.0,0.1,0.5,0.3,1.6,218,214,238,231,7,155,217,150,159,360,223,331,28,180,348,362,138,275,1,"203914,1610612753",2020-21
155,Players,1629018,Gary Trent Jr.,1610612761,TOR,22.0,29,17,12,0.586,3.2,0.2,0.2,0.0,0.1,1.0,0.8,0.7,2.6,0.0,0.0,0.3,0.2,2.2,46,26,349,109,153,145,118,150,301,268,269,346,196,180,1,257,219,205,1,"1629018,1610612761",2020-21
156,Players,201588,George Hill,1610612755,PHI,35.0,9,5,4,0.556,2.5,0.0,0.2,0.0,0.2,1.1,0.8,0.3,2.5,0.0,0.1,0.3,0.3,1.8,271,237,142,141,263,225,105,150,238,318,254,205,212,180,379,269,121,253,1,"201588,1610612755",2020-21
157,Players,1627777,Georges Niang,1610612762,UTA,27.0,3,1,2,0.333,2.7,0.0,0.0,0.0,0.0,0.3,0.0,0.0,0.7,0.0,0.0,0.3,0.0,1.3,363,351,79,330,226,225,217,150,305,97,1,1,408,180,1,269,319,307,1,"1627777,1610612762",2020-21
158,Players,203507,Giannis Antetokounmpo,1610612749,MIL,26.0,22,12,10,0.545,3.4,0.3,0.2,0.1,1.6,0.7,0.5,0.6,2.3,0.1,0.2,0.4,0.6,4.8,121,93,302,148,131,97,128,120,21,188,151,321,231,51,427,299,56,37,1,"203507,1610612749",2020-21
159,Players,203922,Glenn Robinson III,1610612758,SAC,27.0,2,2,0,1.0,2.9,0.0,0.0,0.0,0.0,2.5,1.0,0.0,4.1,0.0,0.0,0.0,0.0,1.5,386,318,1,1,184,225,217,150,305,447,325,1,34,180,1,1,319,281,1,"203922,1610612758",2020-21
160,Players,1629048,Goga Bitadze,1610612754,IND,21.0,8,4,4,0.5,1.6,0.0,0.0,0.0,0.0,0.3,0.8,0.3,0.3,0.0,0.0,0.5,0.0,0.2,286,259,142,176,363,225,217,150,305,87,243,170,427,180,1,372,319,410,1,"1629048,1610612754",2020-21
161,Players,201609,Goran Dragic,1610612748,MIA,35.0,15,6,9,0.4,2.9,0.0,0.3,0.0,0.1,1.1,1.0,0.0,2.8,0.0,0.0,0.3,0.4,2.0,193,214,289,288,182,225,60,150,279,306,325,1,162,180,1,225,91,222,1,"201609,1610612748",2020-21
162,Players,202330,Gordon Hayward,1610612766,CHA,31.0,20,15,5,0.75,3.1,0.4,0.2,0.5,0.7,0.7,0.5,0.7,1.6,0.1,0.0,0.3,0.8,4.9,137,51,171,39,158,50,151,9,96,163,151,344,332,136,1,244,29,34,1,"202330,1610612766",2020-21
163,Players,203476,Gorgui Dieng,1610612759,SAS,31.0,6,2,4,0.333,2.6,0.0,0.0,0.0,0.3,1.4,0.0,0.3,1.4,0.0,0.0,0.3,0.0,1.9,317,318,142,330,240,225,217,150,193,387,1,205,359,180,1,269,319,238,1,"203476,1610612759",2020-21
164,Players,1629684,Grant Williams,1610612738,BOS,22.0,24,9,15,0.375,1.9,0.0,0.1,0.0,0.0,0.4,0.4,0.5,1.6,0.0,0.0,0.6,0.3,0.9,95,152,401,314,325,225,192,150,305,114,131,272,342,180,1,403,149,357,1,"1629684,1610612738",2020-21
165,Players,1628960,Grayson Allen,1610612763,MEM,25.0,20,10,10,0.5,2.9,0.3,0.1,0.1,0.1,0.7,0.7,0.7,3.2,0.0,0.0,0.2,0.3,1.8,137,137,302,176,186,81,207,113,290,163,226,371,109,180,1,164,143,249,1,"1628960,1610612763",2020-21
166,Players,1628977,Hamidou Diallo,1610612765,DET,22.0,10,1,9,0.1,4.4,0.3,0.5,0.0,0.4,2.3,1.9,1.2,5.1,0.2,0.1,0.7,0.1,2.1,259,351,289,404,28,81,17,150,174,445,433,436,12,26,374,420,287,214,1,"1628977,1610612765",2020-21
167,Players,203084,Harrison Barnes,1610612758,SAC,29.0,34,18,16,0.529,3.6,0.2,0.2,0.0,0.8,1.3,1.4,0.7,4.2,0.0,0.1,0.3,0.4,3.0,15,20,410,165,94,118,133,150,90,382,417,359,32,180,313,267,81,125,1,"203084,1610612758",2020-21
168,Players,202355,Hassan Whiteside,1610612758,SAC,31.0,7,5,2,0.714,1.6,0.0,0.0,0.0,0.0,0.6,0.7,0.0,2.3,0.0,0.0,0.1,0.6,0.4,299,237,79,54,365,225,217,150,305,146,230,1,227,180,1,117,52,392,1,"202355,1610612758",2020-21
169,Players,1629649,Ignas Brazdeikis,1610612753,ORL,22.0,1,1,0,1.0,2.2,0.0,0.0,0.0,2.0,2.0,2.0,2.0,4.1,0.0,0.0,0.0,0.0,5.1,406,351,1,1,291,225,217,150,4,431,434,444,34,180,1,1,319,30,1,"1629649,1610612753",2020-21
170,Players,1630193,Immanuel Quickley,1610612752,NYK,21.0,23,13,10,0.565,2.8,0.1,0.2,0.1,0.5,0.9,0.4,0.2,1.7,0.0,0.0,0.3,0.3,2.7,104,77,302,134,203,174,134,122,139,246,136,149,331,148,290,252,176,144,1,"1630193,1610612752",2020-21
171,Players,1629067,Isaac Bonga,1610612764,WAS,21.0,6,3,3,0.5,0.4,0.0,0.0,0.0,0.0,0.3,0.2,0.3,2.0,0.0,0.0,0.2,0.0,0.2,317,284,109,176,438,225,217,150,305,97,86,205,254,180,1,138,319,407,1,"1629067,1610612764",2020-21
172,Players,1630171,Isaac Okoro,1610612739,CLE,20.0,24,10,14,0.417,4.0,0.0,0.1,0.0,0.4,1.3,1.3,1.2,4.2,0.1,0.1,0.4,0.3,1.4,95,137,383,277,52,224,167,147,171,381,396,434,27,92,390,338,149,302,1,"1630171,1610612739",2020-21
173,Players,1628392,Isaiah Hartenstein,1610612739,CLE,23.0,2,0,2,0.0,1.2,0.0,0.0,0.0,0.0,1.0,1.0,0.0,4.1,0.0,0.0,1.0,0.0,0.0,386,405,79,405,395,225,217,150,305,268,325,1,34,180,1,433,319,414,1,"1628392,1610612739",2020-21
174,Players,1630198,Isaiah Joe,1610612755,PHI,21.0,1,1,0,1.0,8.8,0.0,0.0,0.0,0.0,10.1,8.1,6.1,6.1,2.0,0.0,1.0,1.0,11.3,406,351,1,1,2,225,217,150,305,454,453,454,3,1,1,433,12,2,1,"1630198,1610612755",2020-21
175,Players,1629676,Isaiah Roby,1610612760,OKC,23.0,15,6,9,0.4,1.7,0.0,0.0,0.0,0.1,1.0,0.5,0.1,0.7,0.1,0.1,0.2,0.3,1.2,193,214,289,288,348,225,217,150,279,268,167,138,408,116,327,164,174,323,1,"1629676,1610612760",2020-21
176,Players,1630191,Isaiah Stewart,1610612765,DET,20.0,13,3,10,0.231,2.4,0.2,0.2,0.2,0.8,1.2,1.6,0.6,2.6,0.0,0.0,0.2,0.1,2.8,218,284,302,382,276,155,147,85,88,336,425,331,191,180,1,196,301,137,1,"1630191,1610612765",2020-21
177,Players,202397,Ish Smith,1610612764,WAS,32.0,9,5,4,0.556,2.6,0.0,0.0,0.0,0.2,0.9,0.6,0.6,2.3,0.0,0.0,0.1,0.0,1.6,271,237,142,141,236,225,217,150,238,234,174,308,235,180,1,98,319,277,1,"202397,1610612764",2020-21
178,Players,1627826,Ivica Zubac,1610612746,LAC,24.0,19,10,9,0.526,1.3,0.0,0.2,0.0,0.3,0.7,0.7,0.3,1.2,0.1,0.0,0.1,0.1,1.0,152,137,289,170,382,225,143,150,201,175,222,204,376,131,1,97,285,334,1,"1627826,1610612746",2020-21
179,Players,200755,JJ Redick,1610612742,DAL,36.0,9,4,5,0.444,1.6,0.3,0.2,0.3,0.0,0.9,0.2,0.3,1.8,0.0,0.0,0.1,0.2,1.8,271,259,171,247,353,63,105,26,305,234,94,205,313,180,1,98,201,245,1,"200755,1610612742",2020-21
180,Players,1629630,Ja Morant,1610612763,MEM,21.0,31,15,16,0.484,3.5,0.4,0.2,0.2,1.4,1.2,0.9,0.8,3.9,0.0,0.3,0.2,0.7,4.4,32,51,410,216,120,54,141,83,25,347,293,385,62,180,442,137,45,48,1,"1629630,1610612763",2020-21
181,Players,203960,JaKarr Sampson,1610612754,IND,28.0,3,2,1,0.667,0.9,0.0,0.0,0.0,0.0,0.7,0.3,1.0,0.7,0.0,0.0,0.0,0.0,0.0,363,318,25,67,414,225,217,150,305,166,114,425,408,180,1,1,319,414,1,"203960,1610612754",2020-21
182,Players,203210,JaMychal Green,1610612743,DEN,30.0,9,3,6,0.333,1.6,0.0,0.2,0.0,0.5,0.6,0.0,0.3,0.9,0.1,0.0,0.6,0.2,1.2,271,284,205,330,352,225,105,150,162,145,1,205,400,62,1,398,201,316,1,"203210,1610612743",2020-21
183,Players,203953,Jabari Parker,1610612738,BOS,26.0,3,1,2,0.333,2.2,0.0,0.0,0.0,0.0,0.0,0.7,0.0,1.4,0.0,0.0,0.3,0.0,0.4,363,351,79,330,289,225,217,150,305,1,209,1,359,180,1,269,319,393,1,"203953,1610612738",2020-21
184,Players,1630183,Jaden McDaniels,1610612750,MIN,20.0,22,9,13,0.409,3.2,0.0,0.0,0.0,0.2,1.2,1.2,0.5,2.6,0.1,0.0,0.5,0.1,1.0,121,152,369,285,152,225,217,150,252,327,385,269,197,82,1,372,293,336,1,"1630183,1610612750",2020-21
185,Players,203109,Jae Crowder,1610612756,PHX,30.0,25,14,11,0.56,4.4,0.0,0.2,0.0,0.2,1.1,0.7,0.7,3.5,0.0,0.0,0.4,0.0,2.6,87,64,332,139,30,225,119,150,267,324,236,361,84,180,285,354,319,152,1,"203109,1610612756",2020-21
186,Players,1630256,Jae'Sean Tate,1610612745,HOU,25.0,20,6,14,0.3,2.7,0.1,0.1,0.1,0.3,0.8,0.7,0.2,2.7,0.1,0.0,0.8,0.3,1.8,137,214,383,360,222,195,207,113,210,208,204,154,172,72,1,431,143,254,1,"1630256,1610612745",2020-21
187,Players,1626143,Jahlil Okafor,1610612765,DET,25.0,1,0,1,0.0,1.0,0.0,0.0,0.0,0.0,0.0,0.0,0.0,2.0,0.0,0.0,0.0,0.0,0.0,406,405,25,405,405,225,217,150,305,1,1,1,254,180,1,1,319,414,1,"1626143,1610612765",2020-21
188,Players,1630186,Jahmi'us Ramsey,1610612758,SAC,19.0,1,0,1,0.0,5.0,0.0,0.0,0.0,0.0,0.0,0.0,0.0,6.1,0.0,0.0,1.0,0.0,3.0,406,405,25,405,13,225,217,150,305,1,1,1,3,180,1,433,319,115,1,"1630186,1610612758",2020-21
189,Players,1627774,Jake Layman,1610612750,MIN,27.0,5,1,4,0.2,2.3,0.0,0.0,0.0,0.4,1.0,0.0,0.0,3.2,0.0,0.0,0.2,0.0,0.4,328,351,142,387,281,225,217,150,174,268,1,1,109,180,1,164,319,393,1,"1627774,1610612750",2020-21
190,Players,1627751,Jakob Poeltl,1610612759,SAS,25.0,26,12,14,0.462,3.7,0.0,0.0,0.0,0.5,1.3,0.9,0.4,4.2,0.0,0.0,0.3,0.3,2.3,81,93,383,231,84,225,217,150,137,372,276,220,28,160,1,255,173,192,1,"1627751,1610612759",2020-21
191,Players,1628973,Jalen Brunson,1610612742,DAL,24.0,19,11,8,0.579,2.5,0.1,0.0,0.0,0.6,0.9,0.8,0.9,2.5,0.0,0.1,0.3,0.4,2.0,152,114,264,119,264,193,217,150,115,219,258,416,218,180,304,265,106,227,1,"1628973,1610612742",2020-21
192,Players,1630223,Jalen Harris,1610612761,TOR,22.0,3,0,3,0.0,0.3,0.0,0.0,0.0,0.0,0.0,0.0,0.0,0.7,0.0,0.0,0.0,0.0,0.0,363,405,109,405,441,225,217,150,305,1,1,1,408,180,1,1,319,414,1,"1630223,1610612761",2020-21
193,Players,1629667,Jalen McDaniels,1610612766,CHA,23.0,9,4,5,0.444,2.2,0.2,0.0,0.2,0.2,1.0,1.1,0.0,0.9,0.0,0.0,0.3,0.1,1.3,271,259,171,247,292,111,217,51,238,268,375,1,400,180,1,269,276,312,1,"1629667,1610612766",2020-21
194,Players,1630188,Jalen Smith,1610612756,PHX,21.0,2,1,1,0.5,1.4,0.0,0.0,0.0,0.0,0.0,1.0,0.0,2.0,0.0,0.0,0.0,0.0,0.8,386,351,25,176,375,225,217,150,305,1,325,1,254,180,1,1,319,368,1,"1630188,1610612756",2020-21
195,Players,1627750,Jamal Murray,1610612743,DEN,24.0,19,11,8,0.579,5.1,0.7,0.3,0.4,1.0,0.9,0.9,0.7,4.4,0.1,0.0,0.4,0.5,5.7,152,114,264,119,12,9,91,20,55,219,301,381,24,131,1,343,77,19,1,"1627750,1610612743",2020-21
196,Players,203516,James Ennis III,1610612753,ORL,30.0,13,7,6,0.538,2.5,0.2,0.2,0.0,0.3,1.2,0.9,0.3,2.5,0.0,0.0,0.2,0.4,1.9,218,193,205,157,251,155,147,150,204,360,311,198,209,180,1,130,97,235,1,"203516,1610612753",2020-21
197,Players,201935,James Harden,1610612751,BKN,31.0,23,19,4,0.826,4.1,0.5,0.4,0.2,1.8,1.3,1.3,0.7,4.1,0.0,0.1,0.4,1.2,6.9,104,15,142,28,41,28,57,55,16,385,407,384,33,148,360,292,6,11,1,"201935,1610612751",2020-21
198,Players,201949,James Johnson,1610612740,NOP,34.0,13,6,7,0.462,2.9,0.2,0.0,0.0,0.8,1.0,0.2,0.3,1.9,0.2,0.2,0.2,0.2,3.1,218,214,238,231,185,155,217,150,88,268,84,198,306,22,416,196,198,114,1,"201949,1610612740",2020-21
199,Players,1630164,James Wiseman,1610612744,GSW,20.0,5,1,4,0.2,1.4,0.0,0.0,0.0,0.4,0.4,0.0,0.0,1.6,0.0,0.0,0.4,0.0,0.6,328,351,142,387,376,225,217,150,174,109,1,1,332,180,1,325,319,377,1,"1630164,1610612744",2020-21
200,Players,1628991,Jaren Jackson Jr.,1610612763,MEM,21.0,7,2,5,0.286,1.9,0.0,0.1,0.0,0.6,0.7,0.3,0.0,2.0,0.0,0.0,0.1,0.3,1.8,299,318,171,364,326,225,156,150,128,184,104,1,254,180,1,117,152,245,1,"1628991,1610612763",2020-21
201,Players,1629020,Jarred Vanderbilt,1610612750,MIN,22.0,18,7,11,0.389,1.4,0.3,0.1,0.0,0.3,0.9,0.3,0.5,1.8,0.1,0.0,0.1,0.1,1.4,163,193,332,307,377,63,175,150,193,234,114,264,313,128,1,98,276,297,1,"1629020,1610612750",2020-21
202,Players,1628386,Jarrett Allen,1610612739,CLE,23.0,22,8,14,0.364,3.6,0.0,0.2,0.0,0.6,1.2,1.0,1.2,4.0,0.0,0.1,0.2,0.4,2.6,121,171,383,321,100,225,128,150,132,344,318,435,58,143,362,154,107,156,1,"1628386,1610612739",2020-21
203,Players,1629633,Jarrett Culver,1610612750,MIN,22.0,5,1,4,0.2,0.6,0.0,0.0,0.0,0.0,0.0,0.0,0.6,0.8,0.0,0.0,0.2,0.0,0.2,328,351,142,387,429,225,217,150,305,1,1,323,405,180,1,164,319,405,1,"1629633,1610612750",2020-21
204,Players,1629750,Javonte Green,1610612741,CHI,27.0,7,3,4,0.429,1.3,0.0,0.0,0.0,0.0,1.2,0.3,0.1,1.4,0.0,0.0,0.1,0.0,0.0,299,284,142,265,388,225,217,150,305,329,104,141,354,180,1,117,319,414,1,"1629750,1610612741",2020-21
205,Players,1629637,Jaxson Hayes,1610612740,NOP,21.0,10,4,6,0.4,2.0,0.2,0.4,0.0,0.6,0.6,0.7,0.0,1.6,0.1,0.0,0.3,0.1,1.9,259,259,205,288,318,119,42,150,121,154,226,1,332,72,1,244,287,236,1,"1629637,1610612740",2020-21
206,Players,1630206,Jay Scrubb,1610612746,LAC,20.0,1,0,1,0.0,5.1,0.0,0.0,0.0,0.0,0.0,5.1,0.0,4.1,0.0,0.0,1.0,0.0,5.2,406,405,25,405,8,225,217,150,305,1,449,1,34,180,1,433,319,27,1,"1630206,1610612746",2020-21
207,Players,1627759,Jaylen Brown,1610612738,BOS,24.0,36,14,22,0.389,3.6,0.2,0.1,0.5,0.9,1.0,1.0,1.0,2.7,0.1,0.1,0.4,0.5,2.9,4,64,453,307,91,111,203,9,60,298,316,424,175,128,355,338,67,129,1,"1627759,1610612738",2020-21
208,Players,1629658,Jaylen Hoard,1610612760,OKC,22.0,4,1,3,0.25,1.4,0.0,0.0,0.0,0.0,0.0,1.0,0.5,1.5,0.0,0.0,0.0,0.0,0.0,344,351,109,373,372,225,217,150,305,1,325,279,348,180,1,1,319,414,1,"1629658,1610612760",2020-21
209,Players,1629669,Jaylen Nowell,1610612750,MIN,21.0,8,4,4,0.5,1.3,0.0,0.0,0.0,0.0,0.0,0.6,0.0,0.8,0.0,0.0,0.4,0.0,0.5,286,259,142,176,381,225,217,150,305,1,194,1,407,180,1,307,319,391,1,"1629669,1610612750",2020-21
210,Players,1628369,Jayson Tatum,1610612738,BOS,23.0,38,17,21,0.447,3.5,0.6,0.1,0.1,1.1,0.9,0.7,0.7,2.4,0.1,0.1,0.3,0.7,4.9,2,26,451,246,124,17,165,97,37,247,229,381,222,131,353,241,33,33,1,"1628369,1610612738",2020-21
211,Players,201145,Jeff Green,1610612751,BKN,34.0,32,22,10,0.688,3.3,0.1,0.2,0.1,0.3,1.0,1.5,0.5,3.3,0.0,0.0,0.4,0.3,1.8,22,9,302,62,135,177,146,99,203,268,423,297,106,180,1,307,181,255,1,"201145,1610612751",2020-21
212,Players,201952,Jeff Teague,1610612749,MIL,32.0,9,3,6,0.333,3.1,0.0,0.0,0.5,0.7,0.5,1.6,0.2,2.7,0.1,0.0,0.6,0.0,1.6,271,284,205,330,160,225,217,16,102,119,426,164,175,62,1,398,319,276,1,"201952,1610612749",2020-21
213,Players,203924,Jerami Grant,1610612765,DET,27.0,25,4,21,0.16,4.1,0.2,0.5,0.2,1.5,1.5,1.2,0.9,3.5,0.1,0.2,0.6,0.9,4.6,87,259,451,398,45,153,25,61,24,404,381,409,84,100,435,405,21,41,1,"203924,1610612765",2020-21
214,Players,203087,Jeremy Lamb,1610612754,IND,29.0,9,4,5,0.444,3.5,0.5,0.5,0.2,0.7,0.2,0.9,1.1,2.7,0.0,0.1,0.2,0.2,3.4,271,259,171,247,115,45,30,51,102,83,298,432,175,180,379,190,201,91,1,"203087,1610612754",2020-21
215,Players,1629010,Jerome Robinson,1610612764,WAS,24.0,1,0,1,0.0,2.2,0.0,0.0,0.0,0.0,0.0,0.0,0.0,2.0,0.0,1.0,0.0,0.0,1.2,406,405,25,405,297,225,217,150,305,1,1,1,254,180,453,1,319,317,1,"1629010,1610612764",2020-21
216,Players,1628975,Jevon Carter,1610612756,PHX,25.0,4,2,2,0.5,0.8,0.0,0.0,0.0,0.0,0.0,0.5,0.0,1.0,0.0,0.0,0.3,0.0,1.1,344,318,79,176,420,225,217,150,305,1,151,1,387,180,1,206,319,329,1,"1628975,1610612756",2020-21
217,Players,202710,Jimmy Butler,1610612748,MIA,31.0,26,15,11,0.577,3.5,0.5,0.2,0.4,1.0,0.9,1.2,0.2,3.4,0.0,0.1,0.2,0.9,4.7,81,51,332,123,118,44,147,25,43,222,380,145,99,180,348,161,23,40,1,"202710,1610612748",2020-21
218,Players,203925,Joe Harris,1610612751,BKN,29.0,37,25,12,0.676,3.7,0.2,0.1,0.2,0.3,1.2,1.4,0.7,3.5,0.0,0.1,0.3,0.1,1.8,3,1,349,66,81,115,204,57,199,354,416,379,92,180,307,268,299,242,1,"203925,1610612751",2020-21
219,Players,204060,Joe Ingles,1610612762,UTA,33.0,25,12,13,0.48,2.0,0.0,0.0,0.2,0.1,0.4,0.4,0.2,1.4,0.0,0.0,0.1,0.1,1.3,87,93,369,223,310,225,217,50,298,109,137,147,358,180,1,107,300,309,1,"204060,1610612762",2020-21
220,Players,203954,Joel Embiid,1610612755,PHI,27.0,25,20,5,0.8,3.8,0.7,0.4,0.1,1.0,1.7,1.3,0.9,3.2,0.4,0.1,0.3,1.5,7.1,87,14,171,30,75,10,42,105,53,417,408,419,119,7,389,233,4,8,1,"203954,1610612755",2020-21
221,Players,1628381,John Collins,1610612737,ATL,23.0,29,13,16,0.448,3.1,0.1,0.0,0.2,0.3,1.3,1.0,0.6,3.4,0.1,0.1,0.4,0.5,2.4,46,77,410,244,169,167,217,77,191,366,321,334,98,114,404,313,63,185,1,"1628381,1610612737",2020-21
222,Players,1629723,John Konchar,1610612763,MEM,25.0,3,2,1,0.667,0.7,0.0,0.0,0.0,0.0,0.0,0.7,0.0,1.4,0.0,0.0,0.3,0.0,0.8,363,318,25,67,424,225,217,150,305,1,209,1,359,180,1,269,319,362,1,"1629723,1610612763",2020-21
223,Players,202322,John Wall,1610612745,HOU,30.0,11,3,8,0.273,3.5,0.2,0.2,0.5,0.7,1.0,1.2,0.1,2.6,0.0,0.4,0.2,0.7,2.8,246,284,264,370,105,131,128,14,93,268,385,133,197,180,450,154,35,138,1,"202322,1610612745",2020-21
224,Players,202685,Jonas Valanciunas,1610612763,MEM,29.0,29,13,16,0.448,3.0,0.4,0.5,0.1,0.8,1.0,0.6,0.6,3.4,0.1,0.1,0.3,0.3,2.9,46,77,410,244,175,56,23,135,91,268,193,307,95,50,333,257,119,126,1,"202685,1610612763",2020-21
225,Players,1629007,Jontay Porter,1610612763,MEM,21.0,1,1,0,1.0,4.4,0.0,0.0,0.0,0.0,2.0,2.0,2.0,4.1,0.0,0.0,0.0,0.0,1.2,406,351,1,1,27,225,217,150,305,431,434,444,34,180,1,1,319,317,1,"1629007,1610612763",2020-21
226,Players,1628395,Jordan Bell,1610612744,GSW,26.0,1,1,0,1.0,0.1,0.0,0.0,0.0,0.0,0.0,2.0,0.0,2.0,1.0,0.0,0.0,0.0,3.0,406,351,1,1,447,225,217,150,305,1,434,1,254,2,1,1,319,115,1,"1628395,1610612744",2020-21
227,Players,203903,Jordan Clarkson,1610612762,UTA,29.0,14,6,8,0.429,1.8,0.0,0.2,0.4,0.3,0.6,0.7,0.0,1.7,0.0,0.1,0.1,0.4,1.9,205,214,264,265,335,225,113,18,212,146,230,1,322,180,335,117,112,237,1,"203903,1610612762",2020-21
228,Players,1629162,Jordan McLaughlin,1610612750,MIN,25.0,7,2,5,0.286,0.6,0.0,0.0,0.0,0.3,0.4,0.4,0.4,1.2,0.0,0.0,0.0,0.3,0.9,299,318,171,364,427,225,217,150,212,116,133,258,377,180,1,1,152,349,1,"1629162,1610612750",2020-21
229,Players,1629670,Jordan Nwora,1610612749,MIL,22.0,2,0,2,0.0,2.6,0.0,0.0,0.0,0.0,0.0,0.0,0.0,1.0,0.0,0.0,1.0,0.5,0.9,386,405,79,405,245,225,217,150,305,1,1,1,387,180,1,433,67,360,1,"1629670,1610612749",2020-21
230,Players,1629673,Jordan Poole,1610612744,GSW,21.0,9,4,5,0.444,2.4,0.0,0.0,0.0,0.5,1.6,0.9,0.8,2.5,0.1,0.0,0.2,0.2,2.5,271,259,171,247,269,225,217,150,162,412,298,394,212,62,1,190,201,163,1,"1629673,1610612744",2020-21
231,Players,1630182,Josh Green,1610612742,DAL,20.0,1,0,1,0.0,0.0,0.0,0.0,0.0,0.0,0.0,0.0,0.0,0.0,0.0,0.0,0.0,0.0,0.0,406,405,25,405,450,225,217,150,305,1,1,1,428,180,1,1,319,414,1,"1630182,1610612742",2020-21
232,Players,1630221,Josh Hall,1610612760,OKC,20.0,1,1,0,1.0,5.1,0.0,0.0,0.0,2.0,0.0,4.1,0.0,4.1,0.0,0.0,1.0,1.0,1.0,406,351,1,1,8,225,217,150,4,1,446,1,34,180,1,433,12,336,1,"1630221,1610612760",2020-21
233,Players,1628404,Josh Hart,1610612740,NOP,26.0,23,10,13,0.435,2.5,0.0,0.0,0.2,0.2,1.1,0.9,0.3,2.9,0.0,0.1,0.4,0.3,1.8,104,137,369,261,250,223,210,55,258,313,292,194,154,148,360,292,142,241,1,"1628404,1610612740",2020-21
234,Players,1628367,Josh Jackson,1610612765,DET,24.0,23,5,18,0.217,2.5,0.2,0.1,0.1,0.5,1.0,0.7,0.6,1.9,0.0,0.2,0.5,0.3,2.0,104,237,433,384,262,140,190,122,139,268,205,328,298,180,425,368,176,217,1,"1628367,1610612765",2020-21
235,Players,1629006,Josh Okogie,1610612750,MIN,22.0,17,9,8,0.529,2.5,0.1,0.1,0.0,0.2,0.7,1.3,0.7,2.7,0.0,0.1,0.5,0.1,0.8,175,152,264,165,249,183,171,150,235,182,393,372,171,180,313,365,273,361,1,"1629006,1610612750",2020-21
236,Players,1626196,Josh Richardson,1610612742,DAL,27.0,24,14,10,0.583,2.2,0.1,0.2,0.1,0.4,0.5,1.2,0.5,2.1,0.0,0.0,0.3,0.4,1.5,95,64,302,112,298,205,136,126,171,121,389,300,249,155,1,206,87,285,1,"1626196,1610612742",2020-21
237,Players,201950,Jrue Holiday,1610612749,MIL,30.0,22,12,10,0.545,3.5,0.3,0.3,0.0,1.0,1.3,1.0,0.6,3.0,0.0,0.1,0.2,0.4,3.4,121,93,302,148,103,74,67,150,43,373,318,339,130,143,400,154,107,93,1,"201950,1610612749",2020-21
238,Players,1629308,Juan Toscano-Anderson,1610612744,GSW,28.0,17,7,10,0.412,2.0,0.0,0.0,0.0,0.0,1.0,0.8,0.2,1.8,0.0,0.1,0.2,0.0,0.9,175,193,302,281,316,225,217,150,305,257,252,166,315,180,313,201,319,352,1,"1629308,1610612744",2020-21
239,Players,1627823,Juancho Hernangomez,1610612750,MIN,25.0,12,6,6,0.5,1.6,0.0,0.0,0.0,0.2,0.0,0.3,0.1,1.4,0.1,0.0,0.1,0.3,1.9,235,214,205,176,361,225,217,150,261,1,114,130,359,92,1,92,181,233,1,"1627823,1610612750",2020-21
240,Players,203944,Julius Randle,1610612752,NYK,26.0,35,19,16,0.543,4.5,0.7,0.3,0.1,1.0,1.1,1.1,0.3,3.1,0.1,0.1,0.5,0.9,5.9,9,15,410,155,24,15,69,107,42,312,360,203,123,126,385,371,20,16,1,"203944,1610612752",2020-21
241,Players,203200,Justin Holiday,1610612754,IND,32.0,36,17,19,0.472,4.0,0.1,0.2,0.0,0.1,1.7,1.1,0.9,3.3,0.1,0.0,0.3,0.2,2.3,4,26,441,226,54,205,105,150,304,419,359,418,101,92,265,269,245,197,1,"203200,1610612754",2020-21
242,Players,1628382,Justin Jackson,1610612749,MIL,26.0,7,2,5,0.286,1.8,0.0,0.0,0.0,0.0,0.3,0.6,0.0,2.3,0.0,0.0,0.1,0.0,1.7,299,318,171,364,333,225,217,150,305,92,178,1,227,180,1,117,319,264,1,"1628382,1610612749",2020-21
243,Players,1629713,Justin James,1610612758,SAC,24.0,3,1,2,0.333,3.3,0.7,0.7,0.7,1.4,1.7,0.0,0.7,4.7,0.0,0.3,1.0,0.0,3.0,363,351,79,330,142,13,9,4,27,419,1,349,17,180,446,433,319,121,1,"1629713,1610612758",2020-21
244,Players,1626159,Justise Winslow,1610612763,MEM,25.0,5,2,3,0.4,2.8,0.0,0.0,0.0,0.0,1.8,0.4,0.8,2.4,0.0,0.0,0.2,0.4,1.3,328,318,109,288,206,225,217,150,305,426,127,402,220,180,1,164,91,311,1,"1626159,1610612763",2020-21
245,Players,203994,Jusuf Nurkic,1610612757,POR,26.0,14,8,6,0.571,3.7,0.1,0.4,0.1,1.0,0.5,0.5,0.4,2.9,0.0,0.2,0.8,0.3,4.1,205,171,205,125,86,164,56,132,43,125,151,228,155,180,431,430,152,57,1,"203994,1610612757",2020-21
246,Players,1629752,Juwan Morgan,1610612762,UTA,24.0,1,0,1,0.0,0.9,0.0,0.0,0.0,0.0,0.0,2.0,0.0,6.1,0.0,0.0,0.0,0.0,0.0,406,405,25,405,415,225,217,150,305,1,434,1,3,180,1,1,319,414,1,"1629752,1610612762",2020-21
247,Players,1629644,KZ Okpala,1610612748,MIA,22.0,3,0,3,0.0,0.4,0.0,0.0,0.0,0.0,0.7,0.0,0.0,0.7,0.0,0.0,0.3,0.0,0.0,363,405,109,405,436,225,217,150,305,166,1,1,408,180,1,269,319,414,1,"1629644,1610612748",2020-21
248,Players,1626157,Karl-Anthony Towns,1610612750,MIN,25.0,30,15,15,0.5,3.6,0.5,0.1,0.0,0.5,1.4,1.5,0.6,3.5,0.2,0.0,0.7,0.7,5.0,38,51,401,176,89,27,198,150,138,394,419,312,80,32,270,415,39,32,1,"1626157,1610612750",2020-21
249,Players,202695,Kawhi Leonard,1610612746,LAC,29.0,21,8,13,0.381,2.7,0.2,0.1,0.1,0.7,1.1,1.3,0.5,3.0,0.1,0.0,0.2,0.6,3.6,133,171,369,312,228,127,185,119,102,303,395,294,146,77,300,202,52,86,1,"202695,1610612746",2020-21
250,Players,1628966,Keita Bates-Diop,1610612759,SAS,25.0,2,0,2,0.0,1.6,0.0,1.0,0.0,2.0,1.5,0.0,0.0,1.0,0.0,0.0,0.0,0.0,5.1,386,405,79,405,356,225,5,150,4,407,1,1,387,180,1,1,319,30,1,"1628966,1610612759",2020-21
251,Players,1629103,Kelan Martin,1610612754,IND,25.0,3,1,2,0.333,2.7,0.0,0.0,1.0,0.0,0.7,1.7,0.0,2.7,0.3,0.0,0.0,0.0,3.2,363,351,79,330,233,225,217,2,305,166,429,1,175,9,1,1,319,98,1,"1629103,1610612754",2020-21
252,Players,1629640,Keldon Johnson,1610612759,SAS,21.0,27,13,14,0.481,3.6,0.0,0.2,0.0,0.8,0.9,1.3,0.4,3.5,0.1,0.2,0.6,0.2,2.5,72,77,383,220,97,225,105,150,82,249,398,232,79,62,411,410,201,168,1,"1629640,1610612759",2020-21
253,Players,203482,Kelly Olynyk,1610612745,HOU,30.0,27,13,14,0.481,2.5,0.1,0.2,0.0,0.3,0.7,1.0,0.2,2.1,0.1,0.0,0.4,0.3,2.5,72,77,383,220,253,214,155,150,211,166,325,144,250,107,279,304,121,167,1,"203482,1610612745",2020-21
254,Players,1626162,Kelly Oubre Jr.,1610612744,GSW,25.0,20,10,10,0.5,3.4,0.2,0.2,0.0,1.1,0.9,1.1,0.4,3.0,0.1,0.0,0.2,0.3,2.6,137,137,302,176,128,119,119,150,38,243,357,244,130,136,1,127,181,155,1,"1626162,1610612744",2020-21
255,Players,202689,Kemba Walker,1610612738,BOS,31.0,23,9,14,0.391,3.1,0.1,0.0,0.0,0.2,1.2,0.7,1.1,2.1,0.1,0.1,0.1,0.4,2.6,104,152,383,306,164,202,217,146,258,355,205,431,248,87,398,93,117,158,1,"202689,1610612738",2020-21
256,Players,1629134,Kendrick Nunn,1610612748,MIA,25.0,15,10,5,0.667,2.5,0.2,0.0,0.2,0.1,1.1,1.1,0.2,2.7,0.0,0.0,0.2,0.1,1.5,193,137,171,67,255,119,217,61,279,306,377,154,175,180,1,164,309,289,1,"1629134,1610612748",2020-21
257,Players,1629026,Kenrich Williams,1610612760,OKC,26.0,17,9,8,0.529,2.9,0.1,0.1,0.0,0.5,1.4,0.5,0.4,2.1,0.0,0.1,0.5,0.1,2.1,175,152,264,165,197,183,171,150,154,392,148,226,244,180,313,365,273,212,1,"1629026,1610612760",2020-21
258,Players,203145,Kent Bazemore,1610612744,GSW,31.0,18,8,10,0.444,2.9,0.0,0.2,0.0,0.8,0.9,1.0,0.8,2.7,0.1,0.1,0.5,0.1,2.7,163,171,302,247,195,225,105,150,87,234,325,394,175,62,379,355,276,140,1,"203145,1610612744",2020-21
259,Players,203484,Kentavious Caldwell-Pope,1610612747,LAL,28.0,26,15,11,0.577,4.2,0.3,0.2,0.1,0.2,1.1,0.7,0.3,2.9,0.1,0.0,0.2,0.2,2.5,81,51,332,123,34,100,126,129,268,321,207,198,158,61,1,161,233,171,1,"203484,1610612747",2020-21
260,Players,1630231,Kenyon Martin Jr.,1610612745,HOU,20.0,3,0,3,0.0,1.8,0.3,0.0,0.0,0.0,0.3,0.7,0.7,2.7,0.3,0.0,0.0,0.3,2.2,363,405,109,405,334,63,217,150,305,97,209,349,175,9,1,1,121,203,1,"1630231,1610612745",2020-21
261,Players,201142,Kevin Durant,1610612751,BKN,32.0,18,11,7,0.611,3.9,0.3,0.3,0.2,0.9,1.0,1.5,0.6,4.5,0.2,0.0,0.3,1.1,5.5,163,114,238,96,60,63,86,51,60,259,420,308,20,32,1,231,9,21,1,"201142,1610612751",2020-21
262,Players,1628989,Kevin Huerter,1610612737,ATL,22.0,33,16,17,0.485,2.9,0.2,0.0,0.0,0.1,1.0,0.9,0.7,3.3,0.1,0.0,0.4,0.1,1.8,18,40,425,215,194,131,217,149,303,256,307,370,102,82,1,324,293,250,1,"1628989,1610612737",2020-21
263,Players,1628995,Kevin Knox II,1610612752,NYK,21.0,5,4,1,0.8,0.3,0.0,0.0,0.0,0.0,0.0,0.0,0.0,0.0,0.0,0.0,0.0,0.0,0.0,328,259,25,30,440,225,217,150,305,1,1,1,428,180,1,1,319,414,1,"1628995,1610612752",2020-21
264,Players,201567,Kevin Love,1610612739,CLE,32.0,8,1,7,0.125,4.0,0.0,0.0,0.0,0.0,1.4,1.8,1.1,5.6,0.0,0.1,0.3,0.1,2.6,286,351,238,401,50,225,217,150,305,397,430,433,11,180,390,206,267,157,1,"201567,1610612739",2020-21
265,Players,1629645,Kevin Porter Jr.,1610612745,HOU,21.0,7,2,5,0.286,2.6,0.9,0.3,0.3,0.3,1.2,0.6,0.3,2.6,0.1,0.3,0.4,0.3,3.1,299,318,171,364,247,6,80,38,212,329,178,185,194,43,444,346,152,113,1,"1629645,1610612745",2020-21
266,Players,1626172,Kevon Looney,1610612744,GSW,25.0,13,9,4,0.692,2.1,0.0,0.3,0.0,0.3,0.5,1.4,0.5,1.7,0.0,0.0,0.4,0.0,1.4,218,152,142,60,303,225,71,150,204,139,418,273,327,180,1,317,319,298,1,"1626172,1610612744",2020-21
267,Players,203920,Khem Birch,1610612761,TOR,28.0,14,3,11,0.214,2.8,0.1,0.0,0.0,0.1,0.8,1.0,0.4,3.0,0.0,0.1,0.7,0.1,1.0,205,284,332,385,202,164,217,150,274,205,325,258,130,180,335,412,305,340,1,"203920,1610612761",2020-21
268,Players,203114,Khris Middleton,1610612749,MIL,29.0,24,12,12,0.5,3.7,0.2,0.1,0.1,0.5,1.3,0.8,0.7,3.0,0.0,0.0,0.3,0.5,3.7,95,93,349,176,85,116,192,99,143,367,270,373,149,155,287,206,59,78,1,"203114,1610612749",2020-21
269,Players,1629017,Khyri Thomas,1610612745,HOU,25.0,1,0,1,0.0,1.4,0.0,0.0,0.0,0.0,0.0,0.0,2.0,6.1,0.0,0.0,0.0,2.0,0.0,406,405,25,405,374,225,217,150,305,1,1,444,3,180,1,1,1,414,1,"1629017,1610612745",2020-21
270,Players,1630165,Killian Hayes,1610612765,DET,19.0,10,3,7,0.3,2.6,0.1,0.0,0.0,0.2,1.5,1.3,0.4,3.2,0.0,0.0,0.3,0.2,1.6,259,284,238,360,246,195,217,150,248,407,405,244,109,180,1,244,222,269,1,"1630165,1610612765",2020-21
271,Players,1629681,Killian Tillie,1610612763,MEM,23.0,1,1,0,1.0,5.0,0.0,0.0,0.0,0.0,2.0,2.0,2.0,6.1,0.0,0.0,0.0,1.0,6.8,406,351,1,1,13,225,217,150,305,431,434,444,3,180,1,1,12,12,1,"1629681,1610612763",2020-21
272,Players,1630184,Kira Lewis Jr.,1610612740,NOP,20.0,7,3,4,0.429,2.1,0.0,0.4,0.0,0.0,1.2,0.9,0.3,2.3,0.0,0.0,0.3,0.0,1.1,299,284,142,265,304,225,34,150,305,329,283,185,227,180,1,234,319,325,1,"1630184,1610612740",2020-21
273,Players,1628961,Kostas Antetokounmpo,1610612747,LAL,23.0,1,0,1,0.0,0.5,0.0,0.0,0.0,0.0,0.0,0.0,0.0,4.1,0.0,0.0,0.0,0.0,0.0,406,405,25,405,432,225,217,150,305,1,1,1,34,180,1,1,319,414,1,"1628961,1610612747",2020-21
274,Players,204001,Kristaps Porzingis,1610612742,DAL,25.0,17,9,8,0.529,2.4,0.2,0.2,0.0,0.5,0.7,1.3,0.8,2.1,0.1,0.0,0.5,0.2,1.9,175,152,264,165,267,138,100,150,154,182,404,406,244,58,1,391,196,234,1,"204001,1610612742",2020-21
275,Players,203937,Kyle Anderson,1610612763,MEM,27.0,36,17,19,0.472,3.2,0.2,0.1,0.1,0.2,1.3,0.7,0.8,3.4,0.0,0.1,0.3,0.2,2.4,4,26,441,226,156,111,175,144,261,376,224,386,94,178,355,231,201,175,1,"203937,1610612763",2020-21
276,Players,1629657,Kyle Guy,1610612758,SAC,23.0,2,2,0,1.0,0.0,0.0,0.0,0.0,0.0,0.0,0.0,0.0,0.0,0.0,0.0,0.0,0.0,0.0,386,318,1,1,448,225,217,150,305,1,1,1,428,180,1,1,319,414,1,"1629657,1610612758",2020-21
277,Players,1628398,Kyle Kuzma,1610612747,LAL,25.0,23,13,10,0.565,3.7,0.2,0.3,0.3,0.8,1.1,0.6,0.4,2.7,0.0,0.0,0.4,0.2,3.2,104,77,302,134,83,140,75,44,86,313,177,221,174,148,1,320,242,105,1,"1628398,1610612747",2020-21
278,Players,200768,Kyle Lowry,1610612761,TOR,35.0,23,4,19,0.174,2.9,0.5,0.0,0.4,0.7,1.2,0.7,0.3,1.6,0.0,0.0,0.3,0.5,3.1,104,259,441,395,187,28,217,21,97,342,242,194,345,180,290,252,76,110,1,"200768,1610612761",2020-21
279,Players,202681,Kyrie Irving,1610612751,BKN,29.0,29,19,10,0.655,3.5,0.5,0.2,0.3,1.0,1.1,1.2,0.8,3.5,0.1,0.0,0.3,0.7,5.2,46,15,302,83,112,40,98,34,40,317,383,392,82,69,271,257,37,25,1,"202681,1610612751",2020-21
280,Players,200746,LaMarcus Aldridge,1610612751,BKN,35.0,11,6,5,0.545,3.5,0.0,0.4,0.0,0.2,0.7,1.1,0.2,1.8,0.0,0.1,0.4,0.4,2.4,246,214,171,148,106,225,55,150,252,188,366,150,311,180,362,299,107,178,1,"200746,1610612751",2020-21
281,Players,1630163,LaMelo Ball,1610612766,CHA,19.0,18,12,6,0.667,2.4,0.2,0.0,0.2,0.7,0.5,0.5,0.5,1.9,0.0,0.0,0.5,0.3,3.1,163,93,205,67,273,147,217,78,102,125,139,279,303,180,1,372,166,109,1,"1630163,1610612766",2020-21
282,Players,1630205,Lamar Stevens,1610612739,CLE,23.0,6,4,2,0.667,0.6,0.0,0.0,0.0,0.3,0.3,0.7,0.0,2.4,0.0,0.0,0.2,0.2,1.1,317,259,79,67,426,225,217,150,193,97,209,1,224,180,1,138,245,325,1,"1630205,1610612739",2020-21
283,Players,1629013,Landry Shamet,1610612751,BKN,24.0,18,10,8,0.556,1.6,0.3,0.2,0.2,0.1,0.1,0.7,0.5,0.9,0.0,0.0,0.2,0.2,1.1,163,137,264,141,362,63,136,78,287,77,209,264,400,180,1,138,201,331,1,"1629013,1610612751",2020-21
284,Players,204038,Langston Galloway,1610612756,PHX,29.0,1,1,0,1.0,2.8,0.0,0.0,0.0,0.0,0.0,2.0,0.0,4.1,0.0,0.0,0.0,0.0,0.0,406,351,1,1,210,225,217,150,305,1,434,1,34,180,1,1,319,414,1,"204038,1610612756",2020-21
285,Players,1626204,Larry Nance Jr.,1610612739,CLE,28.0,13,8,5,0.615,3.3,0.0,0.3,0.0,0.3,0.9,0.8,0.7,2.2,0.0,0.0,0.2,0.2,2.0,218,171,171,94,145,225,71,150,204,222,253,368,240,180,1,196,198,218,1,"1626204,1610612739",2020-21
286,Players,1628374,Lauri Markkanen,1610612741,CHI,24.0,15,6,9,0.4,2.2,0.0,0.0,0.0,0.1,1.0,0.5,0.6,2.0,0.1,0.0,0.3,0.0,1.8,193,214,289,288,293,225,217,150,279,268,167,323,254,116,1,269,319,245,1,"1628374,1610612741",2020-21
287,Players,2544,LeBron James,1610612747,LAL,36.0,19,13,6,0.684,4.8,0.6,0.4,0.5,1.8,1.6,1.1,0.5,4.1,0.1,0.2,0.4,0.4,7.0,152,77,205,64,19,17,53,13,14,416,373,295,34,68,420,343,86,9,1,"2544,1610612747",2020-21
288,Players,1629022,Lonnie Walker IV,1610612759,SAS,22.0,20,8,12,0.4,3.0,0.3,0.0,0.0,0.6,1.3,0.6,0.1,2.4,0.1,0.1,0.1,0.1,1.6,137,171,349,288,172,81,217,150,121,383,187,134,220,72,301,87,287,278,1,"1629022,1610612759",2020-21
289,Players,1628366,Lonzo Ball,1610612740,NOP,23.0,28,11,17,0.393,4.1,0.3,0.1,0.2,0.4,1.3,0.8,0.7,3.8,0.0,0.1,0.5,0.3,3.2,58,114,425,303,42,101,181,58,187,386,255,342,69,180,378,364,181,103,1,"1628366,1610612740",2020-21
290,Players,101150,Lou Williams,1610612737,ATL,34.0,18,8,10,0.444,1.8,0.3,0.0,0.1,0.5,0.5,0.5,0.0,1.4,0.0,0.1,0.2,0.3,2.1,163,171,302,247,341,94,217,108,162,125,139,1,359,180,308,138,166,208,1,"101150,1610612737",2020-21
291,Players,1629663,Louis King,1610612758,SAC,22.0,1,0,1,0.0,5.0,0.0,0.0,0.0,2.0,0.0,0.0,0.0,6.1,0.0,0.0,1.0,0.0,8.1,406,405,25,405,13,225,217,150,4,1,1,1,3,180,1,433,319,5,1,"1629663,1610612758",2020-21
292,Players,1629652,Luguentz Dort,1610612760,OKC,22.0,24,13,11,0.542,3.8,0.5,0.2,0.3,0.5,1.9,0.9,0.7,3.0,0.0,0.0,0.5,0.5,2.5,95,77,332,156,74,26,136,46,143,430,309,373,130,155,287,361,59,169,1,"1629652,1610612760",2020-21
293,Players,1629029,Luka Doncic,1610612742,DAL,22.0,29,17,12,0.586,3.1,0.1,0.2,0.0,1.3,0.9,1.1,0.9,2.5,0.0,0.0,0.2,0.6,5.1,46,26,349,109,163,167,98,150,32,242,372,420,206,167,271,183,51,29,1,"1629029,1610612742",2020-21
294,Players,1628379,Luke Kennard,1610612746,LAC,24.0,16,8,8,0.5,1.3,0.0,0.1,0.0,0.1,0.4,0.6,0.1,1.1,0.1,0.0,0.3,0.0,1.1,187,171,264,176,386,225,167,150,286,118,175,136,381,119,1,260,319,329,1,"1628379,1610612746",2020-21
295,Players,1628436,Luke Kornet,1610612738,BOS,25.0,5,2,3,0.4,1.2,0.0,0.0,0.0,0.0,0.0,0.0,0.4,0.4,0.0,0.0,0.0,0.0,0.0,328,318,109,288,397,225,217,150,305,1,1,244,423,180,1,1,319,414,1,"1628436,1610612738",2020-21
296,Players,1630201,Malachi Flynn,1610612761,TOR,23.0,8,3,5,0.375,2.7,0.3,0.0,0.4,0.5,0.5,0.3,0.0,1.3,0.0,0.0,0.1,0.3,2.3,286,284,171,314,223,101,217,23,143,125,97,1,372,180,1,108,181,193,1,"1630201,1610612761",2020-21
297,Players,1627763,Malcolm Brogdon,1610612754,IND,28.0,31,15,16,0.484,4.1,0.3,0.1,0.1,0.8,1.7,0.9,1.1,3.8,0.0,0.2,0.5,0.5,4.2,32,51,410,216,47,73,166,118,75,418,305,430,67,171,429,388,79,53,1,"1627763,1610612754",2020-21
298,Players,1627736,Malik Beasley,1610612750,MIN,24.0,21,7,14,0.333,3.9,0.1,0.5,0.0,0.5,1.6,0.8,0.8,4.6,0.1,0.1,0.4,0.0,2.2,133,193,383,330,56,198,26,150,153,415,263,393,18,77,371,346,316,206,1,"1627736,1610612750",2020-21
299,Players,1628370,Malik Monk,1610612766,CHA,23.0,9,7,2,0.778,1.7,0.0,0.0,0.0,0.2,0.0,0.0,0.3,1.4,0.0,0.2,0.0,0.2,0.9,271,193,79,35,349,225,217,150,238,1,1,205,359,180,433,1,201,359,1,"1628370,1610612766",2020-21
300,Players,1629603,Mamadi Diakite,1610612749,MIL,24.0,2,0,2,0.0,1.5,1.0,0.0,1.0,1.0,0.0,0.0,0.0,1.0,0.0,0.0,0.5,0.0,2.2,386,405,79,405,367,3,217,2,43,1,1,1,387,180,1,372,319,199,1,"1629603,1610612749",2020-21
301,Players,201188,Marc Gasol,1610612747,LAL,36.0,6,3,3,0.5,2.7,0.0,0.0,0.0,0.0,0.8,0.2,0.0,1.7,0.0,0.0,0.7,0.2,0.7,317,284,109,176,234,225,217,150,305,216,86,1,328,180,1,415,245,374,1,"201188,1610612747",2020-21
302,Players,202694,Marcus Morris Sr.,1610612746,LAC,31.0,20,11,9,0.55,2.5,0.2,0.0,0.0,0.0,1.0,0.9,0.4,2.3,0.0,0.0,0.4,0.2,1.4,137,114,289,146,261,162,217,150,305,268,303,244,226,180,1,295,222,303,1,"202694,1610612746",2020-21
303,Players,203935,Marcus Smart,1610612738,BOS,27.0,27,11,16,0.407,3.6,0.4,0.4,0.2,0.5,0.9,1.0,0.8,2.6,0.0,0.1,0.5,0.4,3.2,72,114,410,286,98,58,40,70,141,249,325,394,201,161,347,355,105,102,1,"203935,1610612738",2020-21
304,Players,1628365,Markelle Fultz,1610612753,ORL,23.0,5,4,1,0.8,2.4,0.6,0.0,0.0,1.6,1.0,1.0,0.0,3.2,0.0,0.0,0.2,0.4,5.1,328,259,25,30,270,20,217,150,17,268,325,1,109,180,1,164,91,28,1,"1628365,1610612753",2020-21
305,Players,202693,Markieff Morris,1610612747,LAL,31.0,12,7,5,0.583,2.5,0.3,0.3,0.3,0.0,0.3,0.2,0.5,2.0,0.1,0.0,0.3,0.0,2.0,235,193,171,112,259,101,93,46,305,97,86,279,254,92,1,206,319,225,1,"202693,1610612747",2020-21
306,Players,1630210,Markus Howard,1610612743,DEN,22.0,1,0,1,0.0,0.0,0.0,0.0,0.0,0.0,0.0,0.0,0.0,0.0,0.0,0.0,1.0,0.0,0.0,406,405,25,405,449,225,217,150,305,1,1,1,428,180,1,433,319,414,1,"1630210,1610612743",2020-21
307,Players,1628963,Marvin Bagley III,1610612758,SAC,22.0,9,5,4,0.556,1.2,0.0,0.0,0.0,0.0,0.2,1.0,0.0,0.9,0.0,0.0,0.2,0.3,0.5,271,237,142,141,389,225,217,150,305,83,325,1,400,180,1,190,121,389,1,"1628963,1610612758",2020-21
308,Players,1630222,Mason Jones,1610612755,PHI,22.0,1,0,1,0.0,0.9,0.0,0.0,0.0,0.0,0.0,0.0,0.0,0.0,0.0,0.0,0.0,0.0,-1.0,406,405,25,405,410,225,217,150,305,1,1,1,428,180,1,1,319,454,1,"1630222,1610612755",2020-21
309,Players,203486,Mason Plumlee,1610612765,DET,31.0,23,3,20,0.13,3.7,0.1,0.3,0.0,0.7,1.1,0.8,0.6,2.8,0.1,0.0,0.7,0.8,3.7,104,284,449,400,82,174,75,150,97,302,267,328,166,87,290,425,27,76,1,"203486,1610612765",2020-21
310,Players,1629680,Matisse Thybulle,1610612755,PHI,24.0,23,17,6,0.739,1.1,0.0,0.0,0.0,0.2,0.4,0.3,0.4,1.1,0.1,0.0,0.2,0.0,1.0,104,26,205,47,402,225,217,150,258,108,112,221,385,87,1,189,317,346,1,"1629680,1610612755",2020-21
311,Players,1629744,Matt Thomas,1610612762,UTA,26.0,1,0,1,0.0,0.2,0.0,0.0,0.0,0.0,0.0,0.0,0.0,0.0,0.0,0.0,0.0,0.0,0.0,406,405,25,405,444,225,217,150,305,1,1,1,428,180,1,1,319,414,1,"1629744,1610612762",2020-21
312,Players,203521,Matthew Dellavedova,1610612739,CLE,30.0,1,0,1,0.0,4.2,0.0,0.0,0.0,0.0,0.0,2.0,0.0,8.1,0.0,0.0,0.0,0.0,2.7,406,405,25,405,37,225,217,150,305,1,434,1,1,180,1,1,319,140,1,"203521,1610612739",2020-21
313,Players,203090,Maurice Harkless,1610612758,SAC,28.0,12,6,6,0.5,1.8,0.2,0.0,0.2,0.2,1.2,0.7,0.0,2.9,0.1,0.0,0.2,0.0,1.4,235,214,205,176,339,147,217,78,261,338,209,1,159,92,1,138,319,299,1,"203090,1610612758",2020-21
314,Players,1629622,Max Strus,1610612748,MIA,25.0,5,3,2,0.6,1.3,0.2,0.0,0.0,0.4,1.4,0.2,0.4,1.6,0.0,0.0,0.2,0.2,0.6,328,284,79,99,385,119,217,150,174,400,92,244,332,180,1,164,222,380,1,"1629622,1610612748",2020-21
315,Players,1628467,Maxi Kleber,1610612742,DAL,29.0,19,11,8,0.579,2.4,0.1,0.0,0.0,0.0,0.7,1.3,0.6,2.1,0.1,0.0,0.5,0.1,2.3,152,114,264,119,268,193,217,150,305,175,399,318,246,131,1,390,285,195,1,"1628467,1610612742",2020-21
316,Players,203487,Michael Carter-Williams,1610612753,ORL,29.0,11,4,7,0.364,2.6,0.3,0.3,0.5,0.6,0.6,1.0,0.5,2.0,0.0,0.0,0.6,0.6,3.1,246,259,238,321,239,97,88,14,132,159,325,269,254,180,1,411,46,111,1,"203487,1610612753",2020-21
317,Players,1629008,Michael Porter Jr.,1610612743,DEN,22.0,25,16,9,0.64,4.2,0.4,0.3,0.2,1.0,1.0,0.8,0.6,3.6,0.1,0.0,0.2,0.2,3.1,87,40,289,87,39,50,65,61,53,268,251,323,77,100,1,164,252,111,1,"1629008,1610612743",2020-21
318,Players,1628969,Mikal Bridges,1610612756,PHX,24.0,36,24,12,0.667,4.0,0.3,0.3,0.6,0.7,1.0,0.9,0.5,3.1,0.1,0.0,0.2,0.3,3.6,4,2,349,67,53,94,74,5,102,259,289,275,129,92,265,190,166,85,1,"1628969,1610612756",2020-21
319,Players,201144,Mike Conley,1610612762,UTA,33.0,22,12,10,0.545,2.8,0.3,0.4,0.1,0.8,0.7,0.6,0.2,1.8,0.0,0.0,0.3,0.5,3.5,121,93,302,148,217,74,39,92,81,174,198,150,320,180,1,228,67,89,1,"201144,1610612762",2020-21
320,Players,1628455,Mike James,1610612751,BKN,30.0,1,1,0,1.0,0.4,0.0,0.0,0.0,0.0,0.0,0.0,0.0,0.0,0.0,0.0,0.0,0.0,2.0,406,351,1,1,439,225,217,150,305,1,1,1,428,180,1,1,319,218,1,"1628455,1610612751",2020-21
321,Players,203488,Mike Muscala,1610612760,OKC,29.0,3,1,2,0.333,2.6,0.0,0.0,0.0,0.0,2.7,0.0,0.7,2.0,0.0,0.3,0.0,0.3,2.8,363,351,79,330,243,225,217,150,305,449,1,349,254,180,446,1,121,134,1,"203488,1610612760",2020-21
322,Players,203118,Mike Scott,1610612755,PHI,32.0,4,3,1,0.75,4.4,0.0,0.0,0.0,0.0,2.5,2.0,1.5,2.0,0.0,0.3,0.3,0.0,1.4,344,284,25,39,29,225,217,150,305,447,434,440,254,180,437,206,319,301,1,"203118,1610612755",2020-21
323,Players,1628970,Miles Bridges,1610612766,CHA,23.0,28,17,11,0.607,2.3,0.1,0.1,0.1,0.3,0.7,0.4,0.4,1.6,0.0,0.0,0.3,0.1,1.2,58,26,332,97,283,192,156,110,212,173,123,243,344,180,1,234,305,315,1,"1628970,1610612766",2020-21
324,Players,1629011,Mitchell Robinson,1610612752,NYK,23.0,11,5,6,0.455,3.3,0.0,0.0,0.0,0.7,0.6,0.3,0.2,1.5,0.3,0.1,0.6,0.3,3.6,246,237,205,238,137,225,217,150,93,142,102,150,353,13,362,394,170,82,1,"1629011,1610612752",2020-21
325,Players,1628964,Mo Bamba,1610612753,ORL,23.0,3,1,2,0.333,1.0,0.0,0.0,0.0,0.7,1.4,1.4,0.7,2.7,0.0,0.0,0.0,0.0,1.2,363,351,79,330,407,225,217,150,102,387,409,349,175,180,1,1,319,321,1,"1628964,1610612753",2020-21
326,Players,1628420,Monte Morris,1610612743,DEN,25.0,14,8,6,0.571,4.3,0.0,0.0,0.2,0.4,0.9,1.2,0.7,4.2,0.0,0.0,0.2,0.3,2.2,205,171,205,125,31,225,217,58,168,225,390,376,30,180,1,187,152,202,1,"1628420,1610612743",2020-21
327,Players,1626149,Montrezl Harrell,1610612747,LAL,27.0,18,13,5,0.722,2.9,0.3,0.1,0.1,1.0,0.9,0.7,0.3,2.5,0.0,0.0,0.1,0.4,2.4,163,77,171,52,199,63,175,108,43,234,237,205,212,180,1,98,95,186,1,"1626149,1610612747",2020-21
328,Players,1629021,Moritz Wagner,1610612753,ORL,24.0,4,3,1,0.75,2.3,0.8,0.0,0.0,0.0,1.0,1.0,0.5,2.0,0.0,0.0,0.3,0.0,1.9,344,284,25,39,284,7,217,150,305,268,325,279,254,180,1,206,319,238,1,"1629021,1610612753",2020-21
329,Players,1629650,Moses Brown,1610612760,OKC,21.0,7,3,4,0.429,2.4,0.0,0.9,0.0,0.9,0.6,0.9,0.9,2.3,0.0,0.0,0.1,0.1,2.6,299,284,142,265,277,225,8,150,68,146,283,411,227,180,1,117,258,153,1,"1629650,1610612760",2020-21
330,Players,1628539,Mychal Mulder,1610612744,GSW,26.0,6,3,3,0.5,1.4,0.0,0.0,0.0,0.0,0.8,0.7,0.3,2.0,0.0,0.0,0.2,0.0,0.0,317,284,109,176,373,225,217,150,305,216,209,205,254,180,1,138,319,412,1,"1628539,1610612744",2020-21
331,Players,1626167,Myles Turner,1610612754,IND,25.0,28,12,16,0.429,3.6,0.3,0.1,0.0,0.7,1.7,0.8,0.9,3.5,0.3,0.0,0.5,0.2,3.5,58,93,410,265,96,88,156,150,95,422,266,411,86,11,275,392,211,87,1,"1626167,1610612754",2020-21
332,Players,1630230,Naji Marshall,1610612740,NOP,23.0,13,5,8,0.385,2.5,0.2,0.0,0.2,0.3,0.7,0.5,0.3,2.0,0.0,0.0,0.3,0.2,1.8,218,237,264,309,256,155,217,85,204,178,170,198,254,180,1,255,198,252,1,"1630230,1610612740",2020-21
333,Players,1629642,Nassir Little,1610612757,POR,21.0,3,0,3,0.0,1.2,0.0,0.0,0.0,0.0,0.0,0.0,0.7,2.0,0.0,0.0,0.3,0.0,0.4,363,405,109,405,393,225,217,150,305,1,1,349,254,180,1,269,319,393,1,"1629642,1610612757",2020-21
334,Players,1629675,Naz Reid,1610612750,MIN,21.0,18,10,8,0.556,2.2,0.1,0.5,0.0,1.1,0.9,0.9,0.5,3.0,0.1,0.1,0.1,0.2,2.5,163,137,264,141,299,189,30,150,35,234,298,279,130,128,308,98,245,172,1,"1629675,1610612750",2020-21
335,Players,202357,Nemanja Bjelica,1610612748,MIA,33.0,8,6,2,0.75,1.0,0.0,0.0,0.0,0.3,0.0,0.0,0.0,0.5,0.0,0.0,0.1,0.3,1.0,286,214,79,39,409,225,217,150,225,1,1,1,418,180,1,108,181,333,1,"202357,1610612748",2020-21
336,Players,203457,Nerlens Noel,1610612752,NYK,27.0,17,10,7,0.588,4.8,0.2,0.2,0.0,0.4,1.0,1.3,0.4,3.9,0.2,0.1,0.7,0.4,2.6,175,137,238,108,20,107,100,150,188,268,393,254,60,21,313,413,115,150,1,"203457,1610612752",2020-21
337,Players,1629638,Nickeil Alexander-Walker,1610612740,NOP,22.0,13,5,8,0.385,3.0,0.2,0.2,0.4,0.5,1.2,1.0,0.4,3.1,0.1,0.4,0.6,0.4,4.1,218,237,264,309,174,108,147,22,159,360,325,237,124,102,451,408,97,59,1,"1629638,1610612740",2020-21
338,Players,1630185,Nico Mannion,1610612744,GSW,20.0,1,1,0,1.0,3.2,0.0,0.0,0.0,0.0,3.0,0.0,2.0,2.0,0.0,0.0,0.0,0.0,4.0,406,351,1,1,151,225,217,150,305,450,1,444,254,180,1,1,319,69,1,"1630185,1610612744",2020-21
339,Players,201587,Nicolas Batum,1610612746,LAC,32.0,30,14,16,0.467,2.2,0.1,0.1,0.0,0.0,1.0,0.9,0.5,2.4,0.0,0.0,0.4,0.1,1.5,38,64,410,230,301,220,164,150,305,268,314,274,224,180,1,351,287,287,1,"201587,1610612746",2020-21
340,Players,1629651,Nicolas Claxton,1610612751,BKN,22.0,7,6,1,0.857,2.6,0.0,0.0,0.0,0.9,0.7,0.9,0.3,2.0,0.0,0.0,0.3,0.3,2.1,299,214,25,26,237,225,217,150,68,184,283,185,254,180,1,234,152,213,1,"1629651,1610612751",2020-21
341,Players,1629740,Nicolo Melli,1610612742,DAL,30.0,1,1,0,1.0,10.3,0.0,0.0,0.0,0.0,0.0,5.1,0.0,8.1,0.0,0.0,2.0,1.0,10.3,406,351,1,1,1,225,217,150,305,1,449,1,1,180,1,450,12,3,1,"1629740,1610612742",2020-21
342,Players,203999,Nikola Jokic,1610612743,DEN,26.0,31,18,13,0.581,4.7,0.7,0.4,0.0,2.2,1.4,0.9,0.9,4.2,0.1,0.3,0.6,1.2,7.9,32,20,369,118,21,16,49,150,3,393,305,421,31,56,445,402,7,6,1,"203999,1610612743",2020-21
343,Players,202696,Nikola Vucevic,1610612741,CHI,30.0,28,11,17,0.393,3.1,0.1,0.2,0.0,0.8,1.3,0.6,0.7,2.9,0.0,0.0,0.4,0.3,3.6,58,114,425,303,170,216,113,150,85,378,178,342,155,180,1,322,152,83,1,"202696,1610612741",2020-21
344,Players,1626181,Norman Powell,1610612757,POR,28.0,30,11,19,0.367,2.8,0.4,0.2,0.1,0.6,0.9,0.1,0.4,2.5,0.0,0.1,0.3,0.2,2.0,38,114,441,320,204,59,136,139,121,243,83,244,208,180,327,225,245,216,1,"1626181,1610612757",2020-21
345,Players,1628384,OG Anunoby,1610612761,TOR,23.0,23,8,15,0.348,2.8,0.1,0.0,0.0,0.1,0.9,0.6,0.3,1.2,0.0,0.0,0.4,0.2,1.6,104,171,401,329,207,202,210,150,296,230,189,194,374,148,1,353,209,279,1,"1628384,1610612761",2020-21
346,Players,1629052,Oshae Brissett,1610612754,IND,22.0,4,3,1,0.75,2.7,0.0,0.0,0.0,0.5,0.8,1.0,0.0,1.0,0.0,0.0,0.0,0.0,1.7,344,284,25,39,224,225,217,150,143,193,325,1,387,180,1,1,319,258,1,"1629052,1610612754",2020-21
347,Players,203490,Otto Porter Jr.,1610612753,ORL,28.0,11,5,6,0.455,3.4,0.2,0.5,0.2,0.6,1.8,1.1,0.4,2.0,0.1,0.0,0.0,0.3,3.8,246,237,205,238,132,131,27,71,132,424,366,229,254,82,1,1,170,73,1,"203490,1610612753",2020-21
348,Players,200782,P.J. Tucker,1610612749,MIL,36.0,14,7,7,0.5,3.6,0.3,0.3,0.0,0.1,1.0,1.2,0.5,3.5,0.1,0.0,0.5,0.4,2.9,205,193,238,176,90,88,80,150,274,268,378,279,86,43,1,372,112,130,1,"200782,1610612749",2020-21
349,Players,1629023,P.J. Washington,1610612766,CHA,22.0,20,11,9,0.55,3.0,0.1,0.2,0.1,0.1,0.6,0.9,0.2,1.7,0.2,0.0,0.5,0.3,2.3,137,114,289,146,180,195,151,113,290,144,280,154,326,42,1,372,181,189,1,"1629023,1610612766",2020-21
350,Players,1628408,PJ Dozier,1610612743,DEN,24.0,16,11,5,0.688,2.2,0.0,0.1,0.0,0.3,1.0,0.3,0.3,2.3,0.0,0.1,0.3,0.2,1.0,187,114,171,62,296,225,167,150,225,268,97,170,234,180,321,206,235,347,1,"1628408,1610612743",2020-21
351,Players,1627783,Pascal Siakam,1610612761,TOR,27.0,29,9,20,0.31,3.2,0.1,0.1,0.1,0.8,0.7,0.9,0.2,1.9,0.1,0.2,0.7,0.5,3.3,46,152,449,355,150,217,182,135,78,177,290,159,305,69,436,419,63,95,1,"1627783,1610612761",2020-21
352,Players,1626192,Pat Connaughton,1610612749,MIL,28.0,21,9,12,0.429,2.9,0.1,0.1,0.1,0.1,0.8,0.6,0.6,2.5,0.0,0.0,0.0,0.2,2.5,133,152,349,265,196,164,156,90,294,200,192,313,207,141,1,1,234,173,1,"1626192,1610612749",2020-21
353,Players,201976,Patrick Beverley,1610612746,LAC,32.0,12,5,7,0.417,2.0,0.0,0.0,0.0,0.0,0.7,1.4,0.0,2.5,0.0,0.0,0.6,0.3,1.3,235,237,238,277,308,225,217,150,305,166,409,1,203,180,1,403,121,310,1,"201976,1610612746",2020-21
354,Players,202335,Patrick Patterson,1610612746,LAC,32.0,2,0,2,0.0,3.4,0.0,1.0,0.0,2.0,2.0,4.6,0.0,2.0,0.5,0.0,0.0,0.0,3.6,386,405,79,405,127,225,5,150,4,431,448,1,254,5,1,1,319,79,1,"202335,1610612746",2020-21
355,Players,1630172,Patrick Williams,1610612741,CHI,19.0,28,11,17,0.393,1.9,0.0,0.0,0.1,0.1,0.7,0.4,0.5,2.0,0.1,0.0,0.4,0.1,1.1,58,114,425,303,322,225,217,132,274,184,123,279,297,110,1,296,284,327,1,"1630172,1610612741",2020-21
356,Players,201988,Patty Mills,1610612759,SAS,32.0,30,13,17,0.433,3.5,0.0,0.0,0.0,0.3,0.9,0.8,0.3,2.8,0.0,0.1,0.1,0.3,1.7,38,77,425,264,121,225,217,150,193,229,270,178,169,180,374,113,143,262,1,"201988,1610612759",2020-21
357,Players,202331,Paul George,1610612746,LAC,31.0,23,12,11,0.522,2.3,0.1,0.2,0.1,0.4,0.7,1.0,0.4,1.9,0.1,0.0,0.4,0.4,2.8,104,93,332,172,278,174,112,122,167,191,325,221,298,87,290,292,82,133,1,"202331,1610612746",2020-21
358,Players,200794,Paul Millsap,1610612743,DEN,36.0,8,3,5,0.375,3.9,0.0,0.0,0.0,0.3,1.8,0.9,2.0,4.8,0.0,0.1,0.4,0.1,2.4,286,284,171,314,55,225,217,150,225,425,294,444,16,180,390,307,267,183,1,"200794,1610612743",2020-21
359,Players,1628778,Paul Watson,1610612761,TOR,26.0,1,0,1,0.0,0.7,0.0,0.0,0.0,0.0,0.0,0.0,0.0,0.0,0.0,0.0,1.0,0.0,0.0,406,405,25,405,423,225,217,150,305,1,1,1,428,180,1,433,319,414,1,"1628778,1610612761",2020-21
360,Players,1630202,Payton Pritchard,1610612738,BOS,23.0,18,6,12,0.333,1.1,0.0,0.1,0.0,0.1,0.1,0.2,0.2,0.5,0.0,0.0,0.2,0.1,0.6,163,214,349,330,404,225,175,150,287,77,86,164,422,180,1,138,276,379,1,"1630202,1610612738",2020-21
361,Players,1630173,Precious Achiuwa,1610612748,MIA,21.0,1,0,1,0.0,8.2,6.1,4.1,2.0,6.1,2.0,9.1,0.0,4.1,0.0,2.0,2.0,1.0,15.4,406,405,25,405,3,1,1,1,1,431,454,1,34,180,454,450,12,1,1,"1630173,1610612748",2020-21
362,Players,1629683,Quinndary Weatherspoon,1610612759,SAS,24.0,1,0,1,0.0,2.8,0.0,0.0,0.0,0.0,0.0,0.0,0.0,0.0,0.0,0.0,0.0,0.0,3.0,406,405,25,405,210,225,217,150,305,1,1,1,428,180,1,1,319,115,1,"1629683,1610612759",2020-21
363,Players,1630181,R.J. Hampton,1610612753,ORL,20.0,7,3,4,0.429,1.2,0.0,0.0,0.0,0.0,0.6,0.9,0.9,2.6,0.0,0.0,0.0,0.1,0.2,299,284,142,265,398,225,217,150,305,146,283,411,194,180,1,1,258,406,1,"1630181,1610612753",2020-21
364,Players,1629628,RJ Barrett,1610612752,NYK,20.0,34,19,15,0.559,3.9,0.5,0.1,0.3,0.9,1.3,1.1,0.4,2.7,0.0,0.1,0.3,0.4,3.8,15,15,401,140,65,42,202,43,65,364,365,236,188,177,387,224,101,74,1,"1629628,1610612752",2020-21
365,Players,200765,Rajon Rondo,1610612746,LAC,35.0,4,1,3,0.25,1.7,0.5,0.0,0.0,0.5,1.3,0.8,0.8,1.0,0.0,0.0,0.0,0.0,2.0,344,351,109,373,343,30,217,150,143,367,243,386,387,180,1,1,319,228,1,"200765,1610612746",2020-21
366,Players,203526,Raul Neto,1610612764,WAS,29.0,24,11,13,0.458,3.1,0.1,0.0,0.1,0.1,0.8,0.6,0.4,3.0,0.0,0.0,0.2,0.2,1.6,95,114,369,236,167,205,217,126,297,193,194,256,149,155,1,184,217,266,1,"203526,1610612764",2020-21
367,Players,203493,Reggie Bullock,1610612752,NYK,30.0,28,17,11,0.607,4.3,0.0,0.0,0.0,0.0,1.2,1.1,0.3,3.0,0.0,0.0,0.3,0.1,2.5,58,26,332,97,32,225,217,150,305,343,374,170,130,164,1,206,258,164,1,"203493,1610612752",2020-21
368,Players,202704,Reggie Jackson,1610612746,LAC,31.0,19,6,13,0.316,1.8,0.4,0.0,0.0,0.2,0.9,0.5,0.7,1.6,0.0,0.1,0.4,0.2,1.8,152,214,369,353,330,47,217,150,246,219,164,381,343,180,304,343,253,251,1,"202704,1610612746",2020-21
369,Players,1629617,Reggie Perry,1610612751,BKN,21.0,1,1,0,1.0,0.0,0.0,0.0,0.0,0.0,0.0,0.0,0.0,0.0,0.0,0.0,0.0,0.0,0.0,406,351,1,1,454,225,217,150,305,1,1,1,428,180,1,1,319,414,1,"1629617,1610612751",2020-21
370,Players,1626158,Richaun Holmes,1610612758,SAC,27.0,35,21,14,0.6,3.2,0.0,0.4,0.0,0.7,1.2,1.0,0.7,3.7,0.2,0.1,0.5,0.4,3.0,9,12,383,99,148,225,34,150,101,329,354,348,70,26,312,387,104,124,1,"1626158,1610612758",2020-21
371,Players,201937,Ricky Rubio,1610612750,MIN,30.0,36,17,19,0.472,3.1,0.0,0.0,0.1,0.2,1.0,1.1,0.5,3.5,0.0,0.1,0.4,0.4,2.5,4,26,441,226,161,225,216,144,261,268,364,264,83,180,308,319,95,174,1,"201937,1610612750",2020-21
372,Players,203496,Robert Covington,1610612757,POR,30.0,33,23,10,0.697,3.3,0.2,0.3,0.0,0.2,0.8,0.5,0.4,2.7,0.1,0.1,0.4,0.2,3.4,18,3,302,58,144,161,77,150,234,211,143,229,175,57,320,299,193,94,1,"203496,1610612757",2020-21
373,Players,1629606,Robert Franks,1610612753,ORL,24.0,1,0,1,0.0,0.5,0.0,0.0,0.0,0.0,0.0,0.0,0.0,2.0,0.0,0.0,0.0,0.0,0.0,406,405,25,405,435,225,217,150,305,1,1,1,254,180,1,1,319,414,1,"1629606,1610612753",2020-21
374,Players,1629057,Robert Williams III,1610612738,BOS,23.0,17,7,10,0.412,2.5,0.1,0.2,0.0,0.6,0.7,0.6,0.6,1.5,0.4,0.0,0.3,0.3,3.6,175,193,302,281,258,183,100,150,127,162,185,319,347,6,1,243,148,84,1,"1629057,1610612738",2020-21
375,Players,201577,Robin Lopez,1610612764,WAS,33.0,11,9,2,0.818,3.9,0.2,0.6,0.0,0.9,0.6,0.6,0.0,3.1,0.3,0.1,0.1,0.7,4.2,246,152,79,29,63,131,13,150,58,142,171,1,122,13,362,94,35,54,1,"201577,1610612764",2020-21
376,Players,203918,Rodney Hood,1610612761,TOR,28.0,12,7,5,0.583,1.8,0.0,0.0,0.0,0.2,0.2,0.4,0.0,1.4,0.0,0.0,0.5,0.0,0.7,235,193,171,112,328,225,217,150,261,81,131,1,359,180,1,372,319,376,1,"203918,1610612761",2020-21
377,Players,203585,Rodney McGruder,1610612765,DET,29.0,3,0,3,0.0,1.2,0.0,0.0,0.0,0.7,0.0,0.0,0.0,0.7,0.0,0.0,0.0,0.0,1.1,363,405,109,405,390,225,217,150,102,1,1,1,408,180,1,1,319,328,1,"203585,1610612765",2020-21
378,Players,1629641,Romeo Langford,1610612738,BOS,21.0,6,1,5,0.167,1.3,0.0,0.3,0.0,0.3,0.3,0.0,0.0,1.4,0.0,0.2,0.5,0.3,1.3,317,351,171,396,379,225,60,150,193,97,1,1,359,180,421,372,121,307,1,"1629641,1610612738",2020-21
379,Players,1626178,Rondae Hollis-Jefferson,1610612757,POR,26.0,2,1,1,0.5,2.0,0.0,0.0,0.0,1.0,0.0,0.0,1.0,4.1,0.0,0.0,0.0,0.0,1.6,386,351,25,176,312,225,217,150,43,1,1,425,34,180,1,1,319,269,1,"1626178,1610612757",2020-21
380,Players,1626220,Royce O'Neale,1610612762,UTA,28.0,30,17,13,0.567,2.9,0.0,0.0,0.0,0.1,0.8,0.9,0.1,2.1,0.0,0.0,0.3,0.1,1.8,38,26,369,133,193,225,217,150,279,208,303,138,252,180,1,225,265,243,1,"1626220,1610612762",2020-21
381,Players,200752,Rudy Gay,1610612759,SAS,34.0,23,10,13,0.435,2.9,0.2,0.1,0.0,0.4,0.5,0.8,0.1,2.3,0.0,0.0,0.4,0.4,2.3,104,137,369,261,191,140,190,150,189,138,267,131,233,148,1,320,117,190,1,"200752,1610612759",2020-21
382,Players,203497,Rudy Gobert,1610612762,UTA,28.0,29,17,12,0.586,2.8,0.2,0.5,0.0,1.0,0.8,0.8,0.1,1.7,0.2,0.1,0.3,0.4,3.5,46,26,349,109,209,117,23,150,40,207,249,140,330,20,333,289,102,90,1,"203497,1610612762",2020-21
383,Players,1629060,Rui Hachimura,1610612764,WAS,23.0,28,15,13,0.536,4.3,0.0,0.1,0.2,0.4,1.0,0.6,0.6,3.3,0.0,0.0,0.3,0.2,2.6,58,51,369,161,33,225,196,58,168,300,188,313,108,164,275,206,211,151,1,"1629060,1610612764",2020-21
384,Players,201566,Russell Westbrook,1610612764,WAS,32.0,35,17,18,0.486,4.5,0.5,0.3,0.5,1.6,1.1,1.0,0.7,4.1,0.1,0.1,0.6,0.5,7.2,9,26,433,214,26,39,80,8,17,320,323,376,34,91,385,405,66,7,1,"201566,1610612764",2020-21
385,Players,1627853,Ryan Arcidiacono,1610612741,CHI,27.0,2,1,1,0.5,0.9,0.0,0.0,0.0,0.0,0.0,0.0,0.0,1.0,0.0,0.0,0.0,0.0,0.0,386,351,25,176,411,225,217,150,305,1,1,1,387,180,1,1,319,414,1,"1627853,1610612741",2020-21
386,Players,1630180,Saddiq Bey,1610612765,DET,22.0,23,7,16,0.304,2.9,0.3,0.4,0.1,0.3,1.0,1.2,0.3,3.0,0.0,0.0,0.5,0.3,2.6,104,193,410,358,190,80,33,122,223,262,392,177,145,180,1,368,176,158,1,"1630180,1610612765",2020-21
387,Players,1630241,Sam Merrill,1610612749,MIL,25.0,1,0,1,0.0,1.8,0.0,0.0,0.0,0.0,0.0,0.0,0.0,0.0,0.0,0.0,0.0,0.0,0.0,406,405,25,405,336,225,217,150,305,1,1,1,428,180,1,1,319,414,1,"1630241,1610612749",2020-21
388,Players,1629635,Sekou Doumbouya,1610612765,DET,20.0,7,2,5,0.286,1.3,0.0,0.0,0.0,0.6,0.9,0.7,0.3,1.7,0.0,0.0,0.0,0.0,0.8,299,318,171,364,387,225,217,150,128,225,230,185,322,180,1,1,319,371,1,"1629635,1610612765",2020-21
389,Players,1628400,Semi Ojeleye,1610612738,BOS,26.0,15,5,10,0.333,1.8,0.0,0.0,0.0,0.0,0.6,0.7,0.3,1.6,0.0,0.1,0.2,0.0,0.6,193,237,302,330,338,225,217,150,305,154,239,205,332,180,327,164,319,384,1,"1628400,1610612738",2020-21
390,Players,201586,Serge Ibaka,1610612746,LAC,31.0,13,4,9,0.308,1.8,0.0,0.0,0.0,0.2,0.3,0.9,0.0,1.9,0.1,0.0,0.1,0.0,1.0,218,259,289,356,340,225,217,150,268,95,311,1,306,102,1,90,319,345,1,"201586,1610612746",2020-21
391,Players,203552,Seth Curry,1610612755,PHI,30.0,24,19,5,0.792,3.3,0.1,0.0,0.1,0.0,1.1,0.9,0.8,2.6,0.0,0.0,0.3,0.2,1.5,95,15,171,33,138,177,217,99,305,301,294,400,193,180,1,269,217,280,1,"203552,1610612755",2020-21
392,Players,1628983,Shai Gilgeous-Alexander,1610612760,OKC,22.0,15,11,4,0.733,3.5,0.5,0.4,0.1,1.6,1.6,0.5,0.7,3.1,0.1,0.1,0.2,1.5,6.7,193,114,142,48,123,43,42,139,17,410,167,380,127,116,327,164,3,13,1,"1628983,1610612760",2020-21
393,Players,1629003,Shake Milton,1610612755,PHI,24.0,13,9,4,0.692,4.0,0.4,0.5,0.0,0.2,1.2,0.9,0.6,3.1,0.0,0.1,0.4,0.4,2.0,218,152,142,60,49,55,14,150,268,360,276,331,124,180,348,317,97,215,1,"1629003,1610612755",2020-21
394,Players,1627885,Shaquille Harrison,1610612743,DEN,27.0,4,3,1,0.75,0.3,0.0,0.0,0.0,0.0,0.8,0.0,0.0,0.0,0.0,0.0,0.0,0.0,0.0,344,284,25,39,443,225,217,150,305,193,1,1,428,180,1,1,319,414,1,"1627885,1610612743",2020-21
395,Players,203524,Solomon Hill,1610612737,ATL,30.0,14,8,6,0.571,1.9,0.0,0.0,0.0,0.0,0.4,0.6,0.6,2.5,0.0,0.1,0.1,0.1,0.9,205,171,205,125,320,225,217,150,305,116,178,313,216,180,335,89,305,355,1,"203524,1610612737",2020-21
396,Players,1626169,Stanley Johnson,1610612761,TOR,25.0,14,3,11,0.214,2.3,0.0,0.0,0.0,0.0,1.1,0.3,0.3,2.0,0.1,0.0,0.5,0.1,1.4,205,284,332,385,288,225,217,150,305,310,104,185,254,43,1,372,258,300,1,"1626169,1610612761",2020-21
397,Players,201939,Stephen Curry,1610612744,GSW,33.0,28,15,13,0.536,3.5,0.6,0.2,0.0,0.9,0.9,1.2,0.5,2.9,0.0,0.1,0.3,0.8,5.8,58,51,369,161,110,19,113,148,68,225,390,279,155,164,335,234,25,17,1,"201939,1610612744",2020-21
398,Players,1628425,Sterling Brown,1610612745,HOU,26.0,10,3,7,0.3,2.0,0.0,0.1,0.2,0.2,0.7,0.5,0.0,1.6,0.0,0.0,0.4,0.0,1.0,259,284,238,360,315,225,183,61,248,179,151,1,332,180,1,325,319,332,1,"1628425,1610612745",2020-21
399,Players,203500,Steven Adams,1610612740,NOP,27.0,26,11,15,0.423,3.9,0.1,0.5,0.0,0.5,1.5,0.9,0.9,4.0,0.2,0.0,0.4,0.3,2.9,81,114,401,276,57,212,17,150,159,403,276,410,57,39,282,290,138,127,1,"203500,1610612740",2020-21
400,Players,1629004,Svi Mykhailiuk,1610612760,OKC,23.0,16,5,11,0.313,2.1,0.1,0.0,0.0,0.0,1.1,0.8,0.8,2.2,0.1,0.0,0.2,0.1,1.2,187,237,332,354,302,177,217,150,305,325,264,386,243,119,1,159,313,322,1,"1629004,1610612760",2020-21
401,Players,204456,T.J. McConnell,1610612754,IND,29.0,29,15,14,0.517,3.0,0.1,0.0,0.0,0.6,1.3,1.0,0.4,2.4,0.0,0.0,0.2,0.2,3.2,46,51,383,173,173,217,217,150,131,375,321,255,219,167,271,148,219,99,1,"204456,1610612754",2020-21
402,Players,203933,T.J. Warren,1610612754,IND,27.0,2,1,1,0.5,2.8,0.0,0.0,0.0,0.0,4.6,0.5,3.5,4.1,0.0,0.0,0.5,0.5,1.6,386,351,25,176,215,225,217,150,305,453,151,453,34,180,1,372,67,269,1,"203933,1610612754",2020-21
403,Players,1629605,Tacko Fall,1610612738,BOS,25.0,1,0,1,0.0,0.0,0.0,0.0,0.0,0.0,0.0,0.0,0.0,0.0,0.0,0.0,0.0,0.0,0.0,406,405,25,405,453,225,217,150,305,1,1,1,428,180,1,1,319,414,1,"1629605,1610612738",2020-21
404,Players,201959,Taj Gibson,1610612752,NYK,35.0,14,8,6,0.571,2.6,0.0,0.3,0.0,0.1,0.9,0.7,0.3,1.7,0.0,0.1,0.5,0.4,1.5,205,171,205,125,242,225,80,150,274,252,200,185,322,180,335,372,83,281,1,"201959,1610612752",2020-21
405,Players,1629659,Talen Horton-Tucker,1610612747,LAL,20.0,11,8,3,0.727,2.1,0.4,0.5,0.0,0.4,0.7,0.5,0.0,1.1,0.0,0.1,0.3,0.4,1.4,246,171,109,50,305,60,27,150,185,188,143,1,382,180,362,228,107,295,1,"1629659,1610612747",2020-21
406,Players,1627752,Taurean Prince,1610612739,CLE,27.0,5,2,3,0.4,1.6,0.0,0.0,0.0,0.0,1.0,0.8,0.0,1.2,0.0,0.0,0.2,0.2,1.0,328,318,109,288,354,225,217,150,305,268,259,1,375,180,1,164,222,348,1,"1627752,1610612739",2020-21
407,Players,1629611,Terance Mann,1610612746,LAC,24.0,16,7,9,0.438,1.4,0.0,0.1,0.0,0.4,0.9,0.6,0.3,1.5,0.0,0.1,0.3,0.0,1.4,187,193,289,257,369,225,167,150,182,231,175,170,348,180,390,260,319,293,1,"1629611,1610612746",2020-21
408,Players,1629056,Terence Davis,1610612758,SAC,24.0,13,3,10,0.231,2.2,0.7,0.0,0.2,0.3,0.3,0.5,0.4,2.2,0.1,0.1,0.2,0.2,3.0,218,284,302,382,295,12,217,85,204,95,147,237,240,102,348,130,254,120,1,"1629056,1610612758",2020-21
409,Players,203082,Terrence Ross,1610612753,ORL,30.0,20,9,11,0.45,3.0,0.3,0.2,0.0,0.1,1.2,1.1,0.7,2.7,0.0,0.1,0.2,0.2,2.4,137,152,332,242,178,81,151,150,290,335,357,344,172,180,301,127,222,181,1,"203082,1610612753",2020-21
410,Players,1626179,Terry Rozier,1610612766,CHA,27.0,27,16,11,0.593,3.5,0.3,0.5,0.0,0.8,0.9,1.0,0.5,2.6,0.0,0.0,0.4,0.6,4.5,72,40,332,105,117,63,16,150,92,249,320,264,201,180,279,304,54,46,1,"1626179,1610612766",2020-21
411,Players,201152,Thaddeus Young,1610612741,CHI,32.0,29,11,18,0.379,2.8,0.2,0.3,0.1,0.8,1.2,0.8,0.5,2.4,0.0,0.0,0.4,0.3,3.2,46,114,433,313,200,145,87,135,78,341,249,268,223,180,271,313,119,104,1,"201152,1610612741",2020-21
412,Players,203648,Thanasis Antetokounmpo,1610612749,MIL,28.0,2,1,1,0.5,2.4,0.0,0.0,0.0,0.0,0.0,0.0,0.0,3.0,0.0,0.0,1.0,0.0,3.9,386,351,25,176,275,225,217,150,305,1,1,1,130,180,1,433,319,70,1,"203648,1610612749",2020-21
413,Players,1630177,Theo Maledon,1610612760,OKC,19.0,15,8,7,0.533,2.6,0.3,0.0,0.0,0.7,1.1,0.3,0.4,1.9,0.0,0.0,0.2,0.2,1.5,193,171,238,163,244,63,217,150,102,306,114,244,304,180,1,164,222,290,1,"1630177,1610612760",2020-21
414,Players,1628418,Thomas Bryant,1610612764,WAS,23.0,7,1,6,0.143,3.8,0.6,1.3,0.3,2.0,2.3,1.3,1.9,4.9,0.0,0.1,0.7,0.3,4.1,299,351,205,399,73,22,4,38,4,444,402,443,14,180,406,422,152,56,1,"1628418,1610612764",2020-21
415,Players,204025,Tim Frazier,1610612763,MEM,30.0,1,1,0,1.0,5.0,0.0,0.0,0.0,2.0,2.0,2.0,2.0,6.1,0.0,0.0,0.0,2.0,9.1,406,351,1,1,13,225,217,150,4,431,434,444,3,180,1,1,1,4,1,"204025,1610612763",2020-21
416,Players,203501,Tim Hardaway Jr.,1610612742,DAL,29.0,25,11,14,0.44,2.7,0.1,0.3,0.0,0.1,0.8,0.9,1.0,2.9,0.0,0.0,0.2,0.2,1.4,87,114,383,255,219,209,65,150,298,208,310,422,152,180,1,204,195,305,1,"203501,1610612742",2020-21
417,Players,1627789,Timothe Luwawu-Cabarrot,1610612751,BKN,26.0,16,10,6,0.625,2.3,0.2,0.0,0.1,0.3,0.9,1.0,0.7,2.7,0.0,0.1,0.2,0.2,1.5,187,137,205,91,286,129,217,99,225,255,325,365,190,180,321,159,235,285,1,"1627789,1610612751",2020-21
418,Players,202699,Tobias Harris,1610612755,PHI,28.0,28,22,6,0.786,3.8,0.4,0.3,0.0,1.3,1.0,0.7,0.6,2.8,0.1,0.1,0.3,0.5,4.1,58,9,205,34,70,53,80,150,29,268,230,327,165,110,335,234,62,58,1,"202699,1610612755",2020-21
419,Players,203107,Tomas Satoransky,1610612741,CHI,29.0,13,4,9,0.308,1.8,0.0,0.0,0.0,0.2,1.4,0.3,0.5,2.0,0.0,0.0,0.2,0.1,0.5,218,259,289,356,332,225,217,150,268,398,113,299,254,180,1,130,301,390,1,"203107,1610612741",2020-21
420,Players,1628396,Tony Bradley,1610612760,OKC,23.0,3,2,1,0.667,0.8,0.0,0.0,0.0,0.0,0.0,0.0,0.0,1.4,0.0,0.0,0.0,0.0,0.0,363,318,25,67,418,225,217,150,305,1,1,1,359,180,1,1,319,414,1,"1628396,1610612760",2020-21
421,Players,203503,Tony Snell,1610612737,ATL,29.0,11,5,6,0.455,3.9,0.0,0.0,0.6,0.0,1.2,0.8,0.6,3.3,0.0,0.2,0.2,0.0,1.3,246,237,205,238,59,225,217,6,305,344,265,339,102,180,427,154,319,306,1,"203503,1610612737",2020-21
422,Players,1628470,Torrey Craig,1610612756,PHX,30.0,13,12,1,0.923,0.6,0.0,0.0,0.0,0.0,0.2,0.2,0.0,0.6,0.1,0.0,0.2,0.1,0.9,218,93,25,25,428,225,217,150,305,86,84,1,417,102,1,196,301,356,1,"1628470,1610612756",2020-21
423,Players,1629027,Trae Young,1610612737,ATL,22.0,32,15,17,0.469,3.6,0.1,0.1,0.3,1.5,1.2,0.9,0.6,3.8,0.0,0.2,0.4,0.7,4.9,22,51,425,229,93,199,186,46,22,346,315,335,65,173,417,333,44,36,1,"1629027,1610612737",2020-21
424,Players,1630200,Tre Jones,1610612759,SAS,21.0,2,0,2,0.0,1.7,0.0,0.0,0.0,1.0,0.0,0.0,0.0,0.0,0.0,0.0,1.0,0.5,2.3,386,405,79,405,346,225,217,150,43,1,1,1,428,180,1,433,67,194,1,"1630200,1610612759",2020-21
425,Players,1629682,Tremont Waters,1610612738,BOS,23.0,4,0,4,0.0,1.6,1.0,0.0,0.5,1.0,0.5,0.0,0.0,1.0,0.0,0.3,0.3,0.0,2.8,344,405,142,405,351,3,217,9,43,125,1,1,387,180,437,206,319,134,1,"1629682,1610612738",2020-21
426,Players,2772,Trevor Ariza,1610612748,MIA,35.0,9,4,5,0.444,2.8,0.0,0.2,0.3,0.2,0.9,1.9,0.3,3.2,0.0,0.1,0.5,0.0,1.7,271,259,171,247,213,225,105,26,238,234,432,205,121,180,379,355,319,256,1,"2772,1610612748",2020-21
427,Players,203504,Trey Burke,1610612742,DAL,28.0,10,2,8,0.2,2.2,0.0,0.0,0.0,0.0,0.7,0.3,0.2,1.6,0.0,0.1,0.3,0.0,0.6,259,318,264,387,294,225,217,150,305,179,110,154,332,180,374,244,319,380,1,"203504,1610612742",2020-21
428,Players,1626168,Trey Lyles,1610612759,SAS,25.0,5,2,3,0.4,2.8,0.0,0.0,0.0,0.4,0.4,1.6,0.0,2.8,0.0,0.0,0.4,0.0,0.9,328,318,109,288,201,225,217,150,174,109,427,1,162,180,1,325,319,353,1,"1626168,1610612759",2020-21
429,Players,202684,Tristan Thompson,1610612738,BOS,30.0,22,10,12,0.455,2.1,0.0,0.0,0.0,0.2,0.5,0.5,0.5,1.9,0.0,0.0,0.6,0.2,0.9,121,137,349,238,306,225,217,150,252,125,151,279,300,143,297,394,238,351,1,"202684,1610612738",2020-21
430,Players,1628972,Troy Brown Jr.,1610612741,CHI,21.0,5,1,4,0.2,2.3,0.0,0.4,0.0,0.4,2.0,0.0,0.0,4.1,0.0,0.0,0.6,0.0,0.9,328,351,142,387,282,225,42,150,174,431,1,1,34,180,1,405,319,353,1,"1628972,1610612741",2020-21
431,Players,1629660,Ty Jerome,1610612760,OKC,23.0,5,3,2,0.6,1.2,0.0,0.0,0.0,0.0,1.2,0.0,0.0,0.0,0.0,0.0,0.4,0.0,1.0,328,284,79,99,392,225,217,150,305,348,1,1,428,180,1,325,319,344,1,"1629660,1610612760",2020-21
432,Players,1629076,Tyler Cook,1610612765,DET,23.0,2,2,0,1.0,0.9,0.0,0.0,0.0,0.0,0.0,1.0,0.0,2.0,0.0,0.0,0.0,0.0,0.0,386,318,1,1,415,225,217,150,305,1,325,1,254,180,1,1,319,414,1,"1629076,1610612765",2020-21
433,Players,1629639,Tyler Herro,1610612748,MIA,21.0,23,11,12,0.478,3.9,0.2,0.4,0.2,0.3,1.2,1.9,0.3,3.2,0.0,0.0,0.0,0.2,2.7,104,114,349,224,62,140,48,75,223,355,431,194,118,148,290,1,242,146,1,"1629639,1610612748",2020-21
434,Players,204020,Tyler Johnson,1610612751,BKN,29.0,8,8,0,1.0,1.7,0.0,0.0,0.0,0.0,0.5,0.3,0.4,0.5,0.0,0.0,0.4,0.1,1.4,286,171,1,1,344,225,217,150,305,125,97,233,418,180,1,307,267,292,1,"204020,1610612751",2020-21
435,Players,1630169,Tyrese Haliburton,1610612758,SAC,21.0,32,18,14,0.563,3.3,0.3,0.1,0.1,0.4,1.2,1.3,0.6,3.7,0.1,0.0,0.3,0.1,2.6,22,20,383,136,140,93,186,141,182,357,401,311,74,79,1,260,267,154,1,"1630169,1610612758",2020-21
436,Players,1630178,Tyrese Maxey,1610612755,PHI,20.0,5,2,3,0.4,1.7,0.0,0.0,0.0,0.0,2.0,0.8,1.8,1.6,0.0,0.0,0.4,0.0,0.4,328,318,109,288,347,225,217,150,305,431,259,442,332,180,1,325,319,393,1,"1630178,1610612755",2020-21
437,Players,1626145,Tyus Jones,1610612763,MEM,25.0,7,4,3,0.571,4.6,0.6,0.0,0.0,0.9,2.0,0.7,0.9,4.3,0.0,0.1,0.0,0.1,5.6,299,259,109,125,22,22,217,150,68,431,230,411,25,180,406,1,258,20,1,"1626145,1610612763",2020-21
438,Players,203506,Victor Oladipo,1610612748,MIA,29.0,11,4,7,0.364,4.2,0.6,0.2,0.3,1.3,1.6,1.0,1.3,3.5,0.0,0.1,0.4,0.4,4.5,246,259,238,321,38,25,128,41,30,411,325,438,81,180,362,299,107,44,1,"203506,1610612748",2020-21
439,Players,1628427,Vlatko Cancar,1610612743,DEN,24.0,1,0,1,0.0,0.0,0.0,0.0,0.0,0.0,0.0,0.0,0.0,0.0,0.0,0.0,1.0,0.0,0.0,406,405,25,405,451,225,217,150,305,1,1,1,428,180,1,433,319,414,1,"1628427,1610612743",2020-21
440,Players,201961,Wayne Ellington,1610612765,DET,33.0,17,2,15,0.118,1.6,0.1,0.0,0.0,0.0,0.6,0.5,0.3,1.0,0.1,0.0,0.2,0.1,0.8,175,318,401,403,364,183,217,150,305,153,148,193,398,123,1,150,273,367,1,"201961,1610612765",2020-21
441,Players,1628976,Wendell Carter Jr.,1610612753,ORL,22.0,24,12,12,0.5,2.6,0.0,0.3,0.0,0.7,0.7,0.6,0.3,1.9,0.1,0.0,0.4,0.5,2.6,95,93,349,176,238,225,93,150,102,166,194,205,309,92,287,307,59,149,1,"1628976,1610612753",2020-21
442,Players,1629117,Wenyen Gabriel,1610612740,NOP,24.0,2,0,2,0.0,1.9,0.0,0.0,0.0,0.0,0.0,1.0,0.0,2.0,0.0,0.0,0.0,0.0,0.6,386,405,79,405,319,225,217,150,305,1,325,1,254,180,1,1,319,380,1,"1629117,1610612740",2020-21
443,Players,1628411,Wes Iwundu,1610612740,NOP,26.0,6,3,3,0.5,1.2,0.0,0.0,0.3,0.0,0.2,0.2,0.7,0.7,0.0,0.0,0.3,0.7,1.9,317,284,109,176,400,225,217,26,305,81,86,349,408,180,1,269,43,231,1,"1628411,1610612740",2020-21
444,Players,202083,Wesley Matthews,1610612747,LAL,34.0,15,11,4,0.733,2.9,0.1,0.3,0.2,0.3,0.9,0.7,0.3,2.0,0.0,0.0,0.2,0.1,1.7,193,114,142,48,181,172,89,61,220,253,239,178,254,180,1,164,309,258,1,"202083,1610612747",2020-21
445,Players,203115,Will Barton,1610612743,DEN,30.0,20,14,6,0.7,4.9,0.3,0.2,0.1,0.8,1.0,0.9,0.8,4.9,0.2,0.1,0.5,0.4,4.7,137,64,205,57,17,81,119,113,83,261,280,402,15,26,374,359,91,39,1,"203115,1610612743",2020-21
446,Players,1626161,Willie Cauley-Stein,1610612742,DAL,27.0,12,7,5,0.583,3.0,0.1,0.0,0.2,0.3,0.3,0.2,0.8,1.9,0.1,0.0,0.3,0.4,1.8,235,193,171,112,177,205,217,78,193,87,86,407,309,92,1,206,87,244,1,"1626161,1610612742",2020-21
447,Players,1626195,Willy Hernangomez,1610612740,NOP,27.0,9,3,6,0.333,2.6,0.0,0.5,0.0,0.9,0.2,0.0,0.0,2.5,0.0,0.0,0.1,0.1,4.0,271,284,205,330,241,225,30,150,60,83,1,1,212,180,1,98,276,64,1,"1626195,1610612740",2020-21
448,Players,1630214,Xavier Tillman,1610612763,MEM,22.0,13,7,6,0.538,2.7,0.2,0.0,0.0,0.6,1.0,0.6,0.4,2.6,0.2,0.0,0.2,0.4,2.5,218,193,205,157,227,155,217,150,118,268,191,237,191,39,1,130,97,170,1,"1630214,1610612763",2020-21
449,Players,1627812,Yogi Ferrell,1610612746,LAC,28.0,2,1,1,0.5,2.7,0.0,0.0,0.0,0.0,0.0,3.0,0.0,2.0,0.0,0.0,0.5,0.0,2.1,386,351,25,176,225,225,217,150,305,1,444,1,254,180,1,372,319,208,1,"1627812,1610612746",2020-21
450,Players,1629139,Yuta Watanabe,1610612761,TOR,26.0,4,1,3,0.25,3.3,0.0,0.0,0.0,0.5,0.8,0.8,0.0,1.5,0.0,0.0,0.8,0.8,2.6,344,351,109,373,136,225,217,150,143,193,243,1,348,180,1,426,29,161,1,"1629139,1610612761",2020-21
451,Players,203897,Zach LaVine,1610612741,CHI,26.0,27,10,17,0.37,3.9,0.9,0.3,0.5,1.3,1.6,1.1,0.6,3.5,0.1,0.2,0.5,1.1,5.8,72,137,425,319,58,5,60,12,31,412,363,322,91,107,411,370,10,18,1,"203897,1610612741",2020-21
452,Players,1630192,Zeke Nnaji,1610612743,DEN,20.0,2,2,0,1.0,0.7,0.0,0.0,0.0,0.0,0.0,0.0,0.0,0.0,0.0,0.0,0.0,0.0,0.0,386,318,1,1,422,225,217,150,305,1,1,1,428,180,1,1,319,414,1,"1630192,1610612743",2020-21
453,Players,1629627,Zion Williamson,1610612740,NOP,20.0,31,15,16,0.484,3.6,0.6,0.4,0.1,2.0,1.2,0.7,0.6,3.5,0.0,0.3,0.3,0.8,5.2,32,51,410,216,95,24,37,98,4,337,228,330,89,171,442,242,24,24,1,"1629627,1610612740",2020-21
