,PLAYER_ID,PLAYER_NAME,TEAM_ID,TEAM_ABBREVIATION,AGE,G,MIN,CONTESTED_SHOTS,CONTESTED_SHOTS_2PT,CONTESTED_SHOTS_3PT,DEFLECTIONS,CHARGES_DRAWN,SCREEN_ASSISTS,SCREEN_AST_PTS,OFF_LOOSE_BALLS_RECOVERED,DEF_LOOSE_BALLS_RECOVERED,LOOSE_BALLS_RECOVERED,PCT_LOOSE_BALLS_RECOVERED_OFF,PCT_LOOSE_BALLS_RECOVERED_DEF,OFF_BOXOUTS,DEF_BOXOUTS,BOX_OUTS,BOX_OUT_PLAYER_TEAM_REBS,BOX_OUT_PLAYER_REBS,PCT_BOX_OUTS_OFF,PCT_BOX_OUTS_DEF,PCT_BOX_OUTS_TEAM_REB,PCT_BOX_OUTS_REB,Season
0,203932,Aaron Gordon,1610612743,DEN,25.0,50,27.7,3.78,2.46,1.32,1.02,0.0,0.52,1.22,0.42,0.22,0.64,0.656,0.344,0.2,0.18,0.38,0.34,0.3,0.526,0.474,0.944,0.833,2020-21
1,1628988,Aaron Holiday,1610612754,IND,24.0,66,17.8,3.09,1.29,1.8,1.47,0.0,0.03,0.06,0.17,0.23,0.39,0.423,0.577,0.02,0.41,0.42,0.33,0.02,0.036,0.964,0.88,0.04,2020-21
2,1630174,Aaron Nesmith,1610612738,BOS,21.0,46,14.5,2.87,1.83,1.04,0.52,0.02,0.13,0.3,0.33,0.24,0.57,0.577,0.423,0.07,0.39,0.46,0.43,0.26,0.143,0.857,1.0,0.6,2020-21
3,1627846,Abdel Nader,1610612756,PHX,27.0,24,14.8,3.17,1.92,1.25,0.75,0.0,0.04,0.08,0.17,0.21,0.38,0.444,0.556,0.04,0.46,0.5,0.42,0.17,0.083,0.917,1.0,0.4,2020-21
4,1629690,Adam Mokoka,1610612741,CHI,22.0,14,4.0,0.29,0.21,0.07,0.29,0.0,0.0,0.0,0.07,0.0,0.07,1.0,0.0,0.0,0.21,0.21,0.14,0.0,0.0,1.0,1.0,0.0,2020-21
5,201143,Al Horford,1610612760,OKC,35.0,28,27.9,8.82,6.93,1.89,1.18,0.0,2.21,5.0,0.29,0.29,0.57,0.5,0.5,0.11,2.18,2.29,2.0,1.04,0.047,0.953,0.966,0.5,2020-21
6,202329,Al-Farouq Aminu,1610612741,CHI,30.0,23,18.9,4.0,1.87,2.13,1.43,0.0,0.74,1.74,0.26,0.35,0.61,0.429,0.571,0.04,0.48,0.52,0.52,0.43,0.083,0.917,1.0,0.833,2020-21
7,202692,Alec Burks,1610612752,NYK,29.0,49,25.6,4.84,2.27,2.57,1.43,0.0,0.06,0.12,0.31,0.31,0.61,0.5,0.5,0.02,0.1,0.12,0.1,0.04,0.167,0.833,1.0,0.4,2020-21
8,1630197,Aleksej Pokusevski,1610612760,OKC,19.0,45,24.2,6.69,3.8,2.89,0.8,0.0,0.51,1.27,0.11,0.11,0.22,0.5,0.5,0.0,0.24,0.24,0.2,0.07,0.0,1.0,0.9,0.3,2020-21
9,1629346,Alen Smailagic,1610612744,GSW,20.0,15,5.6,2.07,1.67,0.4,0.47,0.0,0.73,1.93,0.0,0.07,0.07,0.0,1.0,0.13,0.4,0.53,0.47,0.27,0.25,0.75,1.0,0.571,2020-21
10,1627936,Alex Caruso,1610612747,LAL,27.0,58,21.0,3.14,1.47,1.67,2.22,0.26,0.29,0.71,0.24,0.41,0.66,0.368,0.632,0.02,0.52,0.53,0.33,0.07,0.032,0.968,0.826,0.174,2020-21
11,203458,Alex Len,1610612764,WAS,27.0,64,15.3,7.17,6.23,0.94,0.91,0.0,2.05,4.73,0.17,0.11,0.28,0.611,0.389,0.33,1.33,1.66,1.39,0.67,0.198,0.802,0.967,0.467,2020-21
12,1628035,Alfonzo McKinnie,1610612747,LAL,28.0,39,6.6,1.13,0.51,0.62,0.23,0.1,0.08,0.18,0.1,0.03,0.13,0.8,0.2,0.08,0.13,0.21,0.18,0.13,0.375,0.625,1.0,0.714,2020-21
13,1628993,Alize Johnson,1610612751,BKN,25.0,18,10.5,2.17,1.17,1.0,0.17,0.06,0.11,0.28,0.5,0.39,0.89,0.563,0.438,0.56,0.28,0.83,0.78,0.44,0.667,0.333,0.933,0.533,2020-21
14,1628578,Amida Brimah,1610612754,IND,27.0,5,5.9,2.8,2.6,0.2,0.0,0.0,1.0,2.2,0.0,0.0,0.0,0.0,0.0,0.2,0.2,0.4,0.2,0.2,0.5,0.5,1.0,1.0,2020-21
15,1629599,Amir Coffey,1610612746,LAC,23.0,44,9.0,1.25,0.61,0.64,0.39,0.0,0.07,0.16,0.09,0.09,0.18,0.5,0.5,0.0,0.18,0.18,0.16,0.05,0.0,1.0,1.0,0.286,2020-21
16,2760,Anderson Varejao,1610612739,CLE,38.0,5,7.2,1.6,1.0,0.6,0.2,0.0,0.6,1.4,0.0,0.2,0.2,0.0,1.0,0.0,0.6,0.6,0.4,0.4,0.0,1.0,1.0,1.0,2020-21
17,203083,Andre Drummond,1610612747,LAL,27.0,46,27.0,8.83,6.65,2.17,2.83,0.09,2.83,6.15,0.63,0.43,1.07,0.592,0.408,0.98,0.74,1.72,1.54,1.3,0.57,0.43,0.959,0.811,2020-21
18,2738,Andre Iguodala,1610612748,MIA,37.0,63,21.3,3.56,1.48,2.08,1.63,0.06,0.25,0.67,0.17,0.37,0.54,0.324,0.676,0.06,1.05,1.11,0.78,0.29,0.057,0.943,0.907,0.333,2020-21
19,203460,Andre Roberson,1610612751,BKN,29.0,5,12.6,3.2,2.4,0.8,1.0,0.0,1.0,2.8,0.4,0.0,0.4,1.0,0.0,0.0,0.6,0.6,0.6,0.0,0.0,1.0,1.0,0.0,2020-21
20,203952,Andrew Wiggins,1610612744,GSW,26.0,71,33.3,8.93,4.75,4.18,1.39,0.0,0.42,1.15,0.55,0.42,0.97,0.565,0.435,0.1,0.55,0.65,0.61,0.17,0.152,0.848,0.956,0.267,2020-21
21,1629014,Anfernee Simons,1610612757,POR,22.0,64,17.3,2.88,1.27,1.61,0.61,0.03,0.14,0.34,0.11,0.14,0.25,0.438,0.563,0.0,0.13,0.13,0.13,0.03,0.0,1.0,1.0,0.25,2020-21
22,203076,Anthony Davis,1610612747,LAL,28.0,36,32.3,9.97,6.11,3.86,2.47,0.06,1.47,3.28,0.36,0.53,0.89,0.406,0.594,0.53,0.42,0.94,0.86,0.58,0.559,0.441,0.969,0.656,2020-21
23,1630162,Anthony Edwards,1610612750,MIN,19.0,72,32.1,4.6,2.21,2.39,1.83,0.0,0.14,0.33,0.39,0.43,0.82,0.475,0.525,0.03,0.08,0.11,0.1,0.08,0.25,0.75,1.0,0.857,2020-21
24,1630264,Anthony Gill,1610612764,WAS,28.0,26,8.4,2.58,1.38,1.19,0.27,0.04,0.38,0.85,0.04,0.23,0.27,0.143,0.857,0.08,0.54,0.62,0.46,0.15,0.125,0.875,0.923,0.308,2020-21
25,1630237,Anthony Lamb,1610612745,HOU,23.0,24,17.3,3.96,2.25,1.71,0.46,0.08,0.46,1.13,0.29,0.21,0.5,0.583,0.417,0.29,0.75,1.04,0.92,0.42,0.28,0.72,1.0,0.455,2020-21
26,201229,Anthony Tolliver,1610612755,PHI,36.0,11,9.0,2.18,1.09,1.09,0.18,0.09,0.45,1.09,0.0,0.18,0.18,0.0,1.0,0.09,0.36,0.45,0.36,0.27,0.2,0.8,1.0,0.75,2020-21
27,1628394,Anzejs Pasecniks,1610612764,WAS,25.0,1,6.3,3.0,1.0,2.0,1.0,0.0,0.0,0.0,0.0,0.0,0.0,0.0,0.0,1.0,1.0,2.0,2.0,1.0,0.5,0.5,1.0,0.5,2020-21
28,1629717,Armoni Brooks,1610612745,HOU,23.0,20,26.0,3.1,1.75,1.35,1.3,0.0,0.15,0.3,0.1,0.2,0.3,0.333,0.667,0.0,0.2,0.2,0.2,0.0,0.0,1.0,1.0,0.0,2020-21
29,203382,Aron Baynes,1610612761,TOR,34.0,53,18.5,5.98,4.53,1.45,0.51,0.23,2.94,7.26,0.17,0.32,0.49,0.346,0.654,0.38,1.79,2.17,1.74,0.87,0.174,0.826,0.958,0.479,2020-21
30,1630204,Ashton Hagans,1610612750,MIN,21.0,2,2.0,0.0,0.0,0.0,0.0,0.0,0.0,0.0,0.0,0.0,0.0,0.0,0.0,0.0,0.0,0.0,0.0,0.0,0.0,0.0,0.0,0.0,2020-21
31,203085,Austin Rivers,1610612743,DEN,28.0,36,23.5,2.97,1.33,1.64,1.28,0.0,0.06,0.14,0.17,0.31,0.47,0.353,0.647,0.0,0.25,0.25,0.19,0.11,0.0,1.0,1.0,0.571,2020-21
32,202340,Avery Bradley,1610612745,HOU,30.0,27,22.3,2.67,0.93,1.74,1.44,0.07,0.26,0.59,0.26,0.22,0.48,0.538,0.462,0.0,0.78,0.78,0.67,0.19,0.0,1.0,0.947,0.263,2020-21
33,1626253,Axel Toupane,1610612749,MIL,28.0,8,7.7,1.25,0.75,0.5,2.13,0.0,0.0,0.0,0.0,0.13,0.13,0.0,1.0,0.0,0.38,0.38,0.38,0.25,0.0,1.0,1.0,0.667,2020-21
34,1628389,Bam Adebayo,1610612748,MIA,23.0,64,33.5,9.91,6.19,3.72,2.25,0.08,4.66,11.36,0.5,0.36,0.86,0.582,0.418,0.52,3.44,3.95,3.02,1.47,0.13,0.87,0.937,0.456,2020-21
35,203463,Ben McLemore,1610612747,LAL,28.0,53,17.1,2.32,1.25,1.08,0.81,0.02,0.06,0.11,0.15,0.21,0.36,0.421,0.579,0.02,0.42,0.43,0.34,0.06,0.043,0.957,0.9,0.15,2020-21
36,1627732,Ben Simmons,1610612755,PHI,24.0,58,32.4,4.66,2.57,2.09,3.48,0.05,1.62,3.91,0.59,0.48,1.07,0.548,0.452,0.21,0.33,0.53,0.48,0.29,0.387,0.613,1.0,0.607,2020-21
37,202687,Bismack Biyombo,1610612766,CHA,28.0,66,20.4,8.0,5.74,2.26,0.67,0.0,2.97,6.82,0.17,0.11,0.27,0.611,0.389,0.8,2.18,2.98,2.21,1.14,0.269,0.731,0.924,0.475,2020-21
38,201933,Blake Griffin,1610612751,BKN,32.0,46,25.8,6.3,3.54,2.76,1.17,0.48,2.02,4.85,0.26,0.37,0.63,0.414,0.586,0.13,1.0,1.13,1.02,0.57,0.115,0.885,0.959,0.531,2020-21
39,1626246,Boban Marjanovic,1610612742,DAL,32.0,33,8.2,3.36,2.79,0.58,0.3,0.0,1.61,3.36,0.15,0.12,0.27,0.556,0.444,0.42,0.39,0.82,0.67,0.55,0.519,0.481,0.957,0.783,2020-21
40,1626171,Bobby Portis,1610612749,MIL,26.0,66,20.8,7.09,4.79,2.3,1.58,0.03,1.52,3.59,0.35,0.29,0.64,0.548,0.452,0.7,1.8,2.5,1.86,1.14,0.279,0.721,0.932,0.568,2020-21
41,203992,Bogdan Bogdanovic,1610612737,ATL,28.0,44,29.7,6.82,3.55,3.27,2.11,0.0,0.41,0.91,0.18,0.23,0.41,0.444,0.556,0.02,0.55,0.57,0.55,0.11,0.04,0.96,1.0,0.208,2020-21
42,202711,Bojan Bogdanovic,1610612762,UTA,32.0,72,30.8,5.19,2.65,2.54,0.78,0.04,0.4,1.04,0.25,0.21,0.46,0.545,0.455,0.08,0.81,0.89,0.61,0.1,0.094,0.906,0.978,0.156,2020-21
43,1629626,Bol Bol,1610612743,DEN,21.0,32,5.0,1.56,0.69,0.88,0.13,0.0,0.03,0.06,0.03,0.09,0.13,0.25,0.75,0.0,0.03,0.03,0.03,0.03,0.0,1.0,1.0,1.0,2020-21
44,202954,Brad Wanamaker,1610612766,CHA,31.0,61,17.3,2.61,0.87,1.74,1.52,0.03,0.16,0.36,0.16,0.23,0.39,0.417,0.583,0.0,0.28,0.28,0.18,0.05,0.0,1.0,0.846,0.231,2020-21
45,203078,Bradley Beal,1610612764,WAS,27.0,60,35.8,5.28,2.48,2.8,2.03,0.12,0.28,0.68,0.52,0.42,0.93,0.554,0.446,0.02,0.33,0.35,0.32,0.1,0.048,0.952,0.95,0.3,2020-21
46,1629634,Brandon Clarke,1610612763,MEM,24.0,59,24.0,7.03,4.8,2.24,1.56,0.03,1.24,2.68,0.25,0.31,0.56,0.455,0.545,0.2,1.42,1.63,1.39,0.61,0.125,0.875,0.965,0.424,2020-21
47,1629164,Brandon Goodwin,1610612737,ATL,25.0,47,13.2,2.0,0.91,1.09,0.53,0.0,0.13,0.28,0.13,0.11,0.23,0.545,0.455,0.0,0.26,0.26,0.17,0.0,0.0,1.0,1.0,0.0,2020-21
48,1627742,Brandon Ingram,1610612740,NOP,23.0,61,34.3,6.25,3.25,3.0,1.31,0.05,0.28,0.59,0.41,0.33,0.74,0.556,0.444,0.0,0.2,0.2,0.18,0.08,0.0,1.0,1.0,0.455,2020-21
49,1628968,Brian Bowen II,1610612754,IND,22.0,6,2.5,0.17,0.17,0.0,0.0,0.0,0.0,0.0,0.0,0.0,0.0,0.0,0.0,0.0,0.17,0.17,0.17,0.0,0.0,1.0,1.0,0.0,2020-21
50,1630271,Brodric Thomas,1610612739,CLE,24.0,32,12.5,3.34,2.16,1.19,0.94,0.0,0.13,0.28,0.16,0.25,0.41,0.385,0.615,0.0,0.13,0.13,0.13,0.0,0.0,1.0,1.0,0.0,2020-21
51,201572,Brook Lopez,1610612749,MIL,33.0,70,27.2,16.96,13.37,3.59,1.09,0.0,2.1,4.87,0.39,0.19,0.57,0.675,0.325,0.33,2.33,2.66,2.17,0.81,0.124,0.876,0.968,0.363,2020-21
52,1628971,Bruce Brown,1610612751,BKN,24.0,65,22.3,4.77,2.31,2.46,1.77,0.02,0.66,1.57,0.32,0.32,0.65,0.5,0.5,0.08,0.62,0.69,0.54,0.26,0.111,0.889,0.854,0.415,2020-21
53,203998,Bruno Caboclo,1610612745,HOU,25.0,6,6.1,2.0,1.67,0.33,0.17,0.0,0.0,0.0,0.17,0.17,0.33,0.5,0.5,0.17,0.17,0.33,0.17,0.17,0.5,0.5,1.0,1.0,2020-21
54,1628981,Bruno Fernando,1610612737,ATL,22.0,33,6.8,2.15,1.36,0.79,0.27,0.0,1.0,2.3,0.12,0.06,0.18,0.667,0.333,0.15,0.79,0.94,0.67,0.27,0.161,0.839,0.917,0.375,2020-21
55,1627854,Bryn Forbes,1610612749,MIL,27.0,70,19.3,2.01,0.57,1.44,0.56,0.0,0.3,0.66,0.11,0.16,0.27,0.421,0.579,0.0,0.3,0.3,0.26,0.04,0.0,1.0,0.9,0.15,2020-21
56,1627741,Buddy Hield,1610612758,SAC,28.0,71,34.3,6.3,3.49,2.8,1.7,0.01,0.46,0.97,0.23,0.38,0.61,0.372,0.628,0.03,0.41,0.44,0.39,0.18,0.065,0.935,1.0,0.464,2020-21
57,1629604,CJ Elleby,1610612757,POR,20.0,30,6.4,1.33,0.7,0.63,0.4,0.03,0.0,0.0,0.07,0.07,0.13,0.5,0.5,0.0,0.07,0.07,0.07,0.03,0.0,1.0,1.0,0.5,2020-21
58,203468,CJ McCollum,1610612757,POR,29.0,47,34.0,6.28,3.0,3.28,1.26,0.02,0.15,0.34,0.47,0.45,0.91,0.512,0.488,0.0,0.19,0.19,0.15,0.02,0.0,1.0,0.875,0.125,2020-21
59,1628997,Caleb Martin,1610612766,CHA,25.0,53,15.4,3.11,1.15,1.96,1.15,0.23,0.11,0.3,0.32,0.32,0.64,0.5,0.5,0.02,0.45,0.47,0.26,0.02,0.04,0.96,0.778,0.056,2020-21
60,1629629,Cam Reddish,1610612737,ATL,21.0,26,28.9,5.77,2.46,3.31,2.58,0.0,0.04,0.08,0.5,0.65,1.15,0.433,0.567,0.0,0.42,0.42,0.38,0.19,0.0,1.0,1.0,0.5,2020-21
61,1629661,Cameron Johnson,1610612756,PHX,25.0,60,24.0,4.8,3.12,1.68,1.08,0.08,0.27,0.63,0.2,0.3,0.5,0.4,0.6,0.02,0.87,0.88,0.67,0.27,0.019,0.981,1.0,0.4,2020-21
62,1628419,Cameron Oliver,1610612745,HOU,24.0,4,21.8,7.75,6.0,1.75,0.75,0.0,2.75,6.75,0.25,0.25,0.5,0.5,0.5,0.0,0.5,0.5,0.25,0.25,0.0,1.0,1.0,1.0,2020-21
63,1626166,Cameron Payne,1610612756,PHX,26.0,60,18.0,3.57,1.83,1.73,1.3,0.13,0.1,0.22,0.23,0.15,0.38,0.609,0.391,0.0,0.35,0.35,0.28,0.07,0.0,1.0,0.895,0.211,2020-21
64,1629244,Cameron Reynolds,1610612745,HOU,26.0,5,8.1,1.6,1.4,0.2,0.2,0.0,0.2,0.6,0.0,0.0,0.0,0.0,0.0,0.0,0.4,0.4,0.2,0.0,0.0,1.0,0.5,0.0,2020-21
65,1627747,Caris LeVert,1610612754,IND,26.0,47,31.6,5.04,2.53,2.51,2.28,0.06,0.11,0.23,0.34,0.6,0.94,0.364,0.636,0.0,0.47,0.47,0.45,0.15,0.0,1.0,1.0,0.333,2020-21
66,2546,Carmelo Anthony,1610612757,POR,37.0,69,24.5,4.39,1.78,2.61,1.0,0.0,0.88,2.2,0.13,0.17,0.3,0.429,0.571,0.12,0.8,0.91,0.64,0.3,0.127,0.873,0.978,0.467,2020-21
67,1629035,Carsen Edwards,1610612738,BOS,23.0,31,8.9,1.1,0.48,0.61,0.39,0.0,0.03,0.06,0.03,0.16,0.19,0.167,0.833,0.0,0.13,0.13,0.06,0.03,0.0,1.0,0.667,0.333,2020-21
68,1630199,Cassius Stanley,1610612754,IND,21.0,24,3.9,0.67,0.33,0.33,0.17,0.0,0.0,0.0,0.04,0.04,0.08,0.5,0.5,0.0,0.08,0.08,0.04,0.04,0.0,1.0,0.5,0.5,2020-21
69,1630216,Cassius Winston,1610612764,WAS,23.0,22,4.5,0.55,0.14,0.41,0.23,0.0,0.0,0.0,0.0,0.09,0.09,0.0,1.0,0.0,0.05,0.05,0.05,0.0,0.0,1.0,1.0,0.0,2020-21
70,1626224,Cedi Osman,1610612739,CLE,26.0,59,25.6,3.59,1.78,1.81,1.25,0.1,0.27,0.64,0.24,0.17,0.41,0.583,0.417,0.05,0.29,0.34,0.29,0.14,0.15,0.85,0.944,0.444,2020-21
71,1628990,Chandler Hutchison,1610612764,WAS,25.0,25,13.8,2.36,1.24,1.12,0.92,0.04,0.32,0.76,0.04,0.08,0.12,0.333,0.667,0.0,0.2,0.2,0.2,0.16,0.0,1.0,1.0,0.8,2020-21
72,1629718,Charlie Brown Jr.,1610612760,OKC,24.0,9,16.9,3.0,1.56,1.44,1.44,0.11,0.0,0.0,0.11,0.0,0.11,1.0,0.0,0.0,0.22,0.22,0.22,0.11,0.0,1.0,1.0,0.5,2020-21
73,1626184,Chasson Randle,1610612753,ORL,28.0,41,20.4,2.98,0.88,2.1,1.24,0.05,0.12,0.24,0.1,0.2,0.29,0.333,0.667,0.0,0.2,0.2,0.2,0.05,0.0,1.0,1.0,0.25,2020-21
74,1629002,Chimezie Metu,1610612758,SAC,24.0,36,13.6,5.44,3.89,1.56,0.97,0.03,1.53,3.56,0.17,0.17,0.33,0.5,0.5,0.08,0.61,0.69,0.42,0.17,0.12,0.88,0.882,0.353,2020-21
75,1628449,Chris Boucher,1610612761,TOR,28.0,60,24.2,11.82,8.05,3.77,1.07,0.03,2.15,5.18,0.23,0.27,0.5,0.467,0.533,0.33,0.85,1.18,0.82,0.45,0.282,0.718,0.907,0.5,2020-21
76,1629185,Chris Chiozza,1610612751,BKN,25.0,22,10.6,1.59,0.73,0.86,0.55,0.0,0.36,0.86,0.05,0.23,0.27,0.167,0.833,0.0,0.05,0.05,0.0,0.0,0.0,1.0,0.0,0.0,2020-21
77,101108,Chris Paul,1610612756,PHX,36.0,70,31.4,2.39,0.9,1.49,2.5,0.04,0.33,0.73,0.54,0.57,1.11,0.487,0.513,0.0,0.43,0.43,0.4,0.1,0.0,1.0,1.0,0.25,2020-21
78,1629735,Chris Silva,1610612758,SAC,24.0,15,6.2,2.07,1.53,0.53,0.33,0.07,1.13,2.47,0.27,0.07,0.33,0.8,0.2,0.13,0.53,0.67,0.53,0.33,0.2,0.8,1.0,0.625,2020-21
79,1626174,Christian Wood,1610612745,HOU,25.0,41,32.3,11.2,7.59,3.61,1.2,0.02,1.93,4.54,0.51,0.27,0.78,0.656,0.344,0.27,1.12,1.39,0.9,0.66,0.193,0.807,0.974,0.711,2020-21
80,1629643,Chuma Okeke,1610612753,ORL,22.0,45,25.2,5.36,2.73,2.62,2.2,0.07,0.4,0.84,0.27,0.36,0.62,0.429,0.571,0.09,0.71,0.8,0.58,0.22,0.111,0.889,1.0,0.385,2020-21
81,203991,Clint Capela,1610612737,ATL,27.0,63,30.1,10.81,9.11,1.7,1.43,0.02,4.17,9.17,0.54,0.37,0.9,0.596,0.404,0.98,2.22,3.21,2.84,2.13,0.307,0.693,0.973,0.728,2020-21
82,1629632,Coby White,1610612741,CHI,21.0,69,31.2,6.33,3.32,3.01,1.09,0.07,0.3,0.67,0.42,0.52,0.94,0.446,0.554,0.0,0.23,0.23,0.2,0.03,0.0,1.0,1.0,0.143,2020-21
83,1628998,Cody Martin,1610612766,CHA,25.0,52,16.3,3.12,1.42,1.69,1.46,0.15,0.27,0.65,0.35,0.15,0.5,0.692,0.308,0.08,0.44,0.52,0.4,0.17,0.148,0.852,0.955,0.409,2020-21
84,203469,Cody Zeller,1610612766,CHA,28.0,48,20.9,7.27,5.56,1.71,1.44,0.15,2.67,6.19,0.44,0.15,0.58,0.75,0.25,0.48,1.5,1.98,1.54,0.81,0.242,0.758,0.961,0.506,2020-21
85,1630175,Cole Anthony,1610612753,ORL,21.0,47,27.1,4.55,1.91,2.64,1.19,0.13,0.17,0.4,0.32,0.43,0.74,0.429,0.571,0.0,0.13,0.13,0.06,0.02,0.0,1.0,0.75,0.25,2020-21
86,1629012,Collin Sexton,1610612739,CLE,22.0,60,35.3,4.18,2.07,2.12,1.78,0.03,0.27,0.67,0.67,0.45,1.12,0.597,0.403,0.03,0.17,0.2,0.17,0.07,0.167,0.833,0.909,0.364,2020-21
87,202709,Cory Joseph,1610612765,DET,29.0,63,23.0,4.43,2.33,2.1,1.37,0.05,0.24,0.57,0.52,0.32,0.84,0.623,0.377,0.03,0.76,0.79,0.65,0.13,0.04,0.96,0.911,0.178,2020-21
88,1626245,Cristiano Felicio,1610612741,CHI,28.0,18,4.6,1.33,1.06,0.28,0.28,0.0,1.06,2.28,0.11,0.06,0.17,0.667,0.333,0.39,0.11,0.5,0.5,0.28,0.778,0.222,1.0,0.556,2020-21
89,1626156,D'Angelo Russell,1610612750,MIN,25.0,42,28.5,4.31,1.88,2.43,1.83,0.07,0.26,0.64,0.38,0.31,0.69,0.552,0.448,0.0,0.24,0.24,0.21,0.05,0.0,1.0,0.9,0.2,2020-21
90,201571,D.J. Augustin,1610612745,HOU,33.0,57,19.8,1.49,0.39,1.11,0.63,0.07,0.07,0.14,0.21,0.19,0.4,0.522,0.478,0.0,0.26,0.26,0.21,0.04,0.0,1.0,0.857,0.143,2020-21
91,1628391,D.J. Wilson,1610612745,HOU,25.0,35,12.4,4.86,3.17,1.69,0.74,0.06,0.66,1.66,0.09,0.11,0.2,0.429,0.571,0.03,0.94,0.97,0.57,0.2,0.029,0.971,0.87,0.304,2020-21
92,1629610,DaQuan Jeffries,1610612759,SAS,23.0,31,15.9,3.97,1.87,2.1,1.06,0.03,0.06,0.16,0.23,0.29,0.52,0.438,0.563,0.03,0.68,0.71,0.58,0.03,0.045,0.955,0.947,0.053,2020-21
93,1629751,Dakota Mathias,1610612755,PHI,25.0,8,15.4,5.13,2.5,2.63,0.38,0.13,0.13,0.38,0.0,0.0,0.0,0.0,0.0,0.0,0.25,0.25,0.25,0.13,0.0,1.0,1.0,0.5,2020-21
94,1627745,Damian Jones,1610612758,SAC,25.0,39,14.0,4.79,3.44,1.36,0.69,0.0,2.56,5.97,0.1,0.1,0.21,0.5,0.5,0.1,1.0,1.1,0.87,0.31,0.093,0.907,0.971,0.343,2020-21
95,203081,Damian Lillard,1610612757,POR,30.0,67,35.8,4.01,1.42,2.6,1.69,0.13,0.25,0.58,0.42,0.57,0.99,0.424,0.576,0.0,0.1,0.1,0.1,0.06,0.0,1.0,1.0,0.571,2020-21
96,1627814,Damion Lee,1610612744,GSW,28.0,57,18.9,3.23,1.61,1.61,1.07,0.04,0.14,0.33,0.11,0.25,0.35,0.3,0.7,0.02,0.56,0.58,0.51,0.11,0.03,0.97,0.967,0.2,2020-21
97,1628422,Damyean Dotson,1610612739,CLE,27.0,46,19.7,2.41,0.83,1.59,0.59,0.0,0.09,0.2,0.17,0.15,0.33,0.533,0.467,0.0,0.22,0.22,0.22,0.11,0.0,1.0,1.0,0.5,2020-21
98,1629655,Daniel Gafford,1610612764,WAS,22.0,54,14.7,6.98,5.74,1.24,0.98,0.13,2.22,4.94,0.22,0.2,0.43,0.522,0.478,0.2,1.65,1.85,1.56,0.52,0.11,0.89,0.966,0.322,2020-21
99,1630187,Daniel Oturu,1610612746,LAC,21.0,30,5.4,1.83,1.27,0.57,0.3,0.03,0.7,1.6,0.1,0.07,0.17,0.6,0.4,0.13,0.17,0.3,0.27,0.2,0.444,0.556,1.0,0.75,2020-21
100,1628464,Daniel Theis,1610612741,CHI,29.0,65,24.6,9.2,6.09,3.11,1.54,0.08,2.97,6.92,0.17,0.2,0.37,0.458,0.542,0.62,1.8,2.42,1.97,1.09,0.255,0.745,0.962,0.534,2020-21
101,201568,Danilo Gallinari,1610612737,ATL,32.0,51,24.0,5.29,3.1,2.2,1.24,0.02,0.86,1.92,0.18,0.18,0.35,0.5,0.5,0.08,0.78,0.86,0.75,0.33,0.091,0.909,0.95,0.425,2020-21
102,201980,Danny Green,1610612755,PHI,33.0,69,28.0,7.38,3.88,3.49,2.51,0.01,0.29,0.7,0.25,0.41,0.65,0.378,0.622,0.06,0.46,0.52,0.46,0.13,0.111,0.889,0.914,0.257,2020-21
103,203957,Dante Exum,1610612745,HOU,25.0,6,19.4,3.83,2.0,1.83,1.0,0.0,0.33,0.67,0.5,0.17,0.67,0.75,0.25,0.0,0.17,0.17,0.17,0.17,0.0,1.0,1.0,1.0,2020-21
104,1627863,Danuel House Jr.,1610612745,HOU,28.0,36,25.9,4.86,2.69,2.17,1.25,0.0,0.44,1.0,0.14,0.36,0.5,0.278,0.722,0.03,0.81,0.83,0.64,0.25,0.033,0.967,0.92,0.36,2020-21
105,203967,Dario Saric,1610612756,PHX,27.0,50,17.4,5.92,4.06,1.86,1.12,0.1,2.52,5.42,0.16,0.16,0.32,0.5,0.5,0.36,1.64,2.0,1.58,0.6,0.18,0.82,0.952,0.361,2020-21
106,1629647,Darius Bazley,1610612760,OKC,20.0,55,31.2,9.0,4.45,4.55,0.8,0.0,0.67,1.51,0.24,0.33,0.56,0.419,0.581,0.02,0.75,0.76,0.6,0.33,0.024,0.976,0.971,0.529,2020-21
107,1629636,Darius Garland,1610612739,CLE,21.0,54,33.1,4.8,2.07,2.72,1.91,0.07,0.19,0.43,0.33,0.43,0.76,0.439,0.561,0.0,0.3,0.3,0.26,0.04,0.0,1.0,1.0,0.143,2020-21
108,203121,Darius Miller,1610612760,OKC,31.0,18,10.9,1.94,1.06,0.89,1.28,0.0,0.22,0.5,0.0,0.17,0.17,0.0,1.0,0.0,0.33,0.33,0.33,0.0,0.0,1.0,1.0,0.0,2020-21
109,1628021,David Nwaba,1610612745,HOU,28.0,30,22.6,4.37,2.93,1.43,1.8,0.13,0.6,1.33,0.23,0.4,0.63,0.368,0.632,0.17,0.7,0.87,0.57,0.17,0.192,0.808,0.81,0.238,2020-21
110,202722,Davis Bertans,1610612764,WAS,28.0,57,25.7,5.51,3.4,2.11,1.32,0.05,0.56,1.21,0.18,0.28,0.46,0.385,0.615,0.0,1.14,1.14,1.0,0.3,0.0,1.0,0.934,0.279,2020-21
111,1628368,De'Aaron Fox,1610612758,SAC,23.0,58,35.1,5.17,1.95,3.22,2.78,0.12,0.43,1.0,0.59,0.43,1.02,0.576,0.424,0.0,0.29,0.29,0.24,0.03,0.0,1.0,0.933,0.133,2020-21
112,1629631,De'Andre Hunter,1610612737,ATL,23.0,23,29.5,5.96,3.13,2.83,1.17,0.04,0.35,0.78,0.43,0.48,0.91,0.476,0.524,0.09,1.0,1.09,0.7,0.17,0.08,0.92,0.941,0.235,2020-21
113,1629001,De'Anthony Melton,1610612763,MEM,23.0,52,20.1,4.33,2.23,2.1,2.48,0.0,0.25,0.56,0.25,0.44,0.69,0.361,0.639,0.0,0.31,0.31,0.25,0.1,0.0,1.0,0.929,0.357,2020-21
114,201599,DeAndre Jordan,1610612751,BKN,32.0,57,21.9,8.74,6.53,2.21,0.84,0.02,3.37,7.82,0.16,0.12,0.28,0.563,0.438,0.75,1.44,2.19,1.84,1.28,0.344,0.656,0.981,0.682,2020-21
115,1627761,DeAndre' Bembry,1610612761,TOR,26.0,51,19.1,2.33,0.98,1.35,1.61,0.0,0.18,0.37,0.22,0.29,0.51,0.423,0.577,0.02,0.2,0.22,0.16,0.04,0.091,0.909,0.8,0.2,2020-21
116,201942,DeMar DeRozan,1610612759,SAS,31.0,61,33.7,2.85,1.39,1.46,1.61,0.02,0.23,0.57,0.39,0.43,0.82,0.48,0.52,0.02,0.77,0.79,0.62,0.21,0.021,0.979,0.884,0.302,2020-21
117,202326,DeMarcus Cousins,1610612746,LAC,30.0,41,17.4,5.85,4.22,1.63,1.56,0.24,1.85,4.24,0.24,0.2,0.44,0.556,0.444,0.63,1.37,2.0,1.59,1.22,0.317,0.683,0.97,0.746,2020-21
118,1629731,Dean Wade,1610612739,CLE,24.0,63,19.2,4.62,3.33,1.29,1.02,0.0,0.65,1.43,0.35,0.27,0.62,0.564,0.436,0.06,0.94,1.0,0.62,0.22,0.063,0.937,0.907,0.326,2020-21
119,1629028,Deandre Ayton,1610612756,PHX,22.0,69,30.6,13.23,9.42,3.81,1.06,0.0,5.61,11.88,0.48,0.3,0.78,0.611,0.389,1.04,1.13,2.17,1.87,1.52,0.48,0.52,0.985,0.802,2020-21
120,1629686,Deividas Sirvydis,1610612765,DET,20.0,20,6.7,1.75,0.8,0.95,0.5,0.0,0.05,0.1,0.0,0.1,0.1,0.0,1.0,0.0,0.1,0.1,0.1,0.0,0.0,1.0,1.0,0.0,2020-21
121,1627749,Dejounte Murray,1610612759,SAS,24.0,67,31.9,5.03,2.76,2.27,2.88,0.0,0.22,0.46,0.34,0.54,0.88,0.39,0.61,0.01,0.3,0.31,0.3,0.12,0.048,0.952,0.952,0.381,2020-21
122,1626153,Delon Wright,1610612758,SAC,29.0,63,27.7,3.75,2.3,1.44,2.95,0.03,0.17,0.41,0.37,0.48,0.84,0.434,0.566,0.08,0.49,0.57,0.49,0.19,0.139,0.861,0.912,0.353,2020-21
123,1630166,Deni Avdija,1610612764,WAS,20.0,54,23.3,6.44,3.57,2.87,1.26,0.04,0.19,0.41,0.2,0.17,0.37,0.55,0.45,0.06,0.46,0.52,0.44,0.17,0.107,0.893,1.0,0.375,2020-21
124,203471,Dennis Schroder,1610612747,LAL,27.0,61,32.1,4.85,2.59,2.26,1.82,0.16,0.39,0.9,0.48,0.48,0.95,0.5,0.5,0.0,0.51,0.51,0.48,0.11,0.0,1.0,1.0,0.241,2020-21
125,1628372,Dennis Smith Jr.,1610612765,DET,23.0,23,18.3,4.22,2.3,1.91,2.26,0.0,0.26,0.7,0.22,0.17,0.39,0.556,0.444,0.0,0.26,0.26,0.22,0.09,0.0,1.0,0.833,0.333,2020-21
126,1627756,Denzel Valentine,1610612741,CHI,27.0,62,16.7,2.84,1.31,1.53,0.77,0.0,0.13,0.31,0.11,0.31,0.42,0.269,0.731,0.02,0.35,0.37,0.37,0.1,0.043,0.957,1.0,0.261,2020-21
127,202324,Derrick Favors,1610612762,UTA,29.0,68,15.3,8.31,6.78,1.53,0.81,0.03,2.38,5.75,0.28,0.21,0.49,0.576,0.424,0.47,1.63,2.1,1.71,1.0,0.224,0.776,0.967,0.567,2020-21
128,1627884,Derrick Jones Jr.,1610612757,POR,24.0,58,22.7,5.26,3.16,2.1,1.48,0.0,0.76,1.84,0.29,0.48,0.78,0.378,0.622,0.02,0.41,0.43,0.31,0.12,0.04,0.96,0.947,0.368,2020-21
129,201565,Derrick Rose,1610612752,NYK,32.0,50,25.6,3.58,1.72,1.86,1.46,0.04,0.08,0.18,0.36,0.36,0.72,0.5,0.5,0.0,0.06,0.06,0.06,0.02,0.0,1.0,1.0,0.333,2020-21
130,1628401,Derrick White,1610612759,SAS,26.0,36,29.5,7.5,4.47,3.03,1.94,0.39,0.44,1.03,0.31,0.25,0.56,0.55,0.45,0.0,0.22,0.22,0.22,0.0,0.0,1.0,1.0,0.0,2020-21
131,1630217,Desmond Bane,1610612763,MEM,22.0,68,22.3,4.16,1.9,2.26,1.29,0.0,0.18,0.43,0.13,0.37,0.5,0.265,0.735,0.0,0.35,0.35,0.25,0.04,0.0,1.0,0.895,0.158,2020-21
132,1626164,Devin Booker,1610612756,PHX,24.0,67,33.9,5.34,2.61,2.73,1.1,0.01,0.33,0.73,0.37,0.31,0.69,0.543,0.457,0.01,0.88,0.9,0.76,0.13,0.017,0.983,0.981,0.173,2020-21
133,1629962,Devin Cannady,1610612753,ORL,25.0,8,9.3,1.63,0.63,1.0,0.75,0.0,0.13,0.38,0.13,0.13,0.25,0.5,0.5,0.0,0.25,0.25,0.25,0.13,0.0,1.0,1.0,0.5,2020-21
134,1630170,Devin Vassell,1610612759,SAS,20.0,62,17.0,3.13,1.87,1.26,1.32,0.0,0.15,0.31,0.21,0.24,0.45,0.464,0.536,0.0,0.18,0.18,0.13,0.06,0.0,1.0,0.889,0.444,2020-21
135,1629653,Devon Dotson,1610612741,CHI,21.0,11,4.6,1.0,0.64,0.36,0.73,0.0,0.0,0.0,0.0,0.27,0.27,0.0,1.0,0.0,0.09,0.09,0.09,0.0,0.0,1.0,1.0,0.0,2020-21
136,1629719,Devontae Cacok,1610612747,LAL,24.0,20,4.9,1.4,0.95,0.45,0.5,0.0,0.55,1.25,0.05,0.0,0.05,1.0,0.0,0.25,0.3,0.55,0.35,0.3,0.455,0.545,0.778,0.667,2020-21
137,1628984,Devonte' Graham,1610612766,CHA,26.0,55,30.2,3.13,0.87,2.25,1.82,0.16,0.13,0.29,0.29,0.42,0.71,0.41,0.59,0.0,0.55,0.55,0.49,0.09,0.0,1.0,1.0,0.185,2020-21
138,203473,Dewayne Dedmon,1610612748,MIA,31.0,16,13.2,4.0,3.06,0.94,0.88,0.06,1.69,4.0,0.06,0.19,0.25,0.25,0.75,0.63,1.06,1.69,1.44,1.06,0.37,0.63,0.958,0.708,2020-21
139,1629712,Didi Louzada,1610612740,NOP,21.0,3,18.8,1.67,1.0,0.67,1.0,0.0,0.0,0.0,0.33,0.33,0.67,0.5,0.5,0.0,0.33,0.33,0.33,0.0,0.0,1.0,1.0,0.0,2020-21
140,1628415,Dillon Brooks,1610612763,MEM,25.0,67,29.8,5.73,2.81,2.93,2.76,0.03,0.33,0.7,0.24,0.43,0.67,0.356,0.644,0.06,0.58,0.64,0.57,0.13,0.093,0.907,0.927,0.22,2020-21
141,1627734,Domantas Sabonis,1610612754,IND,25.0,62,36.0,10.56,7.97,2.6,2.26,0.03,6.5,15.21,0.65,0.4,1.05,0.615,0.385,0.58,1.68,2.26,2.03,1.32,0.257,0.743,0.962,0.626,2020-21
142,1628378,Donovan Mitchell,1610612762,UTA,24.0,53,33.4,3.28,1.57,1.72,1.75,0.04,0.21,0.53,0.62,0.62,1.25,0.5,0.5,0.0,0.81,0.81,0.66,0.17,0.0,1.0,0.921,0.237,2020-21
143,1629743,Donta Hall,1610612753,ORL,23.0,13,13.8,5.08,4.08,1.0,0.69,0.15,2.08,4.46,0.15,0.08,0.23,0.667,0.333,0.0,0.31,0.31,0.23,0.08,0.0,1.0,1.0,0.333,2020-21
144,1628978,Donte DiVincenzo,1610612749,MIL,24.0,66,27.5,4.91,2.23,2.68,2.17,0.05,0.41,0.94,0.55,0.48,1.03,0.529,0.471,0.05,0.15,0.2,0.17,0.06,0.231,0.769,1.0,0.364,2020-21
145,1627827,Dorian Finney-Smith,1610612742,DAL,28.0,60,32.0,6.27,3.78,2.48,1.68,0.02,0.97,2.27,0.37,0.38,0.75,0.489,0.511,0.03,1.2,1.23,0.92,0.3,0.027,0.973,0.917,0.3,2020-21
146,203926,Doug McDermott,1610612754,IND,29.0,66,24.5,3.76,2.12,1.64,0.44,0.03,0.14,0.27,0.24,0.15,0.39,0.615,0.385,0.14,0.58,0.71,0.62,0.35,0.191,0.809,0.932,0.523,2020-21
147,203110,Draymond Green,1610612744,GSW,31.0,63,31.5,9.98,6.79,3.19,2.87,0.27,3.05,7.73,0.32,0.41,0.73,0.435,0.565,0.08,2.57,2.65,2.03,0.75,0.03,0.97,0.962,0.353,2020-21
148,1629234,Drew Eubanks,1610612759,SAS,24.0,54,14.0,5.61,4.22,1.39,0.8,0.0,2.5,5.48,0.15,0.17,0.31,0.471,0.529,0.39,1.17,1.56,1.2,0.65,0.25,0.75,0.929,0.5,2020-21
149,1629130,Duncan Robinson,1610612748,MIA,27.0,72,31.4,5.92,2.88,3.04,1.17,0.18,1.08,2.4,0.22,0.35,0.57,0.39,0.61,0.0,1.03,1.03,0.85,0.22,0.0,1.0,0.938,0.246,2020-21
150,1628407,Dwayne Bacon,1610612753,ORL,25.0,72,25.7,4.25,2.04,2.21,0.97,0.0,0.08,0.17,0.24,0.38,0.61,0.386,0.614,0.01,0.19,0.21,0.18,0.08,0.067,0.933,0.867,0.4,2020-21
151,2730,Dwight Howard,1610612755,PHI,35.0,69,17.3,4.52,3.91,0.61,1.09,0.0,3.07,6.49,0.1,0.16,0.26,0.389,0.611,1.29,1.13,2.42,2.09,1.58,0.533,0.467,0.96,0.727,2020-21
152,203939,Dwight Powell,1610612742,DAL,29.0,58,16.6,6.45,4.55,1.9,1.09,0.0,3.29,7.72,0.21,0.29,0.5,0.414,0.586,0.45,1.5,1.95,1.43,0.81,0.23,0.77,0.912,0.516,2020-21
153,1629685,Dylan Windler,1610612739,CLE,24.0,31,16.5,3.23,1.77,1.45,1.23,0.0,0.06,0.13,0.32,0.42,0.74,0.435,0.565,0.1,0.42,0.52,0.32,0.23,0.188,0.813,0.909,0.636,2020-21
154,202734,E'Twaun Moore,1610612756,PHX,32.0,27,14.4,2.74,1.59,1.15,0.89,0.0,0.15,0.37,0.22,0.26,0.48,0.462,0.538,0.0,0.3,0.3,0.19,0.11,0.0,1.0,1.0,0.6,2020-21
155,202334,Ed Davis,1610612750,MIN,32.0,23,13.0,3.83,3.13,0.7,0.78,0.0,2.74,6.39,0.3,0.13,0.43,0.7,0.3,0.57,1.96,2.52,2.17,1.13,0.224,0.776,1.0,0.52,2020-21
156,1628410,Edmond Sumner,1610612754,IND,25.0,53,16.2,2.08,1.15,0.92,1.25,0.0,0.06,0.15,0.17,0.34,0.51,0.333,0.667,0.0,0.19,0.19,0.19,0.06,0.0,1.0,1.0,0.3,2020-21
157,203901,Elfrid Payton,1610612752,NYK,27.0,63,23.6,4.11,1.44,2.67,1.65,0.0,0.1,0.21,0.44,0.24,0.68,0.651,0.349,0.02,0.13,0.14,0.13,0.08,0.111,0.889,0.889,0.556,2020-21
158,1629091,Elijah Bryant,1610612749,MIL,26.0,1,31.6,5.0,5.0,0.0,0.0,0.0,0.0,0.0,1.0,0.0,1.0,1.0,0.0,0.0,1.0,1.0,1.0,0.0,0.0,1.0,1.0,0.0,2020-21
159,1630190,Elijah Hughes,1610612762,UTA,23.0,18,3.5,0.56,0.28,0.28,0.11,0.06,0.0,0.0,0.0,0.0,0.0,0.0,0.0,0.0,0.06,0.06,0.0,0.0,0.0,1.0,0.0,0.0,2020-21
160,202683,Enes Kanter,1610612757,POR,29.0,72,24.4,6.33,5.11,1.22,0.69,0.0,4.07,9.64,0.36,0.14,0.5,0.722,0.278,1.81,1.71,3.51,2.88,2.17,0.514,0.486,0.945,0.712,2020-21
161,202339,Eric Bledsoe,1610612740,NOP,31.0,71,29.7,5.97,2.63,3.34,1.44,0.15,0.24,0.52,0.34,0.35,0.69,0.49,0.51,0.0,0.34,0.34,0.31,0.06,0.0,1.0,0.957,0.174,2020-21
162,201569,Eric Gordon,1610612745,HOU,32.0,27,29.2,3.26,1.56,1.7,1.19,0.0,0.26,0.67,0.33,0.22,0.56,0.6,0.4,0.0,0.59,0.59,0.41,0.11,0.0,1.0,0.846,0.231,2020-21
163,1629672,Eric Paschall,1610612744,GSW,24.0,40,17.4,5.25,3.53,1.73,0.65,0.0,1.53,3.58,0.2,0.18,0.38,0.533,0.467,0.05,1.25,1.3,0.73,0.28,0.038,0.962,0.806,0.306,2020-21
164,101141,Ersan Ilyasova,1610612762,UTA,34.0,17,8.7,2.65,1.65,1.0,0.88,0.12,0.35,0.76,0.06,0.18,0.24,0.25,0.75,0.12,0.35,0.47,0.29,0.12,0.25,0.75,0.833,0.333,2020-21
165,203095,Evan Fournier,1610612738,BOS,28.0,42,30.0,5.26,3.1,2.17,1.98,0.0,0.24,0.57,0.21,0.38,0.6,0.36,0.64,0.05,0.6,0.64,0.55,0.19,0.074,0.926,0.885,0.308,2020-21
166,1630267,Facundo Campazzo,1610612743,DEN,30.0,65,21.9,3.0,1.26,1.74,2.71,0.11,0.15,0.34,0.26,0.57,0.83,0.315,0.685,0.02,0.23,0.25,0.17,0.03,0.063,0.938,0.733,0.133,2020-21
167,1628402,Frank Jackson,1610612765,DET,23.0,40,18.5,3.23,1.58,1.65,0.5,0.0,0.0,0.0,0.3,0.35,0.65,0.462,0.538,0.0,0.2,0.2,0.2,0.05,0.0,1.0,1.0,0.25,2020-21
168,1626163,Frank Kaminsky,1610612756,PHX,28.0,47,15.2,6.23,4.79,1.45,0.74,0.02,1.91,4.19,0.06,0.13,0.19,0.333,0.667,0.15,1.17,1.32,1.04,0.45,0.113,0.887,0.961,0.412,2020-21
169,1628412,Frank Mason,1610612753,ORL,27.0,4,19.8,4.0,0.75,3.25,0.25,0.0,0.25,0.5,0.5,0.25,0.75,0.667,0.333,0.0,0.5,0.5,0.5,0.0,0.0,1.0,1.0,0.0,2020-21
170,1628373,Frank Ntilikina,1610612752,NYK,22.0,33,9.8,1.61,0.91,0.7,0.97,0.06,0.06,0.18,0.0,0.15,0.15,0.0,1.0,0.0,0.09,0.09,0.09,0.0,0.0,1.0,1.0,0.0,2020-21
171,1627832,Fred VanVleet,1610612761,TOR,27.0,52,36.5,5.9,2.65,3.25,3.83,0.02,0.6,1.44,0.52,0.62,1.13,0.458,0.542,0.02,1.27,1.29,1.12,0.33,0.015,0.985,0.906,0.266,2020-21
172,1630273,Freddie Gillespie,1610612761,TOR,23.0,20,19.6,7.35,5.85,1.5,1.3,0.1,2.2,5.25,0.35,0.55,0.9,0.389,0.611,0.3,1.1,1.4,1.15,0.55,0.214,0.786,0.885,0.423,2020-21
173,1627788,Furkan Korkmaz,1610612755,PHI,23.0,55,19.3,2.76,1.29,1.47,1.11,0.05,0.24,0.49,0.15,0.27,0.42,0.348,0.652,0.0,0.09,0.09,0.05,0.0,0.0,1.0,0.75,0.0,2020-21
174,1629216,Gabe Vincent,1610612748,MIA,24.0,50,13.1,2.36,0.66,1.7,1.16,0.24,0.24,0.62,0.06,0.28,0.34,0.176,0.824,0.02,0.3,0.32,0.32,0.08,0.063,0.938,1.0,0.25,2020-21
175,1630466,Gabriel Deck,1610612760,OKC,26.0,10,21.2,3.4,1.7,1.7,0.8,0.1,0.7,2.0,0.2,0.1,0.3,0.667,0.333,0.0,0.2,0.2,0.2,0.1,0.0,1.0,1.0,0.5,2020-21
176,202066,Garrett Temple,1610612741,CHI,35.0,56,27.3,5.57,3.02,2.55,2.02,0.07,0.32,0.82,0.29,0.43,0.71,0.4,0.6,0.0,0.23,0.23,0.2,0.04,0.0,1.0,1.0,0.182,2020-21
177,1629726,Garrison Mathews,1610612764,WAS,24.0,64,16.2,2.59,1.25,1.34,0.84,0.2,0.06,0.13,0.08,0.19,0.27,0.294,0.706,0.02,0.34,0.36,0.28,0.06,0.043,0.957,1.0,0.222,2020-21
178,1629109,Gary Clark,1610612755,PHI,26.0,39,16.8,3.49,1.85,1.64,0.85,0.03,0.49,1.03,0.26,0.1,0.36,0.714,0.286,0.08,0.77,0.85,0.54,0.05,0.091,0.909,0.913,0.087,2020-21
179,203914,Gary Harris,1610612753,ORL,26.0,39,27.7,3.46,1.21,2.26,2.31,0.05,0.31,0.64,0.38,0.41,0.79,0.484,0.516,0.0,0.13,0.13,0.13,0.0,0.0,1.0,1.0,0.0,2020-21
180,1627780,Gary Payton II,1610612744,GSW,28.0,10,4.0,0.8,0.6,0.2,0.9,0.0,0.1,0.2,0.1,0.2,0.3,0.333,0.667,0.0,0.1,0.1,0.1,0.0,0.0,1.0,1.0,0.0,2020-21
181,1629018,Gary Trent Jr.,1610612761,TOR,22.0,58,31.1,3.57,1.6,1.97,2.05,0.0,0.22,0.52,0.24,0.34,0.59,0.412,0.588,0.02,0.26,0.28,0.22,0.12,0.063,0.938,0.929,0.5,2020-21
182,201588,George Hill,1610612755,PHI,35.0,30,22.4,3.5,1.5,2.0,1.33,0.07,0.2,0.47,0.3,0.4,0.7,0.429,0.571,0.1,0.6,0.7,0.37,0.1,0.143,0.857,0.917,0.25,2020-21
183,1627777,Georges Niang,1610612762,UTA,27.0,72,16.0,2.9,1.69,1.21,0.61,0.0,0.36,0.93,0.18,0.15,0.33,0.542,0.458,0.01,0.6,0.61,0.47,0.15,0.023,0.977,0.944,0.306,2020-21
184,203507,Giannis Antetokounmpo,1610612749,MIL,26.0,61,33.0,8.62,4.77,3.85,2.03,0.03,2.79,6.51,0.62,0.51,1.13,0.551,0.449,0.16,0.82,0.98,0.75,0.57,0.167,0.833,0.92,0.7,2020-21
185,203922,Glenn Robinson III,1610612758,SAC,27.0,23,16.1,3.96,2.39,1.57,0.7,0.0,0.04,0.09,0.09,0.26,0.35,0.25,0.75,0.04,0.7,0.74,0.48,0.22,0.059,0.941,1.0,0.455,2020-21
186,1629048,Goga Bitadze,1610612754,IND,21.0,45,12.5,6.49,5.44,1.04,0.6,0.0,1.96,4.44,0.18,0.07,0.24,0.727,0.273,0.58,1.09,1.67,1.4,0.69,0.347,0.653,0.94,0.463,2020-21
187,201609,Goran Dragic,1610612748,MIA,35.0,50,26.7,3.52,1.76,1.76,1.42,0.1,0.32,0.72,0.36,0.32,0.68,0.529,0.471,0.0,0.36,0.36,0.32,0.08,0.0,1.0,0.941,0.235,2020-21
188,202330,Gordon Hayward,1610612766,CHA,31.0,44,34.0,5.73,3.09,2.64,1.95,0.02,0.32,0.8,0.45,0.43,0.89,0.513,0.487,0.07,0.8,0.86,0.77,0.41,0.079,0.921,0.944,0.5,2020-21
189,203476,Gorgui Dieng,1610612759,SAS,31.0,38,14.5,5.26,3.63,1.63,1.5,0.08,2.11,4.55,0.24,0.18,0.42,0.563,0.438,0.18,1.11,1.29,0.95,0.47,0.143,0.857,0.947,0.474,2020-21
190,1630203,Grant Riller,1610612766,CHA,24.0,7,3.9,0.29,0.0,0.29,0.14,0.0,0.14,0.43,0.0,0.14,0.14,0.0,1.0,0.0,0.0,0.0,0.0,0.0,0.0,0.0,0.0,0.0,2020-21
191,1629684,Grant Williams,1610612738,BOS,22.0,63,18.1,4.92,3.08,1.84,0.81,0.08,1.03,2.62,0.21,0.19,0.4,0.52,0.48,0.16,1.19,1.35,1.06,0.3,0.118,0.882,0.957,0.271,2020-21
192,1628960,Grayson Allen,1610612763,MEM,25.0,50,25.2,4.02,1.72,2.3,1.04,0.06,0.26,0.54,0.24,0.24,0.48,0.5,0.5,0.0,0.16,0.16,0.14,0.08,0.0,1.0,1.0,0.571,2020-21
193,204222,Greg Whittington,1610612743,DEN,28.0,4,3.0,0.0,0.0,0.0,0.0,0.0,0.5,1.0,0.0,0.0,0.0,0.0,0.0,0.0,0.5,0.5,0.5,0.0,0.0,1.0,1.0,0.0,2020-21
194,1628977,Hamidou Diallo,1610612765,DET,22.0,52,23.6,4.19,2.46,1.73,1.5,0.04,0.1,0.23,0.35,0.33,0.67,0.514,0.486,0.1,0.23,0.33,0.27,0.12,0.294,0.706,1.0,0.429,2020-21
195,203084,Harrison Barnes,1610612758,SAC,29.0,58,36.2,6.86,4.36,2.5,1.41,0.03,0.83,1.91,0.45,0.34,0.79,0.565,0.435,0.21,1.5,1.71,1.24,0.66,0.121,0.879,0.923,0.487,2020-21
196,1628385,Harry Giles III,1610612757,POR,23.0,38,9.2,3.58,1.74,1.84,0.45,0.0,1.24,3.11,0.11,0.05,0.16,0.667,0.333,0.16,0.5,0.66,0.53,0.42,0.24,0.76,1.0,0.8,2020-21
197,202355,Hassan Whiteside,1610612758,SAC,31.0,36,15.2,7.19,5.94,1.25,0.42,0.03,1.92,4.31,0.33,0.19,0.53,0.632,0.368,0.94,0.92,1.86,1.53,1.08,0.507,0.493,0.948,0.672,2020-21
198,1627740,Henry Ellenson,1610612761,TOR,24.0,2,19.2,7.0,4.5,2.5,0.0,0.5,4.5,10.0,0.5,0.0,0.5,1.0,0.0,0.0,2.5,2.5,2.5,0.5,0.0,1.0,1.0,0.2,2020-21
199,1629649,Ignas Brazdeikis,1610612753,ORL,22.0,13,19.1,4.0,2.31,1.69,0.77,0.0,0.08,0.15,0.38,0.23,0.62,0.625,0.375,0.08,0.69,0.77,0.54,0.15,0.1,0.9,1.0,0.286,2020-21
200,202697,Iman Shumpert,1610612751,BKN,30.0,2,5.5,0.5,0.0,0.5,0.5,0.0,0.0,0.0,0.0,0.0,0.0,0.0,0.0,0.0,0.0,0.0,0.0,0.0,0.0,0.0,0.0,0.0,2020-21
201,1630193,Immanuel Quickley,1610612752,NYK,21.0,64,19.4,3.5,1.73,1.77,0.97,0.02,0.09,0.23,0.22,0.22,0.44,0.5,0.5,0.0,0.33,0.33,0.28,0.06,0.0,1.0,0.947,0.211,2020-21
202,1629067,Isaac Bonga,1610612764,WAS,21.0,40,10.8,2.7,1.4,1.3,0.68,0.05,0.2,0.45,0.2,0.15,0.35,0.571,0.429,0.0,0.38,0.38,0.23,0.05,0.0,1.0,0.818,0.182,2020-21
203,1630171,Isaac Okoro,1610612739,CLE,20.0,67,32.4,6.75,4.16,2.58,1.64,0.09,0.15,0.34,0.4,0.42,0.82,0.491,0.509,0.04,0.82,0.87,0.66,0.13,0.052,0.948,0.957,0.196,2020-21
204,1628392,Isaiah Hartenstein,1610612739,CLE,23.0,46,12.2,4.87,3.63,1.24,0.74,0.04,2.15,4.93,0.17,0.22,0.39,0.444,0.556,0.57,1.15,1.72,1.09,0.8,0.329,0.671,0.833,0.617,2020-21
205,1630198,Isaiah Joe,1610612755,PHI,21.0,41,9.3,1.68,0.56,1.12,0.46,0.07,0.07,0.17,0.1,0.1,0.2,0.5,0.5,0.0,0.1,0.1,0.05,0.02,0.0,1.0,1.0,0.5,2020-21
206,1629676,Isaiah Roby,1610612760,OKC,23.0,61,23.4,7.02,4.66,2.36,1.93,0.05,2.2,5.15,0.57,0.28,0.85,0.673,0.327,0.18,1.25,1.43,1.11,0.46,0.126,0.874,0.907,0.373,2020-21
207,1630191,Isaiah Stewart,1610612765,DET,20.0,68,21.4,10.66,8.25,2.41,0.88,0.01,2.88,6.44,0.21,0.1,0.31,0.667,0.333,0.69,1.97,2.66,2.24,1.44,0.26,0.74,0.944,0.609,2020-21
208,202738,Isaiah Thomas,1610612740,NOP,32.0,3,16.1,0.67,0.0,0.67,0.33,0.0,0.0,0.0,0.0,0.33,0.33,0.0,1.0,0.0,0.0,0.0,0.0,0.0,0.0,0.0,0.0,0.0,2020-21
209,202397,Ish Smith,1610612764,WAS,32.0,44,21.0,2.66,1.48,1.18,1.16,0.25,0.11,0.25,0.36,0.43,0.8,0.457,0.543,0.0,0.2,0.2,0.18,0.09,0.0,1.0,0.889,0.444,2020-21
210,1627826,Ivica Zubac,1610612746,LAC,24.0,72,22.3,9.36,7.65,1.71,0.47,0.0,3.88,8.74,0.32,0.18,0.5,0.639,0.361,1.04,1.85,2.89,2.28,1.4,0.361,0.639,0.932,0.574,2020-21
211,200755,JJ Redick,1610612742,DAL,36.0,44,16.4,1.41,0.45,0.95,0.32,0.18,0.39,0.82,0.11,0.14,0.25,0.455,0.545,0.0,0.34,0.34,0.3,0.05,0.0,1.0,0.867,0.133,2020-21
212,1629630,Ja Morant,1610612763,MEM,21.0,63,32.6,3.67,1.68,1.98,1.27,0.03,0.35,0.81,0.38,0.3,0.68,0.558,0.442,0.03,0.49,0.52,0.49,0.11,0.061,0.939,0.969,0.219,2020-21
213,203960,JaKarr Sampson,1610612754,IND,28.0,29,10.9,4.62,3.76,0.86,0.34,0.03,0.97,2.0,0.07,0.03,0.1,0.667,0.333,0.03,0.66,0.69,0.52,0.14,0.05,0.95,1.0,0.267,2020-21
214,203210,JaMychal Green,1610612743,DEN,30.0,58,19.3,3.76,2.0,1.76,0.78,0.02,0.88,2.12,0.14,0.24,0.38,0.364,0.636,0.38,1.07,1.45,1.05,0.66,0.262,0.738,0.938,0.585,2020-21
215,201580,JaVale McGee,1610612743,DEN,33.0,46,14.7,4.98,3.85,1.13,1.28,0.02,1.93,4.39,0.33,0.15,0.48,0.682,0.318,0.22,1.04,1.26,0.89,0.63,0.172,0.828,1.0,0.707,2020-21
216,203953,Jabari Parker,1610612738,BOS,26.0,13,12.7,3.0,1.85,1.15,0.46,0.15,0.92,2.38,0.0,0.0,0.0,0.0,0.0,0.15,0.46,0.62,0.54,0.46,0.25,0.75,0.875,0.75,2020-21
217,1630183,Jaden McDaniels,1610612750,MIN,20.0,63,24.0,7.49,4.89,2.6,1.22,0.0,0.37,0.89,0.19,0.29,0.48,0.4,0.6,0.03,0.54,0.57,0.46,0.25,0.056,0.944,1.0,0.552,2020-21
218,203109,Jae Crowder,1610612756,PHX,30.0,60,27.5,5.72,3.3,2.42,1.48,0.13,0.78,1.72,0.27,0.3,0.57,0.471,0.529,0.02,0.57,0.58,0.38,0.1,0.029,0.971,0.958,0.25,2020-21
219,1630256,Jae'Sean Tate,1610612745,HOU,25.0,70,29.2,6.6,3.63,2.97,2.16,0.2,1.39,3.39,0.3,0.76,1.06,0.284,0.716,0.64,1.63,2.27,1.64,0.87,0.283,0.717,0.885,0.469,2020-21
220,1626143,Jahlil Okafor,1610612765,DET,25.0,27,12.9,5.7,4.59,1.11,0.37,0.07,1.48,3.3,0.33,0.07,0.41,0.818,0.182,0.37,1.11,1.48,1.33,0.81,0.25,0.75,1.0,0.611,2020-21
221,1630186,Jahmi'us Ramsey,1610612758,SAC,19.0,13,7.3,1.38,0.69,0.69,0.38,0.0,0.0,0.0,0.0,0.08,0.08,0.0,1.0,0.0,0.23,0.23,0.23,0.0,0.0,1.0,1.0,0.0,2020-21
222,1627774,Jake Layman,1610612750,MIN,27.0,45,13.9,2.76,1.8,0.96,0.91,0.04,0.16,0.44,0.11,0.29,0.4,0.278,0.722,0.0,0.62,0.62,0.36,0.09,0.0,1.0,0.8,0.2,2020-21
223,1627751,Jakob Poeltl,1610612759,SAS,25.0,69,26.7,14.45,11.57,2.88,1.29,0.04,5.55,12.03,0.42,0.19,0.61,0.69,0.31,0.49,1.87,2.38,2.01,1.01,0.207,0.787,0.972,0.49,2020-21
224,1628973,Jalen Brunson,1610612742,DAL,24.0,68,25.0,3.41,1.35,2.06,1.04,0.16,0.44,1.09,0.21,0.18,0.38,0.538,0.462,0.0,0.21,0.21,0.15,0.04,0.0,1.0,0.833,0.25,2020-21
225,1630223,Jalen Harris,1610612761,TOR,22.0,13,13.2,2.23,0.54,1.69,0.77,0.0,0.0,0.0,0.15,0.15,0.31,0.5,0.5,0.0,0.46,0.46,0.46,0.23,0.0,1.0,1.0,0.5,2020-21
226,1629665,Jalen Lecque,1610612754,IND,20.0,4,3.0,0.75,0.75,0.0,0.25,0.0,0.0,0.0,0.25,0.0,0.25,1.0,0.0,0.0,0.0,0.0,0.0,0.0,0.0,0.0,0.0,0.0,2020-21
227,1629667,Jalen McDaniels,1610612766,CHA,23.0,47,19.2,5.62,3.21,2.4,1.3,0.06,0.17,0.45,0.19,0.3,0.49,0.391,0.609,0.09,0.49,0.57,0.49,0.21,0.148,0.852,0.958,0.417,2020-21
228,1630188,Jalen Smith,1610612756,PHX,21.0,27,5.8,1.78,0.96,0.81,0.11,0.0,0.33,0.74,0.04,0.04,0.07,0.5,0.5,0.11,0.41,0.52,0.37,0.19,0.214,0.786,0.833,0.417,2020-21
229,1627750,Jamal Murray,1610612743,DEN,24.0,48,35.5,5.65,2.35,3.29,2.27,0.08,1.27,2.79,0.52,0.52,1.04,0.5,0.5,0.0,0.27,0.27,0.23,0.08,0.0,1.0,1.0,0.364,2020-21
230,203516,James Ennis III,1610612753,ORL,30.0,41,24.1,4.17,1.8,2.37,1.76,0.1,0.24,0.54,0.2,0.34,0.54,0.364,0.636,0.12,0.22,0.34,0.27,0.1,0.357,0.643,1.0,0.364,2020-21
231,201935,James Harden,1610612751,BKN,31.0,44,36.6,4.05,2.59,1.45,2.5,0.02,0.52,1.32,0.34,0.34,0.68,0.5,0.5,0.02,1.11,1.14,0.7,0.3,0.02,0.98,0.969,0.406,2020-21
232,201949,James Johnson,1610612740,NOP,34.0,51,20.5,5.53,2.94,2.59,1.37,0.0,0.8,2.12,0.2,0.18,0.37,0.526,0.474,0.04,0.9,0.94,0.65,0.25,0.042,0.958,0.943,0.371,2020-21
233,203263,James Nunnally,1610612740,NOP,30.0,9,5.3,0.22,0.0,0.22,0.11,0.0,0.0,0.0,0.0,0.11,0.11,0.0,1.0,0.11,0.0,0.11,0.11,0.11,1.0,0.0,1.0,1.0,2020-21
234,1630164,James Wiseman,1610612744,GSW,20.0,39,21.4,8.64,6.69,1.95,0.23,0.03,2.41,5.41,0.26,0.31,0.56,0.455,0.545,0.36,1.38,1.77,1.28,0.67,0.203,0.783,0.926,0.481,2020-21
235,201162,Jared Dudley,1610612747,LAL,35.0,12,6.7,1.83,1.17,0.67,0.75,0.0,0.25,0.58,0.08,0.08,0.17,0.5,0.5,0.08,0.33,0.42,0.33,0.25,0.2,0.8,1.0,0.75,2020-21
236,1629607,Jared Harper,1610612752,NYK,23.0,8,2.0,0.5,0.0,0.5,0.0,0.0,0.0,0.0,0.0,0.0,0.0,0.0,0.0,0.0,0.0,0.0,0.0,0.0,0.0,0.0,0.0,0.0,2020-21
237,1628991,Jaren Jackson Jr.,1610612763,MEM,21.0,11,23.5,9.64,7.27,2.36,2.27,0.0,1.64,3.64,0.09,0.09,0.18,0.5,0.5,0.0,1.45,1.45,1.27,0.36,0.0,1.0,1.0,0.286,2020-21
238,1629020,Jarred Vanderbilt,1610612750,MIN,22.0,64,17.8,6.0,4.28,1.72,1.69,0.03,1.33,3.17,0.33,0.39,0.72,0.457,0.543,0.28,0.41,0.69,0.48,0.34,0.409,0.591,0.939,0.667,2020-21
239,1629714,Jarrell Brantley,1610612762,UTA,25.0,28,4.9,0.93,0.68,0.25,0.36,0.0,0.11,0.29,0.04,0.11,0.14,0.25,0.75,0.0,0.14,0.14,0.07,0.0,0.0,1.0,1.0,0.0,2020-21
240,1628386,Jarrett Allen,1610612739,CLE,23.0,63,29.6,11.76,9.73,2.03,1.32,0.02,4.68,10.62,0.46,0.3,0.76,0.604,0.396,0.59,1.62,2.21,1.83,1.27,0.266,0.734,0.975,0.678,2020-21
241,1629633,Jarrett Culver,1610612750,MIN,22.0,34,14.7,2.76,1.41,1.35,1.26,0.03,0.06,0.12,0.21,0.18,0.38,0.538,0.462,0.0,0.12,0.12,0.09,0.09,0.0,1.0,1.0,1.0,2020-21
242,1629750,Javonte Green,1610612741,CHI,27.0,41,11.6,1.73,0.95,0.78,1.41,0.0,0.24,0.56,0.29,0.15,0.44,0.667,0.333,0.02,0.27,0.29,0.27,0.12,0.083,0.917,1.0,0.455,2020-21
243,1629637,Jaxson Hayes,1610612740,NOP,21.0,60,16.1,5.65,3.88,1.77,0.88,0.0,1.17,2.65,0.25,0.18,0.43,0.577,0.423,0.23,1.15,1.38,1.02,0.5,0.169,0.831,0.938,0.462,2020-21
244,1630206,Jay Scrubb,1610612746,LAC,20.0,4,21.0,3.0,0.5,2.5,1.0,0.5,0.25,0.75,0.5,0.25,0.75,0.667,0.333,0.0,0.25,0.25,0.25,0.0,0.0,1.0,1.0,0.0,2020-21
245,1629121,Jaylen Adams,1610612749,MIL,25.0,7,2.6,0.29,0.29,0.0,0.0,0.0,0.0,0.0,0.0,0.0,0.0,0.0,0.0,0.0,0.14,0.14,0.14,0.0,0.0,1.0,1.0,0.0,2020-21
246,1627759,Jaylen Brown,1610612738,BOS,24.0,58,34.5,5.19,2.24,2.95,2.12,0.0,0.21,0.53,0.52,0.53,1.05,0.492,0.508,0.05,0.62,0.67,0.57,0.21,0.077,0.923,1.0,0.364,2020-21
247,1629658,Jaylen Hoard,1610612760,OKC,22.0,19,16.8,3.16,1.74,1.42,0.89,0.0,0.95,2.21,0.26,0.16,0.42,0.625,0.375,0.11,0.32,0.42,0.42,0.26,0.25,0.75,1.0,0.625,2020-21
248,1629669,Jaylen Nowell,1610612750,MIN,21.0,42,18.1,3.88,2.26,1.62,0.93,0.0,0.17,0.38,0.21,0.24,0.45,0.474,0.526,0.02,0.12,0.14,0.14,0.07,0.167,0.833,1.0,0.5,2020-21
249,1628369,Jayson Tatum,1610612738,BOS,23.0,64,35.8,4.16,2.03,2.13,2.19,0.0,0.33,0.78,0.58,0.41,0.98,0.587,0.413,0.03,0.31,0.34,0.2,0.16,0.091,0.909,0.813,0.625,2020-21
250,201145,Jeff Green,1610612751,BKN,34.0,68,27.0,6.9,4.29,2.6,1.13,0.07,1.72,4.07,0.15,0.22,0.37,0.4,0.6,0.0,1.16,1.16,0.87,0.41,0.0,1.0,0.952,0.452,2020-21
251,201952,Jeff Teague,1610612749,MIL,32.0,55,17.3,2.56,1.09,1.47,1.2,0.0,0.22,0.51,0.18,0.25,0.44,0.417,0.583,0.0,0.13,0.13,0.11,0.02,0.0,1.0,0.857,0.143,2020-21
252,203924,Jerami Grant,1610612765,DET,27.0,54,33.9,5.94,3.57,2.37,1.22,0.11,0.5,1.15,0.37,0.2,0.57,0.645,0.355,0.06,0.85,0.91,0.63,0.13,0.061,0.939,0.971,0.2,2020-21
253,1629725,Jeremiah Martin,1610612739,CLE,24.0,9,8.4,1.67,1.22,0.44,1.33,0.0,0.0,0.0,0.22,0.11,0.33,0.667,0.333,0.0,0.22,0.22,0.11,0.0,0.0,1.0,1.0,0.0,2020-21
254,203087,Jeremy Lamb,1610612754,IND,29.0,36,21.3,3.92,1.94,1.97,1.47,0.06,0.22,0.5,0.25,0.17,0.42,0.6,0.4,0.03,0.42,0.44,0.28,0.14,0.063,0.938,0.769,0.385,2020-21
255,1629010,Jerome Robinson,1610612764,WAS,24.0,17,17.9,3.53,1.71,1.82,1.24,0.06,0.0,0.0,0.24,0.35,0.59,0.4,0.6,0.0,0.47,0.47,0.29,0.06,0.0,1.0,1.0,0.2,2020-21
256,1628975,Jevon Carter,1610612756,PHX,25.0,60,11.9,1.5,0.75,0.75,1.17,0.0,0.1,0.27,0.1,0.18,0.28,0.353,0.647,0.0,0.18,0.18,0.17,0.03,0.0,1.0,1.0,0.2,2020-21
257,202710,Jimmy Butler,1610612748,MIA,31.0,52,33.6,4.21,2.04,2.17,3.5,0.12,0.71,1.79,0.62,0.58,1.19,0.516,0.484,0.37,1.29,1.65,1.48,0.6,0.221,0.779,0.928,0.373,2020-21
258,203925,Joe Harris,1610612751,BKN,29.0,69,31.0,6.78,4.14,2.64,1.19,0.04,0.51,1.26,0.46,0.3,0.77,0.604,0.396,0.06,1.04,1.1,0.94,0.23,0.053,0.947,0.97,0.239,2020-21
259,204060,Joe Ingles,1610612762,UTA,33.0,67,27.9,3.0,1.3,1.7,1.24,0.01,0.4,1.0,0.25,0.22,0.48,0.531,0.469,0.0,0.73,0.73,0.55,0.16,0.0,1.0,0.902,0.268,2020-21
260,203954,Joel Embiid,1610612755,PHI,27.0,51,31.1,8.94,7.27,1.67,1.61,0.08,2.84,6.0,0.57,0.43,1.0,0.569,0.431,0.45,2.18,2.63,2.14,1.39,0.172,0.828,0.956,0.623,2020-21
261,1628381,John Collins,1610612737,ATL,23.0,63,29.3,10.32,6.65,3.67,1.27,0.17,2.06,4.79,0.3,0.22,0.52,0.576,0.424,0.44,1.86,2.3,1.63,0.63,0.193,0.807,0.928,0.36,2020-21
262,1629723,John Konchar,1610612763,MEM,25.0,43,13.4,2.23,1.09,1.14,1.3,0.02,0.16,0.4,0.21,0.16,0.37,0.563,0.438,0.02,0.19,0.21,0.19,0.09,0.111,0.889,0.889,0.444,2020-21
263,202322,John Wall,1610612745,HOU,30.0,40,32.2,4.5,3.25,1.25,2.1,0.03,0.0,0.0,0.55,0.38,0.93,0.595,0.405,0.0,0.25,0.25,0.23,0.1,0.0,1.0,1.0,0.444,2020-21
264,202685,Jonas Valanciunas,1610612763,MEM,29.0,62,28.3,10.89,8.81,2.08,0.94,0.02,4.37,9.4,0.44,0.35,0.79,0.551,0.449,1.56,2.31,3.89,3.18,2.39,0.402,0.593,0.947,0.712,2020-21
265,1629007,Jontay Porter,1610612763,MEM,21.0,11,4.9,1.73,1.36,0.36,0.36,0.0,0.55,1.09,0.0,0.09,0.09,0.0,1.0,0.0,0.09,0.09,0.09,0.09,0.0,1.0,1.0,1.0,2020-21
266,1628395,Jordan Bell,1610612744,GSW,26.0,6,13.6,5.33,2.83,2.5,1.17,0.17,1.67,3.67,0.33,0.17,0.5,0.667,0.333,0.0,0.5,0.5,0.33,0.17,0.0,1.0,1.0,0.5,2020-21
267,1629648,Jordan Bone,1610612753,ORL,23.0,14,14.0,1.36,0.79,0.57,0.64,0.0,0.0,0.0,0.29,0.21,0.5,0.571,0.429,0.0,0.21,0.21,0.14,0.0,0.0,1.0,0.667,0.0,2020-21
268,203903,Jordan Clarkson,1610612762,UTA,29.0,68,26.7,3.49,1.71,1.78,1.26,0.01,0.22,0.51,0.31,0.46,0.76,0.404,0.596,0.01,0.41,0.43,0.4,0.15,0.034,0.966,0.931,0.345,2020-21
269,1629162,Jordan McLaughlin,1610612750,MIN,25.0,51,18.4,3.55,1.84,1.71,2.02,0.04,0.43,1.08,0.33,0.39,0.73,0.459,0.541,0.0,0.16,0.16,0.16,0.04,0.0,1.0,1.0,0.25,2020-21
270,1629670,Jordan Nwora,1610612749,MIL,22.0,30,9.1,2.13,1.17,0.97,0.63,0.03,0.0,0.0,0.13,0.07,0.2,0.667,0.333,0.0,0.07,0.07,0.07,0.07,0.0,1.0,1.0,1.0,2020-21
271,1629673,Jordan Poole,1610612744,GSW,21.0,51,19.4,2.37,0.94,1.43,0.84,0.06,0.18,0.37,0.33,0.24,0.57,0.586,0.414,0.0,0.25,0.25,0.24,0.1,0.0,1.0,0.923,0.385,2020-21
272,1630182,Josh Green,1610612742,DAL,20.0,39,11.4,1.54,0.72,0.82,0.9,0.03,0.21,0.49,0.23,0.18,0.41,0.563,0.438,0.03,0.05,0.08,0.08,0.05,0.333,0.667,1.0,0.667,2020-21
273,1630221,Josh Hall,1610612760,OKC,20.0,21,16.0,3.19,1.29,1.9,0.33,0.0,0.1,0.24,0.1,0.19,0.29,0.333,0.667,0.0,0.19,0.19,0.19,0.05,0.0,1.0,1.0,0.25,2020-21
274,1628404,Josh Hart,1610612740,NOP,26.0,47,28.7,7.98,4.06,3.91,1.34,0.06,0.23,0.53,0.47,0.49,0.96,0.489,0.511,0.06,0.53,0.6,0.49,0.23,0.107,0.893,1.0,0.478,2020-21
275,1628367,Josh Jackson,1610612765,DET,24.0,62,25.2,4.4,2.82,1.58,1.32,0.1,0.16,0.4,0.47,0.34,0.81,0.58,0.42,0.1,0.5,0.6,0.55,0.16,0.162,0.838,0.971,0.286,2020-21
276,1629006,Josh Okogie,1610612750,MIN,22.0,59,20.3,4.24,2.39,1.85,1.8,0.07,0.32,0.83,0.25,0.47,0.73,0.349,0.651,0.05,0.32,0.37,0.25,0.1,0.136,0.864,0.938,0.375,2020-21
277,1626196,Josh Richardson,1610612742,DAL,27.0,59,30.3,4.07,1.93,2.14,2.03,0.02,0.22,0.53,0.36,0.47,0.83,0.429,0.571,0.02,0.36,0.37,0.29,0.1,0.045,0.955,0.895,0.316,2020-21
278,201950,Jrue Holiday,1610612749,MIL,30.0,59,32.3,6.64,3.15,3.49,3.15,0.03,0.25,0.63,0.68,0.58,1.25,0.541,0.459,0.22,0.41,0.63,0.54,0.31,0.351,0.649,0.941,0.529,2020-21
279,1629308,Juan Toscano-Anderson,1610612744,GSW,28.0,53,20.9,5.04,3.17,1.87,1.74,0.06,1.47,3.7,0.23,0.25,0.47,0.48,0.52,0.04,1.25,1.28,0.91,0.26,0.029,0.971,0.923,0.269,2020-21
280,1627823,Juancho Hernangomez,1610612750,MIN,25.0,52,17.3,3.42,2.04,1.38,0.56,0.0,0.48,1.13,0.21,0.12,0.33,0.647,0.353,0.08,0.56,0.63,0.38,0.29,0.121,0.879,0.952,0.714,2020-21
281,203944,Julius Randle,1610612752,NYK,26.0,71,37.6,7.58,4.41,3.17,1.32,0.03,2.45,5.54,0.66,0.39,1.06,0.627,0.373,0.25,1.62,1.87,1.56,0.86,0.135,0.865,0.941,0.517,2020-21
282,203200,Justin Holiday,1610612754,IND,32.0,72,30.3,6.1,3.44,2.65,2.17,0.03,0.43,0.99,0.19,0.39,0.58,0.333,0.667,0.03,0.69,0.72,0.53,0.19,0.038,0.962,0.864,0.318,2020-21
283,1628382,Justin Jackson,1610612749,MIL,26.0,34,17.0,3.18,1.32,1.85,0.65,0.0,0.18,0.47,0.21,0.18,0.38,0.538,0.462,0.06,0.26,0.32,0.24,0.03,0.182,0.818,0.8,0.1,2020-21
284,1629713,Justin James,1610612758,SAC,24.0,36,8.6,1.92,1.06,0.86,0.42,0.03,0.08,0.17,0.11,0.08,0.19,0.571,0.429,0.0,0.25,0.25,0.17,0.0,0.0,1.0,1.0,0.0,2020-21
285,1628383,Justin Patton,1610612745,HOU,23.0,13,19.0,6.92,4.85,2.08,1.54,0.0,1.62,3.62,0.23,0.15,0.38,0.6,0.4,0.23,1.54,1.77,1.54,0.62,0.13,0.87,1.0,0.4,2020-21
286,1629620,Justin Robinson,1610612760,OKC,23.0,9,9.8,1.11,0.44,0.67,0.56,0.22,0.11,0.33,0.0,0.0,0.0,0.0,0.0,0.11,0.11,0.22,0.22,0.0,0.5,0.5,1.0,0.0,2020-21
287,1626159,Justise Winslow,1610612763,MEM,25.0,26,19.5,4.23,2.31,1.92,0.92,0.08,0.46,0.96,0.23,0.04,0.27,0.857,0.143,0.0,0.42,0.42,0.38,0.08,0.0,1.0,0.909,0.182,2020-21
288,203994,Jusuf Nurkic,1610612757,POR,26.0,37,23.8,8.54,6.68,1.86,2.11,0.03,4.59,11.27,0.32,0.32,0.65,0.5,0.5,0.81,2.0,2.81,2.3,1.49,0.288,0.712,0.944,0.611,2020-21
289,1629752,Juwan Morgan,1610612762,UTA,24.0,29,5.1,1.59,0.76,0.83,0.34,0.0,0.55,1.28,0.03,0.07,0.1,0.333,0.667,0.07,0.34,0.41,0.21,0.1,0.167,0.833,0.857,0.429,2020-21
290,1629644,KZ Okpala,1610612748,MIA,22.0,37,12.1,3.41,1.59,1.81,1.05,0.0,0.19,0.41,0.19,0.14,0.32,0.583,0.417,0.0,0.62,0.62,0.38,0.05,0.0,1.0,0.933,0.133,2020-21
291,1630211,Karim Mane,1610612753,ORL,21.0,10,8.8,1.5,0.6,0.9,0.0,0.0,0.0,0.0,0.0,0.1,0.1,0.0,1.0,0.0,0.0,0.0,0.0,0.0,0.0,0.0,0.0,0.0,2020-21
292,1626157,Karl-Anthony Towns,1610612750,MIN,25.0,50,33.8,10.52,7.94,2.58,1.34,0.06,3.42,7.84,0.62,0.44,1.06,0.585,0.415,0.32,2.0,2.32,1.9,1.2,0.138,0.862,0.969,0.612,2020-21
293,202695,Kawhi Leonard,1610612746,LAC,29.0,52,34.1,5.69,3.1,2.6,2.6,0.02,0.4,0.96,0.58,0.4,0.98,0.588,0.412,0.06,0.79,0.85,0.63,0.29,0.068,0.932,0.917,0.417,2020-21
294,1628966,Keita Bates-Diop,1610612759,SAS,25.0,30,8.2,1.8,0.97,0.83,0.5,0.0,0.1,0.23,0.1,0.23,0.33,0.3,0.7,0.0,0.1,0.1,0.07,0.03,0.0,1.0,0.667,0.333,2020-21
295,1629103,Kelan Martin,1610612754,IND,25.0,35,9.2,1.89,1.14,0.74,0.71,0.0,0.29,0.63,0.06,0.06,0.11,0.5,0.5,0.03,0.14,0.17,0.17,0.09,0.167,0.833,1.0,0.5,2020-21
296,1629640,Keldon Johnson,1610612759,SAS,21.0,69,28.5,6.06,3.36,2.7,1.04,0.0,0.46,1.01,0.39,0.3,0.7,0.563,0.438,0.13,0.57,0.7,0.55,0.3,0.188,0.813,0.95,0.525,2020-21
297,1629833,Keljin Blevins,1610612757,POR,25.0,17,4.4,0.94,0.35,0.59,0.18,0.0,0.0,0.0,0.0,0.06,0.06,0.0,1.0,0.0,0.0,0.0,0.0,0.0,0.0,0.0,0.0,0.0,2020-21
298,203482,Kelly Olynyk,1610612745,HOU,30.0,70,28.5,8.34,4.97,3.37,2.16,0.23,1.41,3.49,0.4,0.43,0.83,0.483,0.517,0.34,1.17,1.51,1.13,0.66,0.226,0.774,0.878,0.511,2020-21
299,1626162,Kelly Oubre Jr.,1610612744,GSW,25.0,55,30.7,5.45,3.04,2.42,2.73,0.05,0.27,0.69,0.35,0.24,0.58,0.594,0.406,0.04,0.33,0.36,0.25,0.05,0.1,0.9,1.0,0.214,2020-21
300,202689,Kemba Walker,1610612738,BOS,31.0,43,31.8,4.79,1.95,2.84,2.14,0.51,0.42,0.93,0.28,0.4,0.67,0.414,0.586,0.0,0.42,0.42,0.4,0.07,0.0,1.0,1.0,0.176,2020-21
301,1629134,Kendrick Nunn,1610612748,MIA,25.0,56,29.5,4.8,1.75,3.05,1.64,0.0,0.41,1.04,0.36,0.3,0.66,0.541,0.459,0.0,0.41,0.41,0.36,0.11,0.0,1.0,0.909,0.273,2020-21
302,1629026,Kenrich Williams,1610612760,OKC,26.0,66,21.6,4.41,2.3,2.11,1.77,0.11,0.24,0.58,0.38,0.27,0.65,0.581,0.419,0.12,0.65,0.77,0.61,0.26,0.157,0.843,0.93,0.395,2020-21
303,203145,Kent Bazemore,1610612744,GSW,31.0,67,19.9,4.1,2.36,1.75,2.13,0.07,0.43,1.09,0.36,0.28,0.64,0.558,0.442,0.04,0.48,0.52,0.39,0.12,0.086,0.914,0.929,0.286,2020-21
304,203484,Kentavious Caldwell-Pope,1610612747,LAL,28.0,67,28.4,2.69,1.3,1.39,1.7,0.01,0.3,0.66,0.24,0.3,0.54,0.444,0.556,0.03,0.67,0.7,0.64,0.25,0.043,0.957,0.977,0.386,2020-21
305,1630231,Kenyon Martin Jr.,1610612745,HOU,20.0,45,23.7,4.82,2.78,2.04,0.87,0.0,1.02,2.49,0.36,0.22,0.58,0.615,0.385,0.09,0.53,0.62,0.56,0.33,0.143,0.857,1.0,0.6,2020-21
306,201142,Kevin Durant,1610612751,BKN,32.0,35,33.1,7.63,4.51,3.11,1.34,0.06,0.31,0.8,0.4,0.26,0.66,0.609,0.391,0.0,1.23,1.23,1.0,0.54,0.0,1.0,0.897,0.487,2020-21
307,1628989,Kevin Huerter,1610612737,ATL,22.0,69,30.8,5.0,2.35,2.65,2.32,0.01,0.3,0.75,0.25,0.36,0.61,0.405,0.595,0.04,0.38,0.42,0.35,0.14,0.103,0.897,0.96,0.4,2020-21
308,1628995,Kevin Knox II,1610612752,NYK,21.0,42,11.1,2.07,0.98,1.1,0.31,0.0,0.12,0.31,0.1,0.19,0.29,0.333,0.667,0.0,0.36,0.36,0.29,0.1,0.0,1.0,1.0,0.333,2020-21
309,201567,Kevin Love,1610612739,CLE,32.0,25,24.9,4.2,2.16,2.04,0.92,0.04,1.36,3.0,0.2,0.32,0.52,0.385,0.615,0.2,1.2,1.4,1.2,0.88,0.143,0.857,0.882,0.647,2020-21
310,1629645,Kevin Porter Jr.,1610612745,HOU,21.0,26,32.1,4.62,2.58,2.04,1.46,0.04,0.12,0.31,0.77,0.27,1.04,0.741,0.259,0.04,0.15,0.19,0.19,0.08,0.2,0.8,1.0,0.4,2020-21
311,1626172,Kevon Looney,1610612744,GSW,25.0,61,19.0,7.75,5.84,1.92,0.92,0.03,3.23,8.08,0.41,0.21,0.62,0.658,0.342,0.33,2.64,2.97,2.16,0.97,0.11,0.89,0.957,0.428,2020-21
312,203920,Khem Birch,1610612761,TOR,28.0,67,22.8,6.87,4.42,2.45,1.37,0.1,3.21,7.4,0.42,0.33,0.75,0.56,0.44,0.39,1.67,2.06,1.63,0.66,0.188,0.812,0.886,0.358,2020-21
313,203114,Khris Middleton,1610612749,MIL,29.0,68,33.4,5.85,2.63,3.22,2.24,0.01,0.51,1.18,0.43,0.29,0.72,0.592,0.408,0.09,0.82,0.91,0.75,0.31,0.097,0.903,0.944,0.389,2020-21
314,1629017,Khyri Thomas,1610612745,HOU,25.0,5,30.6,7.2,5.4,1.8,2.0,0.0,0.0,0.0,0.6,0.6,1.2,0.5,0.5,0.0,0.4,0.4,0.4,0.4,0.0,1.0,1.0,1.0,2020-21
315,1630165,Killian Hayes,1610612765,DET,19.0,26,25.8,3.77,1.69,2.08,3.12,0.0,0.15,0.38,0.23,0.35,0.58,0.4,0.6,0.0,0.31,0.31,0.27,0.12,0.0,1.0,1.0,0.429,2020-21
316,1629681,Killian Tillie,1610612763,MEM,23.0,18,10.1,2.83,1.44,1.39,0.28,0.0,0.11,0.28,0.06,0.17,0.22,0.25,0.75,0.06,0.44,0.5,0.44,0.22,0.111,0.889,1.0,0.5,2020-21
317,1630184,Kira Lewis Jr.,1610612740,NOP,20.0,54,16.7,3.35,1.61,1.74,1.15,0.11,0.13,0.28,0.15,0.3,0.44,0.333,0.667,0.0,0.11,0.11,0.11,0.0,0.0,1.0,1.0,0.0,2020-21
318,1628961,Kostas Antetokounmpo,1610612747,LAL,23.0,15,3.7,1.53,1.0,0.53,0.27,0.0,0.2,0.53,0.0,0.47,0.47,0.0,1.0,0.13,0.13,0.27,0.2,0.2,0.5,0.5,0.75,0.75,2020-21
319,1627739,Kris Dunn,1610612737,ATL,27.0,4,11.4,2.5,1.25,1.25,2.0,0.0,0.0,0.0,0.25,0.0,0.25,1.0,0.0,0.0,0.0,0.0,0.0,0.0,0.0,0.0,0.0,0.0,2020-21
320,204001,Kristaps Porzingis,1610612742,DAL,25.0,43,30.9,11.28,8.37,2.91,0.98,0.02,2.95,6.79,0.49,0.21,0.7,0.7,0.3,0.23,1.86,2.09,1.72,0.93,0.111,0.889,0.974,0.526,2020-21
321,203937,Kyle Anderson,1610612763,MEM,27.0,69,27.4,7.28,4.29,2.99,2.33,0.0,0.67,1.59,0.17,0.3,0.48,0.364,0.636,0.09,0.49,0.58,0.43,0.17,0.15,0.85,0.938,0.375,2020-21
322,1629657,Kyle Guy,1610612758,SAC,23.0,31,7.6,1.06,0.48,0.58,0.13,0.03,0.13,0.29,0.16,0.1,0.26,0.625,0.375,0.0,0.19,0.19,0.19,0.03,0.0,1.0,1.0,0.167,2020-21
323,1628398,Kyle Kuzma,1610612747,LAL,25.0,68,28.7,5.57,3.5,2.07,0.62,0.04,0.22,0.5,0.34,0.29,0.63,0.535,0.465,0.15,0.35,0.5,0.43,0.26,0.294,0.706,1.0,0.621,2020-21
324,200768,Kyle Lowry,1610612761,TOR,35.0,46,34.8,5.0,2.09,2.91,2.13,0.43,0.37,0.91,0.48,0.48,0.96,0.5,0.5,0.09,1.02,1.11,0.89,0.26,0.078,0.922,0.872,0.255,2020-21
325,202681,Kyrie Irving,1610612751,BKN,29.0,54,34.9,4.35,2.39,1.96,2.91,0.07,0.24,0.57,0.52,0.5,1.02,0.509,0.491,0.04,0.46,0.5,0.43,0.13,0.074,0.926,1.0,0.304,2020-21
326,200746,LaMarcus Aldridge,1610612751,BKN,35.0,26,25.9,9.77,7.85,1.92,0.81,0.0,2.65,5.81,0.19,0.19,0.38,0.5,0.5,0.38,2.27,2.65,1.73,0.77,0.145,0.855,0.865,0.385,2020-21
327,1630163,LaMelo Ball,1610612766,CHA,19.0,51,28.8,3.92,1.37,2.55,2.96,0.0,0.08,0.18,0.61,0.55,1.16,0.525,0.475,0.12,0.22,0.33,0.22,0.18,0.353,0.647,0.846,0.692,2020-21
328,1630205,Lamar Stevens,1610612739,CLE,23.0,40,12.5,3.1,1.93,1.18,0.73,0.03,0.2,0.43,0.18,0.13,0.3,0.583,0.417,0.05,0.53,0.58,0.48,0.3,0.087,0.913,0.95,0.6,2020-21
329,1629013,Landry Shamet,1610612751,BKN,24.0,61,23.0,4.62,2.77,1.85,1.23,0.08,0.52,1.28,0.16,0.2,0.36,0.455,0.545,0.02,0.95,0.97,0.84,0.13,0.017,0.983,0.895,0.14,2020-21
330,204038,Langston Galloway,1610612756,PHX,29.0,40,10.9,1.53,0.7,0.83,0.35,0.03,0.05,0.1,0.15,0.05,0.2,0.75,0.25,0.0,0.35,0.35,0.33,0.13,0.0,1.0,0.929,0.357,2020-21
331,1626204,Larry Nance Jr.,1610612739,CLE,28.0,35,31.2,6.91,4.29,2.63,3.37,0.06,1.83,4.11,0.43,0.54,0.97,0.441,0.559,0.46,1.37,1.83,1.46,0.77,0.25,0.75,0.927,0.491,2020-21
332,1628374,Lauri Markkanen,1610612741,CHI,24.0,51,25.8,7.98,5.33,2.65,0.71,0.02,1.0,2.37,0.31,0.31,0.63,0.5,0.5,0.12,1.37,1.49,1.1,0.43,0.079,0.921,0.966,0.379,2020-21
333,2544,LeBron James,1610612747,LAL,36.0,45,33.4,4.2,2.18,2.02,1.96,0.2,0.58,1.33,0.4,0.49,0.89,0.45,0.55,0.09,0.8,0.89,0.73,0.42,0.1,0.9,1.0,0.576,2020-21
334,1629022,Lonnie Walker IV,1610612759,SAS,22.0,60,25.4,3.7,1.87,1.83,1.18,0.02,0.17,0.37,0.12,0.17,0.28,0.412,0.588,0.0,0.13,0.13,0.08,0.07,0.0,1.0,0.714,0.571,2020-21
335,1628366,Lonzo Ball,1610612740,NOP,23.0,55,31.8,6.31,3.02,3.29,2.49,0.0,0.65,1.47,0.22,0.42,0.64,0.343,0.657,0.02,0.22,0.24,0.2,0.09,0.077,0.923,0.917,0.417,2020-21
336,101150,Lou Williams,1610612737,ATL,34.0,66,21.6,2.11,0.64,1.47,1.2,0.05,0.32,0.76,0.26,0.27,0.53,0.486,0.514,0.0,0.23,0.23,0.17,0.02,0.0,1.0,0.846,0.077,2020-21
337,1629663,Louis King,1610612758,SAC,22.0,6,14.2,3.0,2.0,1.0,1.67,0.0,0.17,0.33,0.0,0.5,0.5,0.0,1.0,0.0,0.33,0.33,0.33,0.0,0.0,1.0,1.0,0.0,2020-21
338,1629652,Luguentz Dort,1610612760,OKC,22.0,52,29.7,6.52,2.85,3.67,1.56,0.1,0.33,0.81,0.37,0.48,0.85,0.432,0.568,0.08,0.37,0.44,0.35,0.21,0.174,0.826,0.857,0.524,2020-21
339,1629029,Luka Doncic,1610612742,DAL,22.0,66,34.3,5.97,2.89,3.08,1.7,0.0,0.21,0.44,0.53,0.52,1.05,0.507,0.493,0.06,0.58,0.64,0.52,0.3,0.095,0.905,0.944,0.556,2020-21
340,1629677,Luka Samanic,1610612759,SAS,21.0,33,9.3,2.76,1.7,1.06,0.52,0.0,0.24,0.52,0.03,0.12,0.15,0.2,0.8,0.21,0.24,0.45,0.36,0.24,0.467,0.533,0.923,0.615,2020-21
341,1628379,Luke Kennard,1610612746,LAC,24.0,63,19.6,2.94,1.24,1.7,0.67,0.02,0.17,0.41,0.29,0.11,0.4,0.72,0.28,0.0,0.44,0.44,0.37,0.08,0.0,1.0,0.92,0.2,2020-21
342,1628436,Luke Kornet,1610612738,BOS,25.0,31,11.2,6.9,5.32,1.58,0.19,0.0,2.16,5.06,0.1,0.1,0.19,0.5,0.5,0.16,0.81,0.97,0.71,0.39,0.167,0.833,0.917,0.5,2020-21
343,1630201,Malachi Flynn,1610612761,TOR,23.0,47,19.7,2.94,1.13,1.81,1.4,0.0,0.09,0.21,0.19,0.38,0.57,0.333,0.667,0.0,0.3,0.3,0.28,0.13,0.0,1.0,1.0,0.462,2020-21
344,1627763,Malcolm Brogdon,1610612754,IND,28.0,56,34.5,4.96,2.21,2.75,1.63,0.0,0.16,0.41,0.52,0.5,1.02,0.509,0.491,0.11,0.52,0.63,0.52,0.23,0.171,0.829,0.967,0.433,2020-21
345,1627736,Malik Beasley,1610612750,MIN,24.0,37,32.8,4.35,2.22,2.14,1.51,0.0,0.41,1.03,0.54,0.49,1.03,0.526,0.474,0.0,0.41,0.41,0.27,0.11,0.0,1.0,0.833,0.333,2020-21
346,1630238,Malik Fitts,1610612746,LAC,23.0,3,3.6,1.0,0.33,0.67,0.0,0.0,0.0,0.0,0.0,0.0,0.0,0.0,0.0,0.0,0.33,0.33,0.33,0.0,0.0,1.0,1.0,0.0,2020-21
347,1628370,Malik Monk,1610612766,CHA,23.0,42,20.9,2.5,1.07,1.43,0.79,0.0,0.1,0.21,0.14,0.19,0.33,0.429,0.571,0.0,0.14,0.14,0.12,0.02,0.0,1.0,1.0,0.2,2020-21
348,1629603,Mamadi Diakite,1610612749,MIL,24.0,14,10.1,3.36,2.43,0.93,0.71,0.14,1.64,3.86,0.0,0.14,0.14,0.0,1.0,0.07,0.5,0.57,0.5,0.29,0.125,0.875,1.0,0.571,2020-21
349,201188,Marc Gasol,1610612747,LAL,36.0,52,19.1,7.6,6.25,1.35,1.5,0.1,1.65,3.85,0.15,0.1,0.25,0.615,0.385,0.19,1.23,1.42,1.13,0.54,0.135,0.865,0.952,0.452,2020-21
350,202694,Marcus Morris Sr.,1610612746,LAC,31.0,57,26.3,3.68,2.12,1.56,1.02,0.0,0.88,1.93,0.39,0.12,0.51,0.759,0.241,0.04,1.07,1.11,0.7,0.21,0.032,0.968,1.0,0.3,2020-21
351,203935,Marcus Smart,1610612738,BOS,27.0,48,32.9,5.79,2.69,3.1,3.25,0.29,0.69,1.65,0.27,0.63,0.9,0.302,0.698,0.04,1.25,1.29,1.02,0.23,0.032,0.968,0.942,0.212,2020-21
352,1628365,Markelle Fultz,1610612753,ORL,23.0,8,26.9,3.63,1.25,2.38,2.0,0.0,0.25,0.75,0.5,0.38,0.88,0.571,0.429,0.0,0.38,0.38,0.38,0.13,0.0,1.0,1.0,0.333,2020-21
353,202693,Markieff Morris,1610612747,LAL,31.0,61,19.7,4.49,2.8,1.69,1.0,0.08,0.67,1.52,0.16,0.18,0.34,0.476,0.524,0.34,0.75,1.1,0.85,0.48,0.313,0.687,0.929,0.518,2020-21
354,1630210,Markus Howard,1610612743,DEN,22.0,37,5.5,0.81,0.16,0.65,0.24,0.03,0.08,0.22,0.03,0.05,0.08,0.333,0.667,0.0,0.08,0.08,0.08,0.03,0.0,1.0,1.0,0.333,2020-21
355,1629716,Marques Bolden,1610612739,CLE,23.0,6,4.8,1.83,1.17,0.67,0.33,0.0,0.17,0.33,0.33,0.0,0.33,1.0,0.0,0.0,0.5,0.5,0.33,0.17,0.0,1.0,1.0,0.5,2020-21
356,1627737,Marquese Chriss,1610612744,GSW,23.0,2,13.4,8.0,7.5,0.5,0.0,0.0,1.5,3.5,0.0,0.0,0.0,0.0,0.0,0.0,1.5,1.5,1.5,0.5,0.0,1.0,1.0,0.333,2020-21
357,1628963,Marvin Bagley III,1610612758,SAC,22.0,43,25.9,6.91,4.14,2.77,0.93,0.23,1.33,3.12,0.4,0.23,0.63,0.63,0.37,0.28,1.14,1.42,1.09,0.65,0.197,0.803,0.94,0.56,2020-21
358,1630222,Mason Jones,1610612755,PHI,22.0,32,10.5,0.94,0.56,0.38,0.34,0.0,0.03,0.09,0.06,0.09,0.16,0.4,0.6,0.0,0.16,0.16,0.09,0.0,0.0,1.0,0.75,0.0,2020-21
359,203486,Mason Plumlee,1610612765,DET,31.0,56,26.8,7.57,5.77,1.8,1.75,0.09,4.45,10.43,0.5,0.29,0.79,0.636,0.364,0.34,1.43,1.77,1.52,0.93,0.192,0.808,0.988,0.605,2020-21
360,1629680,Matisse Thybulle,1610612755,PHI,24.0,65,20.0,4.09,2.29,1.8,3.11,0.02,0.26,0.66,0.15,0.43,0.58,0.263,0.737,0.0,0.31,0.31,0.26,0.05,0.0,1.0,0.944,0.167,2020-21
361,1629744,Matt Thomas,1610612762,UTA,26.0,45,7.3,1.02,0.38,0.64,0.2,0.0,0.04,0.11,0.11,0.07,0.18,0.625,0.375,0.0,0.18,0.18,0.18,0.02,0.0,1.0,1.0,0.125,2020-21
362,203521,Matthew Dellavedova,1610612739,CLE,30.0,13,17.2,2.54,1.0,1.54,0.77,0.0,0.31,0.85,0.38,0.23,0.62,0.625,0.375,0.0,0.31,0.31,0.31,0.08,0.0,1.0,1.0,0.25,2020-21
363,203090,Maurice Harkless,1610612758,SAC,28.0,37,20.9,4.81,2.59,2.22,2.08,0.0,0.35,0.73,0.14,0.22,0.35,0.385,0.615,0.03,0.43,0.46,0.41,0.22,0.059,0.941,1.0,0.533,2020-21
364,1629622,Max Strus,1610612748,MIA,25.0,39,13.0,2.62,0.87,1.74,0.59,0.1,0.31,0.69,0.05,0.13,0.18,0.286,0.714,0.03,0.28,0.31,0.18,0.0,0.083,0.917,0.778,0.0,2020-21
365,1628467,Maxi Kleber,1610612742,DAL,29.0,50,26.8,8.16,5.56,2.6,0.9,0.06,1.98,4.68,0.38,0.3,0.68,0.559,0.441,0.26,1.78,2.04,1.42,0.6,0.127,0.873,0.899,0.38,2020-21
366,203086,Meyers Leonard,1610612748,MIA,29.0,3,9.8,2.33,1.33,1.0,0.33,0.0,1.0,2.67,0.0,0.0,0.0,0.0,0.0,0.33,4.67,5.0,2.67,1.0,0.067,0.933,0.889,0.333,2020-21
367,1629662,Mfiondu Kabengele,1610612739,CLE,23.0,39,7.2,2.74,2.05,0.69,0.18,0.0,0.69,1.49,0.1,0.05,0.15,0.667,0.333,0.03,0.56,0.59,0.38,0.18,0.043,0.957,1.0,0.467,2020-21
368,203487,Michael Carter-Williams,1610612753,ORL,29.0,31,25.8,5.58,2.68,2.9,1.48,0.26,0.19,0.48,0.65,0.29,0.94,0.69,0.31,0.03,0.16,0.19,0.16,0.06,0.167,0.833,1.0,0.4,2020-21
369,1629008,Michael Porter Jr.,1610612743,DEN,22.0,61,31.3,6.21,3.69,2.52,1.21,0.0,0.11,0.31,0.43,0.36,0.79,0.542,0.458,0.31,0.31,0.62,0.51,0.44,0.5,0.5,0.969,0.844,2020-21
370,1628969,Mikal Bridges,1610612756,PHX,24.0,72,32.6,5.97,3.53,2.44,2.14,0.0,0.24,0.51,0.44,0.38,0.82,0.542,0.458,0.0,0.42,0.42,0.32,0.13,0.0,1.0,1.0,0.391,2020-21
371,201144,Mike Conley,1610612762,UTA,33.0,51,29.4,4.25,2.14,2.12,2.25,0.04,0.37,0.88,0.41,0.33,0.75,0.553,0.447,0.0,0.27,0.27,0.22,0.0,0.0,1.0,0.917,0.0,2020-21
372,1628455,Mike James,1610612751,BKN,30.0,13,18.2,2.38,0.77,1.62,0.92,0.0,0.08,0.15,0.31,0.23,0.54,0.571,0.429,0.0,0.0,0.0,0.0,0.0,0.0,0.0,0.0,0.0,2020-21
373,203488,Mike Muscala,1610612760,OKC,29.0,35,18.4,8.51,6.86,1.66,0.54,0.03,1.06,2.26,0.14,0.17,0.31,0.455,0.545,0.09,2.34,2.43,1.77,0.63,0.035,0.965,0.954,0.338,2020-21
374,203118,Mike Scott,1610612755,PHI,32.0,51,16.7,3.88,2.22,1.67,0.61,0.0,0.88,2.0,0.08,0.24,0.31,0.25,0.75,0.0,1.16,1.16,0.86,0.22,0.0,1.0,0.917,0.229,2020-21
375,1628970,Miles Bridges,1610612766,CHA,23.0,66,29.3,7.26,4.48,2.77,1.35,0.02,0.77,1.89,0.33,0.3,0.64,0.524,0.476,0.08,1.35,1.42,1.02,0.45,0.053,0.947,0.957,0.429,2020-21
376,1629011,Mitchell Robinson,1610612752,NYK,23.0,31,27.5,8.32,6.52,1.81,1.97,0.0,2.77,5.77,0.19,0.23,0.42,0.462,0.538,0.87,4.13,5.0,3.74,1.97,0.174,0.826,0.928,0.488,2020-21
377,1629671,Miye Oni,1610612762,UTA,23.0,54,9.6,2.72,1.37,1.35,0.46,0.0,0.04,0.11,0.07,0.07,0.15,0.5,0.5,0.0,0.09,0.09,0.07,0.02,0.0,1.0,1.0,0.25,2020-21
378,1628964,Mo Bamba,1610612753,ORL,23.0,46,15.8,5.91,4.76,1.15,0.8,0.02,2.96,6.8,0.13,0.17,0.3,0.429,0.571,0.57,1.02,1.59,1.3,0.8,0.356,0.644,0.984,0.607,2020-21
379,1628420,Monte Morris,1610612743,DEN,25.0,47,25.5,3.57,1.6,1.98,0.98,0.02,0.23,0.51,0.23,0.26,0.49,0.478,0.522,0.0,0.21,0.21,0.17,0.02,0.0,1.0,1.0,0.125,2020-21
380,1626149,Montrezl Harrell,1610612747,LAL,27.0,69,22.9,7.59,5.84,1.75,1.09,0.32,2.41,5.35,0.42,0.26,0.68,0.617,0.383,0.7,2.12,2.81,2.07,1.0,0.247,0.753,0.929,0.448,2020-21
381,1629021,Moritz Wagner,1610612753,ORL,24.0,45,16.0,5.31,3.4,1.91,1.24,0.31,1.93,4.33,0.16,0.13,0.29,0.538,0.462,0.29,1.51,1.8,1.31,0.47,0.16,0.84,0.894,0.318,2020-21
382,1629650,Moses Brown,1610612760,OKC,21.0,43,21.4,8.28,6.47,1.81,1.3,0.05,2.21,4.91,0.19,0.12,0.3,0.615,0.385,0.58,0.98,1.56,1.33,0.95,0.373,0.627,0.95,0.683,2020-21
383,1628539,Mychal Mulder,1610612744,GSW,26.0,60,12.8,2.88,1.38,1.5,0.37,0.0,0.15,0.42,0.03,0.07,0.1,0.333,0.667,0.0,0.43,0.43,0.32,0.05,0.0,1.0,0.95,0.15,2020-21
384,1626167,Myles Turner,1610612754,IND,25.0,47,31.0,13.64,11.11,2.53,2.21,0.0,2.34,5.4,0.3,0.34,0.64,0.467,0.533,0.15,2.72,2.87,2.4,0.96,0.052,0.948,0.958,0.381,2020-21
385,1630230,Naji Marshall,1610612740,NOP,23.0,32,21.9,3.47,1.88,1.59,1.34,0.03,0.03,0.06,0.25,0.19,0.44,0.571,0.429,0.06,0.28,0.34,0.28,0.19,0.182,0.818,0.9,0.6,2020-21
386,1629642,Nassir Little,1610612757,POR,21.0,48,13.3,3.65,1.96,1.69,0.33,0.0,0.21,0.5,0.06,0.08,0.15,0.429,0.571,0.02,0.25,0.27,0.15,0.08,0.077,0.923,0.875,0.5,2020-21
387,1630268,Nate Darling,1610612766,CHA,22.0,7,3.7,0.71,0.43,0.29,0.0,0.14,0.0,0.0,0.14,0.0,0.14,1.0,0.0,0.0,0.14,0.14,0.14,0.0,0.0,1.0,1.0,0.0,2020-21
388,1630207,Nate Hinton,1610612742,DAL,22.0,21,4.4,0.33,0.19,0.14,0.38,0.05,0.05,0.1,0.0,0.0,0.0,0.0,0.0,0.0,0.1,0.1,0.05,0.0,0.0,1.0,0.5,0.0,2020-21
389,1630233,Nathan Knight,1610612737,ATL,23.0,33,8.4,3.27,1.64,1.64,0.52,0.0,0.36,0.85,0.06,0.06,0.12,0.5,0.5,0.06,0.61,0.67,0.58,0.27,0.091,0.909,1.0,0.474,2020-21
390,1629675,Naz Reid,1610612750,MIN,21.0,70,19.2,7.94,6.1,1.84,1.09,0.1,2.27,5.14,0.3,0.2,0.5,0.6,0.4,0.29,1.5,1.79,1.3,0.56,0.16,0.84,0.929,0.398,2020-21
391,202357,Nemanja Bjelica,1610612748,MIA,33.0,37,16.1,4.59,2.7,1.89,0.84,0.0,0.57,1.38,0.24,0.19,0.43,0.563,0.438,0.14,0.54,0.68,0.46,0.19,0.2,0.8,0.81,0.333,2020-21
392,203457,Nerlens Noel,1610612752,NYK,27.0,64,24.2,8.28,6.69,1.59,2.8,0.06,3.2,6.95,0.36,0.17,0.53,0.676,0.324,0.42,1.84,2.27,1.8,0.78,0.186,0.814,0.92,0.4,2020-21
393,1630208,Nick Richards,1610612766,CHA,23.0,18,3.5,1.33,0.67,0.67,0.11,0.0,0.33,0.72,0.06,0.0,0.06,1.0,0.0,0.0,0.11,0.11,0.06,0.06,0.0,1.0,1.0,1.0,2020-21
394,1629638,Nickeil Alexander-Walker,1610612740,NOP,22.0,46,21.9,3.43,1.91,1.52,2.24,0.0,0.2,0.43,0.17,0.41,0.59,0.296,0.704,0.0,0.26,0.26,0.24,0.04,0.0,1.0,1.0,0.182,2020-21
395,1630185,Nico Mannion,1610612744,GSW,20.0,30,12.1,1.1,0.43,0.67,0.93,0.03,0.07,0.17,0.13,0.1,0.23,0.571,0.429,0.0,0.07,0.07,0.07,0.0,0.0,1.0,1.0,0.0,2020-21
396,201587,Nicolas Batum,1610612746,LAC,32.0,67,27.4,6.06,3.63,2.43,2.1,0.07,0.67,1.55,0.15,0.39,0.54,0.278,0.722,0.06,0.31,0.37,0.21,0.1,0.16,0.84,0.875,0.438,2020-21
397,1629651,Nicolas Claxton,1610612751,BKN,22.0,32,18.6,8.19,5.31,2.88,1.25,0.0,1.63,3.84,0.28,0.19,0.47,0.6,0.4,0.28,1.22,1.5,1.13,0.75,0.188,0.813,0.973,0.649,2020-21
398,1629740,Nicolo Melli,1610612742,DAL,30.0,45,12.6,3.07,1.93,1.13,0.84,0.0,0.69,1.58,0.13,0.13,0.27,0.5,0.5,0.27,0.8,1.07,0.76,0.42,0.25,0.75,0.944,0.528,2020-21
399,203999,Nikola Jokic,1610612743,DEN,26.0,72,34.6,9.14,6.86,2.28,2.76,0.0,4.49,10.15,0.5,0.26,0.76,0.655,0.345,0.86,2.22,3.08,2.46,1.42,0.279,0.721,0.957,0.551,2020-21
400,202696,Nikola Vucevic,1610612741,CHI,30.0,70,33.5,8.81,7.01,1.8,1.73,0.01,3.94,9.09,0.47,0.27,0.74,0.635,0.365,0.46,2.03,2.49,2.26,1.41,0.184,0.816,0.975,0.611,2020-21
401,203943,Noah Vonleh,1610612751,BKN,25.0,4,2.7,1.5,1.0,0.5,0.5,0.0,0.25,0.75,0.0,0.0,0.0,0.0,0.0,0.0,0.0,0.0,0.0,0.0,0.0,0.0,0.0,0.0,2020-21
402,1626181,Norman Powell,1610612757,POR,28.0,69,32.0,3.94,1.52,2.42,2.26,0.0,0.14,0.36,0.38,0.42,0.8,0.473,0.527,0.0,0.46,0.46,0.36,0.12,0.0,1.0,0.926,0.296,2020-21
403,203658,Norvel Pelle,1610612752,NYK,28.0,13,6.4,2.38,2.0,0.38,0.15,0.0,1.08,2.46,0.23,0.08,0.31,0.75,0.25,0.15,0.23,0.38,0.38,0.08,0.4,0.6,1.0,0.2,2020-21
404,1628384,OG Anunoby,1610612761,TOR,23.0,43,33.3,7.81,4.42,3.4,3.19,0.02,0.6,1.51,0.44,0.37,0.81,0.543,0.457,0.14,1.65,1.79,1.3,0.56,0.078,0.922,0.933,0.4,2020-21
405,1630167,Obi Toppin,1610612752,NYK,23.0,62,11.0,2.69,1.5,1.19,0.5,0.02,0.84,1.9,0.06,0.13,0.19,0.333,0.667,0.08,0.45,0.53,0.4,0.13,0.152,0.848,0.926,0.296,2020-21
406,1630168,Onyeka Okongwu,1610612737,ATL,20.0,50,12.0,4.92,3.8,1.12,0.74,0.02,2.1,4.72,0.2,0.2,0.4,0.5,0.5,0.24,1.02,1.26,0.88,0.46,0.19,0.81,0.898,0.469,2020-21
407,1629052,Oshae Brissett,1610612754,IND,22.0,21,24.7,7.0,4.86,2.14,1.52,0.05,1.29,2.9,0.33,0.05,0.38,0.875,0.125,0.43,0.86,1.29,1.24,0.67,0.333,0.667,1.0,0.538,2020-21
408,203490,Otto Porter Jr.,1610612753,ORL,28.0,28,21.7,3.04,1.71,1.32,1.21,0.0,0.64,1.39,0.36,0.21,0.57,0.625,0.375,0.14,0.39,0.54,0.46,0.14,0.267,0.733,1.0,0.308,2020-21
409,200782,P.J. Tucker,1610612749,MIL,36.0,52,26.1,5.42,2.87,2.56,1.37,0.19,1.48,3.56,0.33,0.33,0.65,0.5,0.5,0.13,1.37,1.5,1.13,0.48,0.09,0.91,0.952,0.403,2020-21
410,1629023,P.J. Washington,1610612766,CHA,22.0,64,30.5,9.92,6.13,3.8,2.31,0.02,1.86,4.41,0.39,0.28,0.67,0.581,0.419,0.11,1.7,1.81,1.34,0.69,0.06,0.94,0.966,0.494,2020-21
411,1628408,PJ Dozier,1610612743,DEN,24.0,50,21.8,4.18,2.2,1.98,1.28,0.0,0.1,0.22,0.34,0.32,0.66,0.515,0.485,0.0,0.38,0.38,0.34,0.04,0.0,1.0,1.0,0.118,2020-21
412,1627783,Pascal Siakam,1610612761,TOR,27.0,56,35.8,8.18,3.88,4.3,1.86,0.05,1.45,3.59,0.68,0.45,1.13,0.603,0.397,0.11,2.18,2.29,1.54,0.7,0.047,0.953,0.935,0.424,2020-21
413,1626192,Pat Connaughton,1610612749,MIL,28.0,69,22.8,6.57,3.17,3.39,0.97,0.04,0.39,1.0,0.35,0.23,0.58,0.6,0.4,0.06,0.54,0.59,0.48,0.19,0.098,0.902,0.892,0.351,2020-21
414,201976,Patrick Beverley,1610612746,LAC,32.0,37,22.5,2.76,1.78,0.97,1.68,0.14,0.49,1.08,0.51,0.38,0.89,0.576,0.424,0.03,0.03,0.05,0.05,0.03,0.5,0.5,1.0,0.5,2020-21
415,1627775,Patrick McCaw,1610612761,TOR,25.0,5,6.7,1.0,0.2,0.8,0.8,0.0,0.2,0.4,0.0,0.0,0.0,0.0,0.0,0.0,0.2,0.2,0.2,0.2,0.0,1.0,1.0,1.0,2020-21
416,202335,Patrick Patterson,1610612746,LAC,32.0,38,15.3,4.84,2.5,2.34,0.53,0.05,0.89,2.13,0.03,0.16,0.18,0.143,0.857,0.13,1.13,1.26,0.79,0.24,0.104,0.896,0.938,0.281,2020-21
417,1630172,Patrick Williams,1610612741,CHI,19.0,71,27.9,5.69,3.42,2.27,1.51,0.0,0.38,0.89,0.18,0.23,0.41,0.448,0.552,0.14,0.8,0.94,0.8,0.34,0.149,0.851,0.983,0.414,2020-21
418,201988,Patty Mills,1610612759,SAS,32.0,68,24.8,1.82,0.79,1.03,1.26,0.09,0.4,0.9,0.34,0.28,0.62,0.548,0.452,0.0,0.41,0.41,0.37,0.03,0.0,1.0,0.962,0.077,2020-21
419,202331,Paul George,1610612746,LAC,31.0,54,33.7,6.02,2.89,3.13,2.39,0.15,0.37,0.81,0.7,0.35,1.06,0.667,0.333,0.06,0.8,0.85,0.67,0.26,0.065,0.935,0.923,0.359,2020-21
420,200794,Paul Millsap,1610612743,DEN,36.0,56,20.8,4.66,2.77,1.89,1.84,0.09,0.98,2.32,0.41,0.23,0.64,0.639,0.361,0.38,0.75,1.13,1.0,0.68,0.333,0.667,0.982,0.667,2020-21
421,1630194,Paul Reed,1610612755,PHI,21.0,26,6.8,2.42,1.35,1.08,0.77,0.0,0.5,1.08,0.12,0.27,0.38,0.3,0.7,0.15,0.23,0.38,0.31,0.27,0.4,0.6,1.0,0.875,2020-21
422,1628778,Paul Watson,1610612761,TOR,26.0,27,11.0,1.89,0.96,0.93,0.63,0.04,0.04,0.11,0.07,0.19,0.26,0.286,0.714,0.0,0.26,0.26,0.19,0.07,0.0,1.0,0.833,0.333,2020-21
423,1630202,Payton Pritchard,1610612738,BOS,23.0,66,19.2,2.33,1.02,1.32,1.21,0.05,0.09,0.24,0.18,0.2,0.38,0.48,0.52,0.03,0.29,0.32,0.26,0.09,0.095,0.905,0.85,0.3,2020-21
424,1630173,Precious Achiuwa,1610612748,MIA,21.0,61,12.1,5.11,3.33,1.79,0.66,0.02,1.67,4.0,0.31,0.15,0.46,0.679,0.321,0.28,1.05,1.33,0.89,0.54,0.21,0.79,0.871,0.532,2020-21
425,1626188,Quinn Cook,1610612739,CLE,28.0,23,6.8,0.57,0.26,0.3,0.17,0.0,0.13,0.35,0.0,0.13,0.13,0.0,1.0,0.0,0.04,0.04,0.04,0.0,0.0,1.0,1.0,0.0,2020-21
426,1629683,Quinndary Weatherspoon,1610612759,SAS,24.0,20,6.1,1.8,0.75,1.05,0.75,0.05,0.0,0.0,0.1,0.3,0.4,0.25,0.75,0.0,0.1,0.1,0.1,0.0,0.0,1.0,1.0,0.0,2020-21
427,1630181,R.J. Hampton,1610612753,ORL,20.0,51,17.4,2.57,1.06,1.51,0.86,0.02,0.12,0.24,0.29,0.2,0.49,0.6,0.4,0.0,0.12,0.12,0.12,0.02,0.0,1.0,1.0,0.167,2020-21
428,1629628,RJ Barrett,1610612752,NYK,20.0,72,34.9,7.35,3.1,4.25,1.49,0.0,0.18,0.44,0.33,0.43,0.76,0.436,0.564,0.07,0.63,0.69,0.56,0.26,0.1,0.9,0.909,0.432,2020-21
429,200765,Rajon Rondo,1610612746,LAC,35.0,45,17.1,1.89,0.4,1.49,1.49,0.04,0.4,0.96,0.18,0.11,0.29,0.615,0.385,0.0,0.09,0.09,0.07,0.0,0.0,1.0,0.75,0.0,2020-21
430,203526,Raul Neto,1610612764,WAS,29.0,64,21.9,3.77,2.23,1.53,1.78,0.17,0.25,0.58,0.33,0.42,0.75,0.438,0.563,0.0,0.33,0.33,0.31,0.05,0.0,1.0,0.952,0.143,2020-21
431,1629034,Ray Spalding,1610612745,HOU,24.0,2,9.4,6.0,5.5,0.5,0.5,0.0,1.0,2.0,1.0,0.0,1.0,1.0,0.0,0.0,0.0,0.0,0.0,0.0,0.0,0.0,0.0,0.0,2020-21
432,1629730,Rayjon Tucker,1610612755,PHI,23.0,14,4.9,0.86,0.14,0.71,0.29,0.14,0.07,0.14,0.14,0.14,0.29,0.5,0.5,0.0,0.0,0.0,0.0,0.0,0.0,0.0,0.0,0.0,2020-21
433,203493,Reggie Bullock,1610612752,NYK,30.0,65,30.0,4.29,2.0,2.29,1.52,0.02,0.22,0.46,0.17,0.32,0.49,0.344,0.656,0.02,0.18,0.2,0.14,0.03,0.077,0.923,0.9,0.2,2020-21
434,202704,Reggie Jackson,1610612746,LAC,31.0,67,23.0,4.36,2.04,2.31,0.84,0.0,0.27,0.58,0.21,0.27,0.48,0.438,0.563,0.03,0.3,0.33,0.27,0.04,0.091,0.909,1.0,0.167,2020-21
435,1629617,Reggie Perry,1610612751,BKN,21.0,26,8.1,2.54,1.5,1.04,0.27,0.04,0.85,2.15,0.12,0.08,0.19,0.6,0.4,0.23,0.85,1.08,0.81,0.42,0.214,0.786,0.913,0.478,2020-21
436,1626158,Richaun Holmes,1610612758,SAC,27.0,61,29.2,9.77,7.64,2.13,1.49,0.02,4.3,10.02,0.36,0.3,0.66,0.55,0.45,0.61,2.26,2.87,2.31,1.16,0.211,0.789,0.959,0.483,2020-21
437,201937,Ricky Rubio,1610612750,MIN,30.0,68,26.1,3.37,1.24,2.13,2.29,0.01,0.49,1.18,0.22,0.47,0.69,0.319,0.681,0.0,0.16,0.16,0.15,0.07,0.0,1.0,0.909,0.455,2020-21
438,203496,Robert Covington,1610612757,POR,30.0,70,32.0,7.53,4.37,3.16,3.64,0.07,1.64,4.07,0.27,0.47,0.74,0.365,0.635,0.07,0.51,0.59,0.5,0.29,0.122,0.878,1.0,0.571,2020-21
439,1629606,Robert Franks,1610612753,ORL,24.0,7,14.4,2.43,1.71,0.71,0.29,0.14,0.71,1.71,0.0,0.29,0.29,0.0,1.0,0.14,0.71,0.86,0.71,0.43,0.167,0.833,1.0,0.6,2020-21
440,1629057,Robert Williams III,1610612738,BOS,23.0,52,18.9,8.52,6.19,2.33,1.54,0.0,2.56,6.12,0.38,0.29,0.67,0.571,0.429,0.31,1.15,1.46,1.31,0.94,0.211,0.789,0.971,0.7,2020-21
441,1630218,Robert Woodard II,1610612758,SAC,21.0,13,3.5,0.46,0.38,0.08,0.0,0.0,0.15,0.38,0.08,0.0,0.08,1.0,0.0,0.0,0.08,0.08,0.08,0.0,0.0,1.0,1.0,0.0,2020-21
442,201577,Robin Lopez,1610612764,WAS,33.0,71,19.1,9.61,7.82,1.79,0.3,0.04,2.97,6.8,0.32,0.07,0.39,0.821,0.179,0.66,2.56,3.23,2.55,1.0,0.205,0.795,0.896,0.351,2020-21
443,1629066,Rodions Kurucs,1610612749,MIL,23.0,21,5.9,1.19,0.86,0.33,0.71,0.0,0.05,0.14,0.0,0.1,0.1,0.0,1.0,0.05,0.43,0.48,0.33,0.05,0.1,0.9,0.7,0.1,2020-21
444,203918,Rodney Hood,1610612761,TOR,28.0,55,17.1,2.27,1.27,1.0,0.89,0.09,0.2,0.49,0.16,0.09,0.25,0.643,0.357,0.07,0.18,0.25,0.22,0.11,0.286,0.714,1.0,0.5,2020-21
445,203585,Rodney McGruder,1610612765,DET,29.0,16,12.1,1.19,0.5,0.69,0.88,0.0,0.19,0.5,0.19,0.25,0.44,0.429,0.571,0.0,0.25,0.25,0.25,0.0,0.0,1.0,1.0,0.0,2020-21
446,1629641,Romeo Langford,1610612738,BOS,21.0,18,15.7,3.33,2.06,1.28,0.61,0.22,0.06,0.17,0.11,0.17,0.28,0.4,0.6,0.0,0.17,0.17,0.17,0.0,0.0,1.0,1.0,0.0,2020-21
447,1626178,Rondae Hollis-Jefferson,1610612757,POR,26.0,11,9.8,2.55,1.64,0.91,0.27,0.0,1.09,2.91,0.18,0.27,0.45,0.4,0.6,0.27,0.18,0.45,0.36,0.27,0.6,0.4,1.0,0.75,2020-21
448,1626220,Royce O'Neale,1610612762,UTA,28.0,71,31.6,5.54,3.13,2.41,1.63,0.0,0.61,1.54,0.44,0.45,0.89,0.492,0.508,0.14,0.73,0.87,0.68,0.35,0.161,0.839,0.906,0.472,2020-21
449,200752,Rudy Gay,1610612759,SAS,34.0,63,21.6,4.63,2.57,2.06,1.54,0.03,0.62,1.48,0.24,0.3,0.54,0.441,0.559,0.03,0.6,0.63,0.49,0.27,0.05,0.95,0.912,0.5,2020-21
450,203497,Rudy Gobert,1610612762,UTA,28.0,71,30.8,14.83,12.08,2.75,1.35,0.06,6.11,15.1,0.24,0.3,0.54,0.447,0.553,0.94,1.8,2.75,2.39,1.83,0.344,0.656,0.971,0.743,2020-21
451,1629060,Rui Hachimura,1610612764,WAS,23.0,57,31.5,6.79,3.72,3.07,1.26,0.02,0.84,1.82,0.25,0.3,0.54,0.452,0.548,0.14,1.11,1.25,1.02,0.39,0.113,0.887,0.967,0.367,2020-21
452,201566,Russell Westbrook,1610612764,WAS,32.0,65,36.4,3.42,1.57,1.85,2.62,0.11,0.2,0.46,0.69,0.49,1.18,0.584,0.416,0.11,0.31,0.42,0.37,0.23,0.259,0.741,0.923,0.577,2020-21
453,1627853,Ryan Arcidiacono,1610612741,CHI,27.0,44,10.2,1.16,0.48,0.68,0.52,0.2,0.11,0.25,0.09,0.11,0.2,0.444,0.556,0.02,0.09,0.11,0.07,0.02,0.2,0.8,0.6,0.2,2020-21
454,1630240,Saben Lee,1610612765,DET,21.0,48,16.3,2.35,0.94,1.42,1.13,0.1,0.17,0.46,0.27,0.23,0.5,0.542,0.458,0.0,0.08,0.08,0.08,0.02,0.0,1.0,1.0,0.25,2020-21
455,1630180,Saddiq Bey,1610612765,DET,22.0,70,27.3,3.91,1.93,1.99,1.06,0.0,0.34,0.84,0.21,0.41,0.63,0.341,0.659,0.03,0.94,0.97,0.81,0.31,0.029,0.971,0.983,0.379,2020-21
456,1630241,Sam Merrill,1610612749,MIL,25.0,30,7.8,1.3,0.63,0.67,0.47,0.03,0.03,0.1,0.13,0.1,0.23,0.571,0.429,0.0,0.17,0.17,0.13,0.03,0.0,1.0,1.0,0.25,2020-21
457,1630253,Sean McDermott,1610612763,MEM,24.0,18,8.8,2.22,1.06,1.17,0.17,0.0,0.0,0.0,0.06,0.11,0.17,0.333,0.667,0.0,0.17,0.17,0.06,0.0,0.0,1.0,0.333,0.0,2020-21
458,1629635,Sekou Doumbouya,1610612765,DET,20.0,56,15.5,2.82,1.64,1.18,0.84,0.0,0.55,1.34,0.18,0.14,0.32,0.556,0.444,0.23,0.88,1.11,0.91,0.41,0.21,0.79,0.962,0.434,2020-21
459,1628400,Semi Ojeleye,1610612738,BOS,26.0,56,17.0,3.3,1.95,1.36,0.36,0.13,0.32,0.82,0.16,0.16,0.32,0.5,0.5,0.04,0.61,0.64,0.46,0.23,0.056,0.944,0.929,0.464,2020-21
460,201586,Serge Ibaka,1610612746,LAC,31.0,41,23.3,9.78,7.73,2.05,0.56,0.0,3.29,7.49,0.39,0.12,0.51,0.762,0.238,0.44,2.39,2.83,1.8,1.02,0.155,0.845,0.914,0.519,2020-21
461,203552,Seth Curry,1610612755,PHI,30.0,57,28.7,2.58,0.93,1.65,1.42,0.05,0.25,0.54,0.21,0.25,0.46,0.462,0.538,0.02,0.3,0.32,0.3,0.11,0.056,0.944,1.0,0.353,2020-21
462,1628983,Shai Gilgeous-Alexander,1610612760,OKC,22.0,35,33.7,8.17,4.09,4.09,1.89,0.0,0.26,0.63,0.49,0.31,0.8,0.607,0.393,0.0,0.17,0.17,0.11,0.0,0.0,1.0,0.8,0.0,2020-21
463,1629003,Shake Milton,1610612755,PHI,24.0,63,23.2,3.9,2.19,1.71,0.92,0.03,0.14,0.29,0.21,0.24,0.44,0.464,0.536,0.0,0.25,0.25,0.22,0.1,0.0,1.0,0.875,0.375,2020-21
464,1627885,Shaquille Harrison,1610612743,DEN,27.0,34,9.8,1.59,0.56,1.03,1.06,0.0,0.06,0.12,0.26,0.12,0.38,0.692,0.308,0.0,0.06,0.06,0.06,0.0,0.0,1.0,1.0,0.0,2020-21
465,1628414,Sindarius Thornwell,1610612753,ORL,26.0,21,10.3,1.57,0.67,0.9,0.67,0.0,0.1,0.29,0.05,0.14,0.19,0.25,0.75,0.0,0.14,0.14,0.14,0.05,0.0,1.0,1.0,0.333,2020-21
466,1630219,Skylar Mays,1610612737,ATL,23.0,33,8.2,1.24,0.55,0.7,0.88,0.03,0.09,0.18,0.12,0.21,0.33,0.364,0.636,0.0,0.21,0.21,0.21,0.0,0.0,1.0,1.0,0.0,2020-21
467,203524,Solomon Hill,1610612737,ATL,30.0,71,21.3,3.77,1.96,1.82,1.68,0.01,0.37,0.89,0.2,0.27,0.46,0.424,0.576,0.03,0.73,0.76,0.55,0.17,0.037,0.963,0.975,0.3,2020-21
468,203915,Spencer Dinwiddie,1610612751,BKN,28.0,3,21.4,4.0,3.0,1.0,0.67,0.0,0.67,1.33,0.0,0.33,0.33,0.0,1.0,0.0,0.33,0.33,0.33,0.33,0.0,1.0,1.0,1.0,2020-21
469,1626169,Stanley Johnson,1610612761,TOR,25.0,61,16.5,3.13,1.41,1.72,1.54,0.0,0.43,1.11,0.15,0.25,0.39,0.375,0.625,0.02,0.72,0.74,0.51,0.08,0.022,0.978,0.912,0.147,2020-21
470,201939,Stephen Curry,1610612744,GSW,33.0,63,34.2,3.43,1.4,2.03,2.13,0.14,1.21,2.57,0.59,0.4,0.98,0.597,0.403,0.02,0.46,0.48,0.46,0.1,0.033,0.967,0.967,0.2,2020-21
471,1628425,Sterling Brown,1610612745,HOU,26.0,51,24.1,5.33,2.59,2.75,1.39,0.02,0.22,0.59,0.43,0.24,0.67,0.647,0.353,0.04,0.94,0.98,0.69,0.2,0.04,0.96,0.972,0.278,2020-21
472,203500,Steven Adams,1610612740,NOP,27.0,58,27.7,9.31,7.02,2.29,1.48,0.03,4.1,8.79,0.5,0.43,0.93,0.537,0.463,1.41,2.47,3.88,3.09,1.78,0.364,0.636,0.942,0.542,2020-21
473,1629004,Svi Mykhailiuk,1610612760,OKC,23.0,66,20.1,3.55,1.48,2.06,1.15,0.03,0.2,0.45,0.23,0.29,0.52,0.441,0.559,0.0,0.2,0.2,0.15,0.06,0.0,1.0,1.0,0.4,2020-21
474,1628388,T.J. Leaf,1610612757,POR,24.0,7,5.1,1.86,1.43,0.43,0.29,0.0,0.14,0.29,0.0,0.0,0.0,0.0,0.0,0.0,0.29,0.29,0.14,0.14,0.0,1.0,1.0,1.0,2020-21
475,204456,T.J. McConnell,1610612754,IND,29.0,69,26.0,3.07,1.39,1.68,3.55,0.06,0.09,0.23,0.45,0.7,1.14,0.392,0.608,0.0,0.25,0.25,0.22,0.07,0.0,1.0,1.0,0.333,2020-21
476,203933,T.J. Warren,1610612754,IND,27.0,4,29.3,2.0,0.5,1.5,1.5,0.0,0.5,1.0,0.0,0.25,0.25,0.0,1.0,0.0,0.0,0.0,0.0,0.0,0.0,0.0,0.0,0.0,2020-21
477,1629605,Tacko Fall,1610612738,BOS,25.0,19,7.1,3.68,3.0,0.68,0.11,0.0,0.84,2.0,0.21,0.11,0.32,0.667,0.333,0.05,0.58,0.63,0.42,0.26,0.083,0.917,0.8,0.5,2020-21
478,201959,Taj Gibson,1610612752,NYK,35.0,45,20.8,6.62,5.16,1.47,1.11,0.09,3.58,7.82,0.33,0.38,0.71,0.469,0.531,0.58,2.84,3.42,2.6,1.16,0.169,0.831,0.936,0.416,2020-21
479,1629659,Talen Horton-Tucker,1610612747,LAL,20.0,65,20.1,4.06,1.82,2.25,1.43,0.09,0.32,0.78,0.28,0.34,0.62,0.45,0.55,0.0,0.34,0.34,0.28,0.09,0.0,1.0,0.947,0.316,2020-21
480,1627752,Taurean Prince,1610612739,CLE,27.0,41,22.1,4.02,1.98,2.05,1.41,0.12,0.15,0.34,0.24,0.29,0.54,0.455,0.545,0.0,0.49,0.49,0.37,0.17,0.0,1.0,0.938,0.438,2020-21
481,1629611,Terance Mann,1610612746,LAC,24.0,67,18.9,3.61,2.06,1.55,1.01,0.0,0.22,0.57,0.15,0.25,0.4,0.37,0.63,0.06,0.3,0.36,0.33,0.18,0.167,0.833,1.0,0.545,2020-21
482,1629056,Terence Davis,1610612758,SAC,24.0,61,17.6,2.49,1.0,1.49,1.21,0.02,0.05,0.13,0.23,0.11,0.34,0.667,0.333,0.0,0.28,0.28,0.26,0.08,0.0,1.0,1.0,0.313,2020-21
483,1628390,Terrance Ferguson,1610612755,PHI,23.0,13,3.8,0.31,0.23,0.08,0.31,0.0,0.0,0.0,0.0,0.0,0.0,0.0,0.0,0.0,0.31,0.31,0.23,0.08,0.0,1.0,1.0,0.333,2020-21
484,203082,Terrence Ross,1610612753,ORL,30.0,46,29.3,4.26,1.57,2.7,1.61,0.0,0.0,0.0,0.28,0.41,0.7,0.406,0.594,0.0,0.28,0.28,0.26,0.04,0.0,1.0,1.0,0.167,2020-21
485,1626179,Terry Rozier,1610612766,CHA,27.0,69,34.5,4.8,1.23,3.57,2.07,0.17,0.25,0.57,0.55,0.42,0.97,0.567,0.433,0.0,0.32,0.32,0.26,0.07,0.0,1.0,1.0,0.278,2020-21
486,201152,Thaddeus Young,1610612741,CHI,32.0,68,24.3,6.54,4.16,2.38,2.16,0.28,2.63,6.06,0.54,0.22,0.76,0.712,0.288,0.56,1.31,1.87,1.38,0.79,0.299,0.701,0.959,0.551,2020-21
487,203648,Thanasis Antetokounmpo,1610612749,MIL,28.0,57,9.7,2.35,1.44,0.91,0.91,0.04,0.44,1.12,0.4,0.16,0.56,0.719,0.281,0.16,0.16,0.32,0.26,0.11,0.5,0.5,0.938,0.375,2020-21
488,1630177,Theo Maledon,1610612760,OKC,19.0,65,27.3,4.89,2.42,2.48,1.32,0.0,0.09,0.18,0.35,0.29,0.65,0.548,0.452,0.0,0.26,0.26,0.25,0.03,0.0,1.0,1.0,0.125,2020-21
489,1629033,Theo Pinson,1610612752,NYK,25.0,17,2.0,0.53,0.24,0.29,0.06,0.0,0.0,0.0,0.0,0.0,0.0,0.0,0.0,0.0,0.06,0.06,0.06,0.0,0.0,1.0,1.0,0.0,2020-21
490,1628418,Thomas Bryant,1610612764,WAS,23.0,10,27.1,12.5,9.7,2.8,1.2,0.0,4.3,10.0,0.1,0.0,0.1,1.0,0.0,0.6,2.0,2.6,2.3,1.4,0.231,0.769,0.958,0.583,2020-21
491,1627748,Thon Maker,1610612739,CLE,24.0,8,9.6,3.88,2.25,1.63,0.25,0.0,0.38,0.88,0.38,0.13,0.5,0.75,0.25,0.25,0.25,0.5,0.38,0.13,0.5,0.5,1.0,0.333,2020-21
492,204025,Tim Frazier,1610612763,MEM,30.0,5,12.4,1.4,1.0,0.4,1.0,0.0,0.0,0.0,0.0,0.0,0.0,0.0,0.0,0.0,0.4,0.4,0.2,0.0,0.0,1.0,0.5,0.0,2020-21
493,203501,Tim Hardaway Jr.,1610612742,DAL,29.0,70,28.4,5.09,2.03,3.06,0.9,0.24,0.49,1.11,0.14,0.29,0.43,0.333,0.667,0.01,0.44,0.46,0.39,0.13,0.031,0.969,0.964,0.321,2020-21
494,1627789,Timothe Luwawu-Cabarrot,1610612751,BKN,26.0,58,18.1,3.78,1.83,1.95,0.83,0.07,0.19,0.45,0.16,0.17,0.33,0.474,0.526,0.03,1.0,1.03,0.78,0.22,0.033,0.967,0.9,0.26,2020-21
495,202699,Tobias Harris,1610612755,PHI,28.0,62,32.5,5.98,3.66,2.32,1.39,0.0,0.65,1.45,0.29,0.34,0.63,0.462,0.538,0.21,1.02,1.23,0.95,0.48,0.171,0.829,0.967,0.492,2020-21
496,203107,Tomas Satoransky,1610612741,CHI,29.0,58,22.5,3.34,1.95,1.4,1.33,0.02,0.31,0.74,0.24,0.26,0.5,0.483,0.517,0.02,0.36,0.38,0.29,0.03,0.045,0.955,0.85,0.1,2020-21
497,1628396,Tony Bradley,1610612760,OKC,23.0,42,16.3,6.24,4.79,1.45,0.6,0.0,2.38,5.33,0.12,0.14,0.26,0.455,0.545,0.4,1.88,2.29,1.83,1.07,0.177,0.823,0.951,0.556,2020-21
498,203503,Tony Snell,1610612737,ATL,29.0,47,21.1,4.17,2.06,2.11,0.87,0.0,0.4,1.02,0.15,0.19,0.34,0.438,0.563,0.0,0.55,0.55,0.36,0.09,0.0,1.0,0.81,0.19,2020-21
499,1628470,Torrey Craig,1610612756,PHX,30.0,50,16.1,3.96,2.02,1.94,1.44,0.02,0.34,0.86,0.22,0.14,0.36,0.611,0.389,0.14,0.34,0.48,0.38,0.26,0.292,0.708,0.95,0.65,2020-21
500,1629027,Trae Young,1610612737,ATL,22.0,63,33.7,1.87,0.84,1.03,1.4,0.06,0.14,0.3,0.54,0.56,1.1,0.493,0.507,0.02,0.13,0.14,0.14,0.03,0.111,0.889,1.0,0.222,2020-21
501,1630200,Tre Jones,1610612759,SAS,21.0,37,7.3,0.84,0.51,0.32,0.49,0.0,0.05,0.11,0.05,0.03,0.08,0.667,0.333,0.0,0.03,0.03,0.03,0.03,0.0,1.0,1.0,1.0,2020-21
502,1629682,Tremont Waters,1610612738,BOS,23.0,26,9.1,0.92,0.27,0.65,1.15,0.0,0.08,0.19,0.12,0.08,0.19,0.6,0.4,0.0,0.08,0.08,0.04,0.0,0.0,1.0,1.0,0.0,2020-21
503,1630235,Trent Forrest,1610612762,UTA,22.0,30,10.1,1.77,1.0,0.77,0.57,0.0,0.13,0.3,0.13,0.07,0.2,0.667,0.333,0.0,0.13,0.13,0.07,0.03,0.0,1.0,0.5,0.25,2020-21
504,2772,Trevor Ariza,1610612748,MIA,35.0,30,28.0,5.87,2.9,2.97,2.53,0.17,0.4,1.03,0.27,0.4,0.67,0.4,0.6,0.0,0.9,0.9,0.57,0.2,0.0,1.0,0.944,0.333,2020-21
505,203504,Trey Burke,1610612742,DAL,28.0,62,14.7,1.42,1.02,0.4,0.89,0.02,0.27,0.65,0.18,0.11,0.29,0.611,0.389,0.0,0.19,0.19,0.19,0.02,0.0,1.0,1.0,0.083,2020-21
506,1626168,Trey Lyles,1610612759,SAS,25.0,23,15.6,4.04,2.39,1.65,0.7,0.0,0.57,1.22,0.04,0.09,0.13,0.333,0.667,0.04,0.87,0.91,0.74,0.3,0.048,0.952,1.0,0.412,2020-21
507,202684,Tristan Thompson,1610612738,BOS,30.0,54,23.8,8.13,6.13,2.0,0.56,0.0,4.0,9.3,0.43,0.28,0.7,0.605,0.395,1.0,1.61,2.61,2.0,1.24,0.383,0.617,0.947,0.588,2020-21
508,1628972,Troy Brown Jr.,1610612741,CHI,21.0,34,15.4,2.53,1.21,1.32,0.76,0.03,0.0,0.0,0.35,0.18,0.53,0.667,0.333,0.12,0.41,0.53,0.5,0.09,0.222,0.778,0.944,0.167,2020-21
509,1629660,Ty Jerome,1610612760,OKC,23.0,33,23.9,3.06,1.33,1.73,1.39,0.0,0.15,0.3,0.18,0.24,0.42,0.429,0.571,0.0,0.15,0.15,0.15,0.03,0.0,1.0,1.0,0.2,2020-21
510,1630234,Ty-Shon Alexander,1610612756,PHX,22.0,15,3.2,0.53,0.2,0.33,0.13,0.0,0.0,0.0,0.0,0.0,0.0,0.0,0.0,0.0,0.07,0.07,0.07,0.0,0.0,1.0,1.0,0.0,2020-21
511,1630189,Tyler Bey,1610612742,DAL,23.0,18,3.9,1.44,0.61,0.83,0.17,0.0,0.11,0.22,0.06,0.0,0.06,1.0,0.0,0.0,0.17,0.17,0.06,0.0,0.0,1.0,1.0,0.0,2020-21
512,1629076,Tyler Cook,1610612765,DET,23.0,32,13.7,2.38,1.31,1.06,0.56,0.0,0.94,2.09,0.28,0.13,0.41,0.692,0.308,0.16,0.19,0.34,0.28,0.22,0.455,0.545,0.9,0.7,2020-21
513,1629639,Tyler Herro,1610612748,MIA,21.0,54,30.3,5.37,2.8,2.57,1.07,0.0,0.5,1.15,0.19,0.46,0.65,0.286,0.714,0.0,0.43,0.43,0.37,0.04,0.0,1.0,0.952,0.095,2020-21
514,204020,Tyler Johnson,1610612751,BKN,29.0,39,17.5,2.56,1.28,1.28,0.82,0.13,0.21,0.54,0.1,0.23,0.33,0.308,0.692,0.0,0.49,0.49,0.41,0.05,0.0,1.0,0.889,0.111,2020-21
515,1630179,Tyrell Terry,1610612742,DAL,20.0,11,5.1,0.36,0.27,0.09,0.73,0.09,0.0,0.0,0.0,0.0,0.0,0.0,0.0,0.0,0.0,0.0,0.0,0.0,0.0,0.0,0.0,0.0,2020-21
516,1630169,Tyrese Haliburton,1610612758,SAC,21.0,58,30.1,4.36,2.16,2.21,2.14,0.0,0.21,0.45,0.36,0.47,0.83,0.438,0.563,0.0,0.17,0.17,0.16,0.09,0.0,1.0,0.9,0.5,2020-21
517,1630178,Tyrese Maxey,1610612755,PHI,20.0,61,15.3,2.54,1.25,1.3,0.87,0.02,0.13,0.26,0.15,0.11,0.26,0.563,0.438,0.0,0.2,0.2,0.15,0.02,0.0,1.0,0.9,0.1,2020-21
518,1626145,Tyus Jones,1610612763,MEM,25.0,70,17.5,2.11,0.76,1.36,1.3,0.01,0.11,0.23,0.14,0.24,0.39,0.37,0.63,0.0,0.27,0.27,0.21,0.03,0.0,1.0,1.0,0.133,2020-21
519,1628962,Udoka Azubuike,1610612762,UTA,21.0,15,3.8,1.87,1.6,0.27,0.07,0.0,0.53,1.13,0.0,0.07,0.07,0.0,1.0,0.13,0.4,0.53,0.27,0.2,0.25,0.75,1.0,0.75,2020-21
520,2617,Udonis Haslem,1610612748,MIA,40.0,1,2.7,0.0,0.0,0.0,0.0,1.0,0.0,0.0,0.0,0.0,0.0,0.0,0.0,0.0,1.0,1.0,0.0,0.0,0.0,1.0,0.0,0.0,2020-21
521,1630176,Vernon Carey Jr.,1610612766,CHA,20.0,19,6.0,2.0,1.42,0.58,0.16,0.0,0.32,0.63,0.05,0.0,0.05,1.0,0.0,0.16,0.21,0.37,0.32,0.26,0.429,0.571,1.0,0.833,2020-21
522,203506,Victor Oladipo,1610612748,MIA,29.0,33,32.7,6.12,2.76,3.36,2.97,0.36,0.45,1.06,0.42,0.61,1.03,0.412,0.588,0.0,0.82,0.82,0.7,0.18,0.0,1.0,1.0,0.261,2020-21
523,1629738,Vincent Poirier,1610612755,PHI,27.0,10,3.9,1.8,1.6,0.2,0.1,0.0,0.6,1.3,0.0,0.0,0.0,0.0,0.0,0.0,0.3,0.3,0.1,0.1,0.0,1.0,1.0,1.0,2020-21
524,1628427,Vlatko Cancar,1610612743,DEN,24.0,41,6.9,1.56,0.66,0.9,0.29,0.0,0.12,0.29,0.02,0.1,0.12,0.2,0.8,0.05,0.29,0.34,0.22,0.1,0.143,0.857,0.9,0.4,2020-21
525,201961,Wayne Ellington,1610612765,DET,33.0,46,22.0,3.37,1.28,2.09,0.67,0.0,0.24,0.61,0.2,0.26,0.46,0.429,0.571,0.02,0.13,0.15,0.15,0.07,0.143,0.857,1.0,0.429,2020-21
526,1628976,Wendell Carter Jr.,1610612753,ORL,22.0,54,25.5,8.93,7.28,1.65,1.13,0.06,4.69,10.44,0.37,0.26,0.63,0.588,0.412,0.57,2.35,2.93,2.37,1.41,0.196,0.804,0.934,0.555,2020-21
527,1629117,Wenyen Gabriel,1610612740,NOP,24.0,21,11.5,3.76,2.19,1.57,0.57,0.0,0.38,0.86,0.05,0.1,0.14,0.333,0.667,0.19,0.52,0.71,0.57,0.33,0.267,0.733,1.0,0.583,2020-21
528,1628411,Wes Iwundu,1610612740,NOP,26.0,41,13.1,1.93,0.95,0.98,0.93,0.0,0.05,0.15,0.12,0.15,0.27,0.455,0.545,0.0,0.15,0.15,0.1,0.02,0.0,1.0,0.8,0.2,2020-21
529,202083,Wesley Matthews,1610612747,LAL,34.0,58,19.5,3.09,1.59,1.5,1.21,0.05,0.14,0.33,0.24,0.29,0.53,0.452,0.548,0.12,0.71,0.83,0.62,0.21,0.146,0.854,0.9,0.3,2020-21
530,203115,Will Barton,1610612743,DEN,30.0,56,31.0,4.73,1.98,2.75,1.57,0.04,0.16,0.36,0.16,0.27,0.43,0.375,0.625,0.04,0.16,0.2,0.18,0.07,0.182,0.818,0.909,0.364,2020-21
531,1630266,Will Magnay,1610612740,NOP,22.0,1,3.3,0.0,0.0,0.0,0.0,0.0,0.0,0.0,0.0,0.0,0.0,0.0,0.0,0.0,0.0,0.0,0.0,0.0,0.0,0.0,0.0,0.0,2020-21
532,1626161,Willie Cauley-Stein,1610612742,DAL,27.0,53,17.1,6.3,4.53,1.77,1.04,0.02,3.06,6.94,0.25,0.21,0.45,0.542,0.458,0.15,1.79,1.94,1.47,0.58,0.078,0.922,0.918,0.365,2020-21
533,1626195,Willy Hernangomez,1610612740,NOP,27.0,47,18.0,6.34,4.94,1.4,0.79,0.06,2.15,4.77,0.4,0.19,0.6,0.679,0.321,0.64,1.19,1.83,1.68,1.19,0.349,0.651,0.975,0.691,2020-21
534,1630214,Xavier Tillman,1610612763,MEM,22.0,59,18.4,7.44,5.41,2.03,1.29,0.0,2.73,5.88,0.34,0.19,0.53,0.645,0.355,0.14,2.19,2.32,1.69,0.63,0.058,0.942,0.943,0.349,2020-21
535,1627812,Yogi Ferrell,1610612746,LAC,28.0,10,13.7,1.4,0.8,0.6,0.8,0.0,0.2,0.5,0.1,0.9,1.0,0.1,0.9,0.0,0.0,0.0,0.0,0.0,0.0,0.0,0.0,0.0,2020-21
536,1629139,Yuta Watanabe,1610612761,TOR,26.0,50,14.5,3.92,1.86,2.06,0.68,0.02,0.28,0.72,0.14,0.22,0.36,0.389,0.611,0.06,0.62,0.68,0.46,0.22,0.088,0.912,0.958,0.458,2020-21
537,203897,Zach LaVine,1610612741,CHI,26.0,58,35.1,6.45,3.26,3.19,1.33,0.0,0.33,0.72,0.38,0.4,0.78,0.489,0.511,0.05,0.45,0.5,0.36,0.09,0.103,0.897,0.778,0.185,2020-21
538,1630192,Zeke Nnaji,1610612743,DEN,20.0,42,9.5,2.52,1.36,1.17,0.52,0.0,0.26,0.62,0.05,0.07,0.12,0.4,0.6,0.1,0.5,0.6,0.31,0.12,0.16,0.84,0.929,0.357,2020-21
539,1629627,Zion Williamson,1610612740,NOP,20.0,61,33.2,7.72,3.54,4.18,1.79,0.02,1.95,4.51,0.62,0.48,1.1,0.567,0.433,0.41,0.79,1.2,1.0,0.74,0.342,0.658,0.924,0.682,2020-21
