,PLAYER_ID,PLAYER_NAME,PLAYER_LAST_TEAM_ID,PLAYER_LAST_TEAM_ABBREVIATION,AGE,GP,G,FGA_FREQUENCY,FGM,FGA,FG_PCT,EFG_PCT,FG2A_FREQUENCY,FG2M,FG2A,FG2_PCT,FG3A_FREQUENCY,FG3M,FG3A,FG3_PCT,Season
0,203078,Bradley Beal,1610612764,WAS,27.0,60,60,1.0,11.17,23.03,0.485,0.532,0.73,9.0,16.82,0.535,0.27,2.17,6.22,0.349,2020-21
1,201939,Stephen Curry,1610612744,GSW,33.0,63,63,1.0,10.4,21.54,0.483,0.606,0.415,5.08,8.94,0.568,0.585,5.32,12.6,0.422,2020-21
2,1628369,Jayson Tatum,1610612738,BOS,23.0,64,64,1.0,9.45,20.61,0.459,0.53,0.632,6.53,13.03,0.501,0.368,2.92,7.58,0.386,2020-21
3,1628378,Donovan Mitchell,1610612762,UTA,24.0,53,53,1.0,9.02,20.57,0.439,0.52,0.578,5.66,11.89,0.476,0.422,3.36,8.68,0.387,2020-21
4,1629029,Luka Doncic,1610612742,DAL,22.0,66,66,1.0,9.8,20.38,0.481,0.552,0.594,6.89,12.11,0.569,0.406,2.91,8.27,0.352,2020-21
5,202681,Kyrie Irving,1610612751,BKN,29.0,54,54,1.0,10.17,20.11,0.506,0.576,0.652,7.35,13.11,0.561,0.348,2.81,7.0,0.402,2020-21
6,202696,Nikola Vucevic,1610612741,CHI,30.0,70,70,1.0,9.51,19.96,0.477,0.54,0.684,7.0,13.66,0.513,0.316,2.51,6.3,0.399,2020-21
7,203081,Damian Lillard,1610612757,POR,30.0,67,67,1.0,8.99,19.91,0.451,0.554,0.472,4.88,9.4,0.519,0.528,4.1,10.51,0.391,2020-21
8,203897,Zach LaVine,1610612741,CHI,26.0,58,58,1.0,9.81,19.36,0.507,0.596,0.575,6.36,11.14,0.571,0.425,3.45,8.22,0.419,2020-21
9,1627759,Jaylen Brown,1610612738,BOS,24.0,58,58,1.0,9.28,19.14,0.485,0.558,0.631,6.47,12.07,0.536,0.369,2.81,7.07,0.398,2020-21
10,1628368,De'Aaron Fox,1610612758,SAC,23.0,58,58,1.0,9.12,19.14,0.477,0.523,0.712,7.34,13.62,0.539,0.288,1.78,5.52,0.322,2020-21
11,201566,Russell Westbrook,1610612764,WAS,32.0,65,65,1.0,8.37,19.05,0.439,0.474,0.779,7.05,14.85,0.475,0.221,1.32,4.2,0.315,2020-21
12,1626164,Devin Booker,1610612756,PHX,24.0,67,67,1.0,9.18,19.0,0.483,0.532,0.712,7.33,13.54,0.541,0.288,1.85,5.46,0.339,2020-21
13,203468,CJ McCollum,1610612757,POR,29.0,47,47,1.0,8.62,18.81,0.458,0.554,0.525,5.02,9.87,0.509,0.475,3.6,8.94,0.402,2020-21
14,203944,Julius Randle,1610612752,NYK,26.0,71,71,1.0,8.46,18.58,0.456,0.516,0.705,6.21,13.1,0.474,0.295,2.25,5.48,0.411,2020-21
15,1629012,Collin Sexton,1610612739,CLE,22.0,60,59,1.0,8.65,18.13,0.477,0.521,0.761,7.05,13.8,0.511,0.239,1.6,4.33,0.369,2020-21
16,202322,John Wall,1610612745,HOU,30.0,40,40,1.0,7.33,18.13,0.404,0.459,0.657,5.35,11.9,0.45,0.343,1.98,6.23,0.317,2020-21
17,203507,Giannis Antetokounmpo,1610612749,MIL,26.0,61,60,1.0,10.26,18.03,0.569,0.6,0.799,9.16,14.41,0.636,0.201,1.1,3.62,0.303,2020-21
18,1627742,Brandon Ingram,1610612740,NOP,23.0,61,61,1.0,8.41,18.03,0.466,0.531,0.659,6.07,11.89,0.51,0.341,2.34,6.15,0.381,2020-21
19,203999,Nikola Jokic,1610612743,DEN,26.0,72,72,1.0,10.04,17.71,0.567,0.603,0.815,8.76,14.43,0.607,0.185,1.28,3.28,0.39,2020-21
20,2544,LeBron James,1610612747,LAL,36.0,45,44,1.0,8.96,17.69,0.506,0.567,0.656,6.8,11.6,0.586,0.344,2.16,6.09,0.354,2020-21
21,203954,Joel Embiid,1610612755,PHI,27.0,51,51,1.0,9.04,17.65,0.512,0.544,0.828,7.9,14.61,0.541,0.172,1.14,3.04,0.374,2020-21
22,202331,Paul George,1610612746,LAC,31.0,54,54,1.0,8.24,17.65,0.467,0.557,0.563,5.07,9.94,0.51,0.437,3.17,7.7,0.411,2020-21
23,1629027,Trae Young,1610612737,ATL,22.0,63,63,1.0,7.71,17.63,0.437,0.498,0.644,5.57,11.35,0.491,0.356,2.14,6.29,0.341,2020-21
24,1626157,Karl-Anthony Towns,1610612750,MIN,25.0,50,50,1.0,8.5,17.5,0.486,0.555,0.64,6.06,11.2,0.541,0.36,2.44,6.3,0.387,2020-21
25,1627763,Malcolm Brogdon,1610612754,IND,28.0,56,56,1.0,7.93,17.48,0.454,0.528,0.618,5.34,10.8,0.494,0.382,2.59,6.68,0.388,2020-21
26,202695,Kawhi Leonard,1610612746,LAC,29.0,52,52,1.0,8.94,17.44,0.513,0.568,0.72,7.0,12.56,0.557,0.28,1.94,4.88,0.398,2020-21
27,1627747,Caris LeVert,1610612754,IND,26.0,47,47,1.0,7.64,17.32,0.441,0.493,0.683,5.85,11.83,0.495,0.317,1.79,5.49,0.326,2020-21
28,201142,Kevin Durant,1610612751,BKN,32.0,35,35,1.0,9.26,17.23,0.537,0.608,0.687,6.83,11.83,0.577,0.313,2.43,5.4,0.45,2020-21
29,1627783,Pascal Siakam,1610612761,TOR,27.0,56,56,1.0,7.8,17.16,0.455,0.493,0.744,6.5,12.77,0.509,0.256,1.3,4.39,0.297,2020-21
30,203506,Victor Oladipo,1610612748,MIA,29.0,33,33,1.0,7.06,17.09,0.413,0.482,0.585,4.7,10.0,0.47,0.415,2.36,7.09,0.333,2020-21
31,203924,Jerami Grant,1610612765,DET,27.0,54,54,1.0,7.37,17.07,0.432,0.493,0.649,5.28,11.07,0.477,0.351,2.09,6.0,0.349,2020-21
32,1629627,Zion Williamson,1610612740,NOP,20.0,61,61,1.0,10.39,17.0,0.611,0.616,0.967,10.23,16.44,0.622,0.033,0.16,0.56,0.294,2020-21
33,1630162,Anthony Edwards,1610612750,MIN,19.0,72,72,1.0,7.01,16.79,0.418,0.488,0.57,4.64,9.57,0.485,0.43,2.38,7.22,0.329,2020-21
34,1627832,Fred VanVleet,1610612761,TOR,27.0,52,52,1.0,6.5,16.73,0.389,0.489,0.453,3.15,7.58,0.416,0.547,3.35,9.15,0.366,2020-21
35,201935,James Harden,1610612751,BKN,31.0,44,44,1.0,7.77,16.7,0.465,0.548,0.544,5.02,9.09,0.553,0.456,2.75,7.61,0.361,2020-21
36,203076,Anthony Davis,1610612747,LAL,28.0,36,35,1.0,8.22,16.58,0.496,0.518,0.838,7.5,13.89,0.54,0.162,0.72,2.69,0.268,2020-21
37,1626179,Terry Rozier,1610612766,CHA,27.0,69,69,1.0,7.39,16.41,0.451,0.549,0.496,4.17,8.14,0.512,0.504,3.22,8.26,0.389,2020-21
38,1627750,Jamal Murray,1610612743,DEN,24.0,48,48,1.0,7.81,16.35,0.478,0.56,0.599,5.13,9.79,0.523,0.401,2.69,6.56,0.41,2020-21
39,1627736,Malik Beasley,1610612750,MIN,24.0,37,37,1.0,7.14,16.22,0.44,0.547,0.465,3.68,7.54,0.487,0.535,3.46,8.68,0.399,2020-21
40,1628983,Shai Gilgeous-Alexander,1610612760,OKC,22.0,35,35,1.0,8.17,16.11,0.507,0.57,0.699,6.14,11.26,0.546,0.301,2.03,4.86,0.418,2020-21
41,204001,Kristaps Porzingis,1610612742,DAL,25.0,43,43,1.0,7.56,15.88,0.476,0.547,0.622,5.3,9.88,0.536,0.378,2.26,6.0,0.376,2020-21
42,203114,Khris Middleton,1610612749,MIL,29.0,68,68,1.0,7.51,15.79,0.476,0.546,0.66,5.29,10.43,0.508,0.34,2.22,5.37,0.414,2020-21
43,203903,Jordan Clarkson,1610612762,UTA,29.0,68,68,1.0,6.72,15.76,0.426,0.523,0.443,3.66,6.99,0.524,0.557,3.06,8.78,0.348,2020-21
44,202689,Kemba Walker,1610612738,BOS,31.0,43,43,1.0,6.6,15.72,0.42,0.514,0.478,3.65,7.51,0.486,0.522,2.95,8.21,0.36,2020-21
45,1626174,Christian Wood,1610612745,HOU,25.0,41,41,1.0,8.02,15.61,0.514,0.574,0.678,6.15,10.59,0.581,0.322,1.88,5.02,0.374,2020-21
46,1626156,D'Angelo Russell,1610612750,MIN,25.0,42,42,1.0,6.69,15.52,0.431,0.523,0.525,3.83,8.14,0.471,0.475,2.86,7.38,0.387,2020-21
47,1628415,Dillon Brooks,1610612763,MEM,25.0,67,67,1.0,6.45,15.39,0.419,0.481,0.639,4.54,9.84,0.461,0.361,1.91,5.55,0.344,2020-21
48,1629630,Ja Morant,1610612763,MEM,21.0,63,63,1.0,6.83,15.19,0.449,0.487,0.748,5.67,11.37,0.499,0.252,1.16,3.83,0.303,2020-21
49,201942,DeMar DeRozan,1610612759,SAS,31.0,61,61,1.0,7.44,15.03,0.495,0.505,0.919,7.13,13.82,0.516,0.081,0.31,1.21,0.257,2020-21
50,202330,Gordon Hayward,1610612766,CHA,31.0,44,44,1.0,7.07,14.95,0.473,0.537,0.688,5.14,10.3,0.499,0.312,1.93,4.66,0.415,2020-21
51,202699,Tobias Harris,1610612755,PHI,28.0,62,62,1.0,7.63,14.9,0.512,0.556,0.775,6.31,11.55,0.546,0.225,1.32,3.35,0.394,2020-21
52,203952,Andrew Wiggins,1610612744,GSW,26.0,71,71,1.0,7.1,14.79,0.48,0.547,0.651,5.13,9.63,0.532,0.349,1.97,5.15,0.383,2020-21
53,1629636,Darius Garland,1610612739,CLE,21.0,54,53,1.0,6.61,14.67,0.451,0.517,0.664,4.67,9.74,0.479,0.336,1.94,4.93,0.395,2020-21
54,1627734,Domantas Sabonis,1610612754,IND,25.0,62,62,1.0,7.81,14.58,0.535,0.564,0.821,6.97,11.97,0.582,0.179,0.84,2.61,0.321,2020-21
55,1629628,RJ Barrett,1610612752,NYK,20.0,72,72,1.0,6.42,14.57,0.44,0.5,0.706,4.69,10.29,0.456,0.294,1.72,4.28,0.403,2020-21
56,1627749,Dejounte Murray,1610612759,SAS,24.0,67,66,1.0,6.57,14.52,0.452,0.485,0.795,5.63,11.55,0.487,0.205,0.94,2.97,0.317,2020-21
57,202710,Jimmy Butler,1610612748,MIA,31.0,52,52,1.0,7.04,14.17,0.497,0.514,0.862,6.56,12.21,0.537,0.138,0.48,1.96,0.245,2020-21
58,1629645,Kevin Porter Jr.,1610612745,HOU,21.0,26,26,1.0,6.0,14.12,0.425,0.493,0.561,4.08,7.92,0.515,0.439,1.92,6.19,0.311,2020-21
59,201950,Jrue Holiday,1610612749,MIL,30.0,59,59,1.0,7.02,13.97,0.502,0.57,0.655,5.14,9.15,0.561,0.345,1.88,4.81,0.391,2020-21
60,1627741,Buddy Hield,1610612758,SAC,28.0,71,71,1.0,5.68,13.97,0.406,0.548,0.273,1.7,3.82,0.446,0.727,3.97,10.15,0.391,2020-21
61,1629018,Gary Trent Jr.,1610612761,TOR,22.0,58,58,1.0,5.52,13.53,0.408,0.513,0.454,2.67,6.14,0.435,0.546,2.84,7.4,0.385,2020-21
62,203082,Terrence Ross,1610612753,ORL,30.0,46,46,1.0,5.52,13.39,0.412,0.485,0.571,3.59,7.65,0.469,0.429,1.93,5.74,0.337,2020-21
63,1629008,Michael Porter Jr.,1610612743,DEN,22.0,61,61,1.0,7.21,13.31,0.542,0.646,0.532,4.44,7.08,0.627,0.468,2.77,6.23,0.445,2020-21
64,1626181,Norman Powell,1610612757,POR,28.0,69,69,1.0,6.35,13.3,0.477,0.57,0.547,3.87,7.28,0.532,0.453,2.48,6.03,0.411,2020-21
65,201569,Eric Gordon,1610612745,HOU,32.0,27,27,1.0,5.78,13.22,0.437,0.532,0.423,3.26,5.59,0.583,0.577,2.52,7.63,0.33,2020-21
66,1629017,Khyri Thomas,1610612745,HOU,25.0,5,5,1.0,6.4,13.2,0.485,0.553,0.591,4.6,7.8,0.59,0.409,1.8,5.4,0.333,2020-21
67,1630163,LaMelo Ball,1610612766,CHA,19.0,51,51,1.0,5.76,13.2,0.437,0.506,0.611,3.94,8.06,0.489,0.389,1.82,5.14,0.355,2020-21
68,1629632,Coby White,1610612741,CHI,21.0,69,69,1.0,5.43,13.07,0.416,0.506,0.497,3.07,6.49,0.473,0.503,2.36,6.58,0.359,2020-21
69,1626162,Kelly Oubre Jr.,1610612744,GSW,25.0,55,55,1.0,5.76,13.05,0.442,0.504,0.606,4.13,7.91,0.522,0.394,1.64,5.15,0.318,2020-21
70,1629091,Elijah Bryant,1610612749,MIL,26.0,1,1,1.0,6.0,13.0,0.462,0.5,0.615,5.0,8.0,0.625,0.385,1.0,5.0,0.2,2020-21
71,1628365,Markelle Fultz,1610612753,ORL,23.0,8,8,1.0,5.13,13.0,0.394,0.413,0.846,4.63,11.0,0.42,0.154,0.5,2.0,0.25,2020-21
72,203501,Tim Hardaway Jr.,1610612742,DAL,29.0,70,70,1.0,5.81,12.99,0.448,0.562,0.419,2.86,5.44,0.525,0.581,2.96,7.54,0.392,2020-21
73,200768,Kyle Lowry,1610612761,TOR,35.0,46,46,1.0,5.65,12.96,0.436,0.546,0.445,2.8,5.76,0.487,0.555,2.85,7.2,0.396,2020-21
74,1629639,Tyler Herro,1610612748,MIA,21.0,54,54,1.0,5.69,12.94,0.439,0.516,0.575,3.7,7.44,0.498,0.425,1.98,5.5,0.36,2020-21
75,203095,Evan Fournier,1610612738,BOS,28.0,42,42,1.0,5.88,12.88,0.457,0.565,0.477,3.1,6.14,0.504,0.523,2.79,6.74,0.413,2020-21
76,201143,Al Horford,1610612760,OKC,35.0,28,28,1.0,5.79,12.86,0.45,0.528,0.578,3.79,7.43,0.51,0.422,2.0,5.43,0.368,2020-21
77,203992,Bogdan Bogdanovic,1610612737,ATL,28.0,44,44,1.0,6.07,12.84,0.473,0.602,0.411,2.75,5.27,0.522,0.589,3.32,7.57,0.438,2020-21
78,202711,Bojan Bogdanovic,1610612762,UTA,32.0,72,72,1.0,5.63,12.82,0.439,0.536,0.502,3.14,6.43,0.488,0.498,2.49,6.39,0.389,2020-21
79,203933,T.J. Warren,1610612754,IND,27.0,4,4,1.0,6.75,12.75,0.529,0.529,0.863,6.75,11.0,0.614,0.137,0.0,1.75,0.0,2020-21
80,1628366,Lonzo Ball,1610612740,NOP,23.0,55,55,1.0,5.25,12.69,0.414,0.537,0.348,2.13,4.42,0.481,0.652,3.13,8.27,0.378,2020-21
81,1628401,Derrick White,1610612759,SAS,26.0,36,36,1.0,5.17,12.56,0.412,0.504,0.465,2.83,5.83,0.486,0.535,2.33,6.72,0.347,2020-21
82,1629647,Darius Bazley,1610612760,OKC,20.0,55,55,1.0,4.96,12.55,0.396,0.456,0.586,3.45,7.35,0.47,0.414,1.51,5.2,0.29,2020-21
83,201144,Mike Conley,1610612762,UTA,33.0,51,51,1.0,5.53,12.51,0.442,0.549,0.476,2.84,5.96,0.477,0.524,2.69,6.55,0.41,2020-21
84,1628389,Bam Adebayo,1610612748,MIA,23.0,64,64,1.0,7.13,12.48,0.571,0.572,0.99,7.09,12.36,0.574,0.01,0.03,0.13,0.25,2020-21
85,101108,Chris Paul,1610612756,PHX,36.0,70,70,1.0,6.2,12.43,0.499,0.557,0.708,4.76,8.8,0.541,0.292,1.44,3.63,0.398,2020-21
86,203471,Dennis Schroder,1610612747,LAL,27.0,61,60,1.0,5.38,12.31,0.437,0.484,0.719,4.21,8.85,0.476,0.281,1.16,3.46,0.336,2020-21
87,1629652,Luguentz Dort,1610612760,OKC,22.0,52,52,1.0,4.75,12.27,0.387,0.476,0.484,2.58,5.94,0.434,0.516,2.17,6.33,0.343,2020-21
88,1628381,John Collins,1610612737,ATL,23.0,63,63,1.0,6.81,12.24,0.556,0.61,0.73,5.49,8.94,0.615,0.27,1.32,3.3,0.399,2020-21
89,1628984,Devonte' Graham,1610612766,CHA,26.0,55,55,1.0,4.56,12.15,0.376,0.509,0.287,1.33,3.49,0.38,0.713,3.24,8.65,0.374,2020-21
90,201565,Derrick Rose,1610612752,NYK,32.0,50,50,1.0,5.7,12.08,0.472,0.513,0.786,4.7,9.5,0.495,0.214,1.0,2.58,0.388,2020-21
91,1628384,OG Anunoby,1610612761,TOR,23.0,43,43,1.0,5.79,12.05,0.481,0.581,0.496,3.37,5.98,0.564,0.504,2.42,6.07,0.398,2020-21
92,203083,Andre Drummond,1610612747,LAL,27.0,46,45,1.0,5.89,12.0,0.491,0.491,0.986,5.89,11.83,0.498,0.014,0.0,0.17,0.0,2020-21
93,202685,Jonas Valanciunas,1610612763,MEM,29.0,62,62,1.0,7.1,11.97,0.593,0.607,0.923,6.76,11.05,0.612,0.077,0.34,0.92,0.368,2020-21
94,1629134,Kendrick Nunn,1610612748,MIA,25.0,56,56,1.0,5.7,11.75,0.485,0.578,0.514,3.52,6.04,0.583,0.486,2.18,5.71,0.381,2020-21
95,1630175,Cole Anthony,1610612753,ORL,21.0,47,47,1.0,4.66,11.74,0.397,0.449,0.688,3.43,8.09,0.424,0.312,1.23,3.66,0.337,2020-21
96,200746,LaMarcus Aldridge,1610612751,BKN,35.0,26,26,1.0,5.38,11.38,0.473,0.525,0.73,4.19,8.31,0.505,0.27,1.19,3.08,0.388,2020-21
97,1628963,Marvin Bagley III,1610612758,SAC,22.0,43,43,1.0,5.74,11.37,0.505,0.543,0.779,4.88,8.86,0.551,0.221,0.86,2.51,0.343,2020-21
98,1629060,Rui Hachimura,1610612764,WAS,23.0,57,57,1.0,5.44,11.37,0.478,0.513,0.789,4.65,8.96,0.519,0.211,0.79,2.4,0.328,2020-21
99,1628991,Jaren Jackson Jr.,1610612763,MEM,21.0,11,11,1.0,4.82,11.36,0.424,0.492,0.52,3.27,5.91,0.554,0.48,1.55,5.45,0.283,2020-21
100,1628367,Josh Jackson,1610612765,DET,24.0,62,62,1.0,4.76,11.32,0.42,0.474,0.638,3.53,7.23,0.489,0.362,1.23,4.1,0.299,2020-21
101,2546,Carmelo Anthony,1610612757,POR,37.0,69,69,1.0,4.74,11.26,0.421,0.506,0.582,2.81,6.55,0.429,0.418,1.93,4.71,0.409,2020-21
102,201609,Goran Dragic,1610612748,MIA,35.0,50,50,1.0,4.8,11.08,0.433,0.515,0.56,2.98,6.2,0.481,0.44,1.82,4.88,0.373,2020-21
103,203084,Harrison Barnes,1610612758,SAC,29.0,58,58,1.0,5.5,11.07,0.497,0.575,0.601,3.78,6.66,0.567,0.399,1.72,4.41,0.391,2020-21
104,1628398,Kyle Kuzma,1610612747,LAL,25.0,68,67,1.0,4.9,11.06,0.443,0.534,0.496,2.88,5.49,0.525,0.504,2.01,5.57,0.361,2020-21
105,203991,Clint Capela,1610612737,ATL,27.0,63,63,1.0,6.56,11.03,0.594,0.594,1.0,6.56,11.03,0.594,0.0,0.0,0.0,,2020-21
106,1629631,De'Andre Hunter,1610612737,ATL,23.0,23,23,1.0,5.22,10.87,0.48,0.542,0.616,3.87,6.7,0.578,0.384,1.35,4.17,0.323,2020-21
107,203115,Will Barton,1610612743,DEN,30.0,56,55,1.0,4.59,10.79,0.425,0.506,0.578,2.86,6.23,0.458,0.422,1.73,4.55,0.38,2020-21
108,1629023,P.J. Washington,1610612766,CHA,22.0,64,64,1.0,4.7,10.72,0.439,0.52,0.579,2.97,6.2,0.479,0.421,1.73,4.52,0.384,2020-21
109,1630169,Tyrese Haliburton,1610612758,SAC,21.0,58,58,1.0,5.03,10.67,0.472,0.569,0.522,2.95,5.57,0.529,0.478,2.09,5.1,0.409,2020-21
110,203935,Marcus Smart,1610612738,BOS,27.0,48,48,1.0,4.23,10.63,0.398,0.489,0.447,2.29,4.75,0.482,0.553,1.94,5.88,0.33,2020-21
111,1629003,Shake Milton,1610612755,PHI,24.0,63,63,1.0,4.76,10.59,0.45,0.503,0.696,3.63,7.37,0.494,0.304,1.13,3.22,0.35,2020-21
112,1628989,Kevin Huerter,1610612737,ATL,22.0,69,69,1.0,4.58,10.59,0.432,0.528,0.472,2.55,5.0,0.51,0.528,2.03,5.59,0.363,2020-21
113,1626196,Josh Richardson,1610612742,DAL,27.0,59,59,1.0,4.47,10.47,0.427,0.498,0.568,2.98,5.95,0.501,0.432,1.49,4.53,0.33,2020-21
114,202339,Eric Bledsoe,1610612740,NOP,31.0,71,71,1.0,4.32,10.28,0.421,0.503,0.515,2.62,5.3,0.495,0.485,1.7,4.99,0.342,2020-21
115,202694,Marcus Morris Sr.,1610612746,LAC,31.0,57,57,1.0,4.84,10.25,0.473,0.592,0.493,2.39,5.05,0.472,0.507,2.46,5.19,0.473,2020-21
116,203925,Joe Harris,1610612751,BKN,29.0,69,69,1.0,5.17,10.23,0.506,0.655,0.371,2.12,3.8,0.557,0.629,3.06,6.43,0.475,2020-21
117,1629640,Keldon Johnson,1610612759,SAS,21.0,69,69,1.0,4.9,10.22,0.479,0.522,0.743,4.03,7.59,0.531,0.257,0.87,2.62,0.331,2020-21
118,1628374,Lauri Markkanen,1610612741,CHI,24.0,51,51,1.0,4.9,10.2,0.481,0.595,0.431,2.57,4.39,0.585,0.569,2.33,5.8,0.402,2020-21
119,1629022,Lonnie Walker IV,1610612759,SAS,22.0,60,60,1.0,4.27,10.15,0.42,0.502,0.537,2.6,5.45,0.477,0.463,1.67,4.7,0.355,2020-21
120,1629629,Cam Reddish,1610612737,ATL,21.0,26,26,1.0,3.69,10.12,0.365,0.428,0.521,2.42,5.27,0.46,0.479,1.27,4.85,0.262,2020-21
121,203926,Doug McDermott,1610612754,IND,29.0,66,66,1.0,5.36,10.08,0.532,0.616,0.57,3.68,5.74,0.641,0.43,1.68,4.33,0.388,2020-21
122,202692,Alec Burks,1610612752,NYK,29.0,49,49,1.0,4.27,10.08,0.423,0.525,0.508,2.2,5.12,0.43,0.492,2.06,4.96,0.416,2020-21
123,201567,Kevin Love,1610612739,CLE,32.0,25,23,1.0,4.12,10.08,0.409,0.522,0.381,1.84,3.84,0.479,0.619,2.28,6.24,0.365,2020-21
124,1628407,Dwayne Bacon,1610612753,ORL,25.0,72,71,1.0,4.06,10.06,0.403,0.444,0.715,3.24,7.19,0.45,0.285,0.82,2.86,0.286,2020-21
125,1627732,Ben Simmons,1610612755,PHI,24.0,58,58,1.0,5.6,10.05,0.557,0.56,0.983,5.55,9.88,0.562,0.017,0.05,0.17,0.3,2020-21
126,203932,Aaron Gordon,1610612743,DEN,25.0,50,50,1.0,4.62,9.98,0.463,0.522,0.647,3.44,6.46,0.533,0.353,1.18,3.52,0.335,2020-21
127,200752,Rudy Gay,1610612759,SAS,34.0,63,63,1.0,4.19,9.97,0.42,0.505,0.557,2.51,5.56,0.451,0.443,1.68,4.41,0.381,2020-21
128,1629130,Duncan Robinson,1610612748,MIA,27.0,72,72,1.0,4.38,9.96,0.439,0.614,0.145,0.9,1.44,0.625,0.855,3.47,8.51,0.408,2020-21
129,203482,Kelly Olynyk,1610612745,HOU,30.0,70,70,1.0,4.8,9.94,0.483,0.573,0.473,3.0,4.7,0.638,0.527,1.8,5.24,0.343,2020-21
130,1629638,Nickeil Alexander-Walker,1610612740,NOP,22.0,46,46,1.0,4.17,9.91,0.421,0.504,0.522,2.52,5.17,0.487,0.478,1.65,4.74,0.349,2020-21
131,1629028,Deandre Ayton,1610612756,PHX,22.0,69,69,1.0,6.14,9.86,0.624,0.626,0.972,6.09,9.58,0.635,0.028,0.06,0.28,0.211,2020-21
132,1630180,Saddiq Bey,1610612765,DET,22.0,70,69,1.0,3.99,9.83,0.406,0.533,0.337,1.49,3.31,0.448,0.663,2.5,6.51,0.384,2020-21
133,101150,Lou Williams,1610612737,ATL,34.0,66,66,1.0,4.02,9.8,0.41,0.463,0.733,2.97,7.18,0.414,0.267,1.05,2.62,0.399,2020-21
134,203901,Elfrid Payton,1610612752,NYK,27.0,63,63,1.0,4.24,9.76,0.434,0.457,0.842,3.79,8.22,0.461,0.158,0.44,1.54,0.289,2020-21
135,201152,Thaddeus Young,1610612741,CHI,32.0,68,68,1.0,5.44,9.75,0.558,0.567,0.932,5.26,9.09,0.579,0.068,0.18,0.66,0.267,2020-21
136,1626224,Cedi Osman,1610612739,CLE,26.0,59,57,1.0,3.61,9.75,0.37,0.452,0.45,2.02,4.39,0.459,0.55,1.59,5.36,0.297,2020-21
137,203552,Seth Curry,1610612755,PHI,30.0,57,57,1.0,4.53,9.68,0.467,0.582,0.493,2.32,4.77,0.485,0.507,2.21,4.91,0.45,2020-21
138,1629717,Armoni Brooks,1610612745,HOU,23.0,20,20,1.0,3.9,9.6,0.406,0.563,0.182,0.9,1.75,0.514,0.818,3.0,7.85,0.382,2020-21
139,203937,Kyle Anderson,1610612763,MEM,27.0,69,69,1.0,4.46,9.54,0.468,0.54,0.603,3.1,5.75,0.539,0.397,1.36,3.78,0.36,2020-21
140,1628370,Malik Monk,1610612766,CHA,23.0,42,41,1.0,4.12,9.5,0.434,0.54,0.469,2.1,4.45,0.471,0.531,2.02,5.05,0.401,2020-21
141,1626158,Richaun Holmes,1610612758,SAC,27.0,61,61,1.0,6.0,9.43,0.637,0.638,0.981,5.97,9.25,0.645,0.019,0.03,0.18,0.182,2020-21
142,1628970,Miles Bridges,1610612766,CHA,23.0,66,65,1.0,4.74,9.42,0.503,0.596,0.534,2.98,5.03,0.593,0.466,1.76,4.39,0.4,2020-21
143,1630177,Theo Maledon,1610612760,OKC,19.0,65,65,1.0,3.46,9.42,0.368,0.453,0.492,1.86,4.63,0.402,0.508,1.6,4.78,0.334,2020-21
144,1628449,Chris Boucher,1610612761,TOR,28.0,60,60,1.0,4.8,9.33,0.514,0.595,0.58,3.3,5.42,0.609,0.42,1.5,3.92,0.383,2020-21
145,1629673,Jordan Poole,1610612744,GSW,21.0,51,50,1.0,4.02,9.29,0.432,0.535,0.418,2.12,3.88,0.545,0.582,1.9,5.41,0.351,2020-21
146,1630164,James Wiseman,1610612744,GSW,20.0,39,39,1.0,4.77,9.26,0.515,0.532,0.895,4.46,8.28,0.539,0.105,0.31,0.97,0.316,2020-21
147,201568,Danilo Gallinari,1610612737,ATL,32.0,51,51,1.0,4.04,9.25,0.436,0.546,0.462,2.02,4.27,0.472,0.538,2.02,4.98,0.406,2020-21
148,1628973,Jalen Brunson,1610612742,DAL,24.0,68,68,1.0,4.82,9.22,0.523,0.588,0.681,3.63,6.28,0.578,0.319,1.19,2.94,0.405,2020-21
149,1626167,Myles Turner,1610612754,IND,25.0,47,47,1.0,4.38,9.19,0.477,0.557,0.523,2.91,4.81,0.606,0.477,1.47,4.38,0.335,2020-21
150,201572,Brook Lopez,1610612749,MIL,33.0,70,70,1.0,4.6,9.14,0.503,0.577,0.561,3.24,5.13,0.632,0.439,1.36,4.01,0.338,2020-21
151,1628978,Donte DiVincenzo,1610612749,MIL,24.0,66,66,1.0,3.83,9.14,0.42,0.528,0.426,1.85,3.89,0.475,0.574,1.98,5.24,0.379,2020-21
152,1628969,Mikal Bridges,1610612756,PHX,24.0,72,72,1.0,4.94,9.13,0.542,0.64,0.528,3.15,4.82,0.654,0.472,1.79,4.31,0.416,2020-21
153,1628418,Thomas Bryant,1610612764,WAS,23.0,10,9,1.0,5.9,9.1,0.648,0.698,0.769,5.0,7.0,0.714,0.231,0.9,2.1,0.429,2020-21
154,1626171,Bobby Portis,1610612749,MIL,26.0,66,66,1.0,4.74,9.08,0.523,0.584,0.738,3.62,6.7,0.541,0.262,1.12,2.38,0.471,2020-21
155,1628977,Hamidou Diallo,1610612765,DET,22.0,52,52,1.0,4.31,9.04,0.477,0.506,0.826,3.77,7.46,0.505,0.174,0.54,1.58,0.341,2020-21
156,1630193,Immanuel Quickley,1610612752,NYK,21.0,64,64,1.0,3.56,9.02,0.395,0.497,0.48,1.73,4.33,0.401,0.52,1.83,4.69,0.39,2020-21
157,203994,Jusuf Nurkic,1610612757,POR,26.0,37,37,1.0,4.62,9.0,0.514,0.532,0.91,4.3,8.19,0.525,0.09,0.32,0.81,0.4,2020-21
158,201988,Patty Mills,1610612759,SAS,32.0,68,68,1.0,3.71,9.0,0.412,0.543,0.297,1.34,2.68,0.5,0.703,2.37,6.32,0.374,2020-21
159,202738,Isaiah Thomas,1610612740,NOP,32.0,3,3,1.0,3.0,9.0,0.333,0.389,0.556,2.0,5.0,0.4,0.444,1.0,4.0,0.25,2020-21
160,1630197,Aleksej Pokusevski,1610612760,OKC,19.0,45,45,1.0,2.96,8.89,0.333,0.401,0.49,1.73,4.36,0.398,0.51,1.22,4.53,0.27,2020-21
161,1630256,Jae'Sean Tate,1610612745,HOU,25.0,70,70,1.0,4.47,8.86,0.505,0.552,0.69,3.63,6.11,0.593,0.31,0.84,2.74,0.307,2020-21
162,201933,Blake Griffin,1610612751,BKN,32.0,46,46,1.0,3.76,8.83,0.426,0.511,0.502,2.26,4.43,0.51,0.498,1.5,4.39,0.342,2020-21
163,203487,Michael Carter-Williams,1610612753,ORL,29.0,31,31,1.0,3.39,8.71,0.389,0.417,0.774,2.9,6.74,0.431,0.226,0.48,1.97,0.246,2020-21
164,1629660,Ty Jerome,1610612760,OKC,23.0,33,33,1.0,3.88,8.7,0.446,0.57,0.415,1.73,3.61,0.479,0.585,2.15,5.09,0.423,2020-21
165,201586,Serge Ibaka,1610612746,LAC,31.0,41,41,1.0,4.44,8.68,0.511,0.565,0.691,3.51,6.0,0.585,0.309,0.93,2.68,0.345,2020-21
166,203200,Justin Holiday,1610612754,IND,32.0,72,72,1.0,3.58,8.67,0.413,0.552,0.274,1.18,2.38,0.497,0.726,2.4,6.29,0.382,2020-21
167,202704,Reggie Jackson,1610612746,LAC,31.0,67,63,1.0,3.9,8.66,0.45,0.553,0.521,2.1,4.51,0.467,0.479,1.79,4.15,0.432,2020-21
168,203914,Gary Harris,1610612753,ORL,26.0,39,38,1.0,3.46,8.64,0.401,0.472,0.588,2.23,5.08,0.439,0.412,1.23,3.56,0.345,2020-21
169,1626149,Montrezl Harrell,1610612747,LAL,27.0,69,67,1.0,5.35,8.61,0.621,0.621,0.983,5.35,8.46,0.632,0.017,0.0,0.14,0.0,2020-21
170,203493,Reggie Bullock,1610612752,NYK,30.0,65,65,1.0,3.8,8.57,0.443,0.589,0.289,1.31,2.48,0.528,0.711,2.49,6.09,0.409,2020-21
171,1628976,Wendell Carter Jr.,1610612753,ORL,22.0,54,54,1.0,4.26,8.46,0.503,0.52,0.888,3.98,7.52,0.53,0.112,0.28,0.94,0.294,2020-21
172,204060,Joe Ingles,1610612762,UTA,33.0,67,67,1.0,4.1,8.39,0.489,0.652,0.278,1.37,2.33,0.59,0.722,2.73,6.06,0.451,2020-21
173,202722,Davis Bertans,1610612764,WAS,28.0,57,57,1.0,3.39,8.39,0.404,0.581,0.105,0.42,0.88,0.48,0.895,2.96,7.51,0.395,2020-21
174,1629634,Brandon Clarke,1610612763,MEM,24.0,59,59,1.0,4.34,8.37,0.518,0.538,0.844,4.0,7.07,0.566,0.156,0.34,1.31,0.26,2020-21
175,1629675,Naz Reid,1610612750,MIN,21.0,70,69,1.0,4.34,8.3,0.523,0.576,0.701,3.47,5.81,0.597,0.299,0.87,2.49,0.351,2020-21
176,1628960,Grayson Allen,1610612763,MEM,25.0,50,49,1.0,3.46,8.28,0.418,0.547,0.338,1.32,2.8,0.471,0.662,2.14,5.48,0.391,2020-21
177,1628419,Cameron Oliver,1610612745,HOU,24.0,4,4,1.0,4.75,8.25,0.576,0.636,0.606,3.75,5.0,0.75,0.394,1.0,3.25,0.308,2020-21
178,1630171,Isaac Okoro,1610612739,CLE,20.0,67,66,1.0,3.46,8.21,0.422,0.477,0.616,2.55,5.06,0.504,0.384,0.91,3.15,0.289,2020-21
179,203109,Jae Crowder,1610612756,PHX,30.0,60,60,1.0,3.3,8.15,0.405,0.555,0.229,0.85,1.87,0.455,0.771,2.45,6.28,0.39,2020-21
180,203497,Rudy Gobert,1610612762,UTA,28.0,71,71,1.0,5.49,8.14,0.675,0.675,0.993,5.49,8.08,0.679,0.007,0.0,0.06,0.0,2020-21
181,1628420,Monte Morris,1610612743,DEN,25.0,47,47,1.0,3.89,8.13,0.479,0.546,0.652,2.81,5.3,0.53,0.348,1.09,2.83,0.383,2020-21
182,203490,Otto Porter Jr.,1610612753,ORL,28.0,28,28,1.0,3.5,8.11,0.432,0.518,0.542,2.11,4.39,0.48,0.458,1.39,3.71,0.375,2020-21
183,1626159,Justise Winslow,1610612763,MEM,25.0,26,25,1.0,2.85,8.08,0.352,0.376,0.743,2.46,6.0,0.41,0.257,0.38,2.08,0.185,2020-21
184,1626153,Delon Wright,1610612758,SAC,29.0,63,62,1.0,3.68,8.05,0.458,0.519,0.667,2.7,5.37,0.503,0.333,0.98,2.68,0.367,2020-21
185,2772,Trevor Ariza,1610612748,MIA,35.0,30,30,1.0,3.3,8.03,0.411,0.515,0.407,1.63,3.27,0.5,0.593,1.67,4.77,0.35,2020-21
186,1629669,Jaylen Nowell,1610612750,MIN,21.0,42,42,1.0,3.38,7.98,0.424,0.499,0.552,2.19,4.4,0.497,0.448,1.19,3.57,0.333,2020-21
187,1629661,Cameron Johnson,1610612756,PHX,25.0,60,60,1.0,3.37,7.98,0.422,0.544,0.305,1.42,2.43,0.582,0.695,1.95,5.55,0.351,2020-21
188,201980,Danny Green,1610612755,PHI,33.0,69,69,1.0,3.25,7.9,0.411,0.572,0.207,0.71,1.64,0.434,0.793,2.54,6.26,0.405,2020-21
189,1627752,Taurean Prince,1610612739,CLE,27.0,41,40,1.0,3.15,7.83,0.402,0.497,0.526,1.66,4.12,0.402,0.474,1.49,3.71,0.401,2020-21
190,202683,Enes Kanter,1610612757,POR,29.0,72,72,1.0,4.71,7.79,0.604,0.605,0.993,4.69,7.74,0.607,0.007,0.01,0.06,0.25,2020-21
191,201145,Jeff Green,1610612751,BKN,34.0,68,67,1.0,3.84,7.79,0.492,0.59,0.528,2.32,4.12,0.564,0.472,1.51,3.68,0.412,2020-21
192,1626204,Larry Nance Jr.,1610612739,CLE,28.0,35,35,1.0,3.66,7.77,0.471,0.546,0.581,2.49,4.51,0.551,0.419,1.17,3.26,0.36,2020-21
193,1627827,Dorian Finney-Smith,1610612742,DAL,28.0,60,60,1.0,3.65,7.75,0.471,0.598,0.353,1.68,2.73,0.616,0.647,1.97,5.02,0.392,2020-21
194,1627788,Furkan Korkmaz,1610612755,PHI,23.0,55,55,1.0,3.09,7.71,0.401,0.52,0.366,1.25,2.82,0.445,0.634,1.84,4.89,0.375,2020-21
195,203087,Jeremy Lamb,1610612754,IND,29.0,36,36,1.0,3.33,7.67,0.435,0.529,0.536,1.89,4.11,0.459,0.464,1.44,3.56,0.406,2020-21
196,1629004,Svi Mykhailiuk,1610612760,OKC,23.0,66,65,1.0,3.15,7.67,0.411,0.515,0.379,1.56,2.91,0.536,0.621,1.59,4.76,0.334,2020-21
197,203488,Mike Muscala,1610612760,OKC,29.0,35,35,1.0,3.4,7.63,0.446,0.573,0.311,1.46,2.37,0.614,0.689,1.94,5.26,0.37,2020-21
198,1630165,Killian Hayes,1610612765,DET,19.0,26,26,1.0,2.73,7.62,0.359,0.409,0.641,1.96,4.88,0.402,0.359,0.77,2.73,0.282,2020-21
199,1628386,Jarrett Allen,1610612739,CLE,23.0,63,62,1.0,4.7,7.6,0.618,0.624,0.96,4.6,7.3,0.63,0.04,0.1,0.3,0.316,2020-21
200,1627854,Bryn Forbes,1610612749,MIL,27.0,70,70,1.0,3.57,7.56,0.473,0.618,0.355,1.37,2.69,0.511,0.645,2.2,4.87,0.452,2020-21
201,1629001,De'Anthony Melton,1610612763,MEM,23.0,52,52,1.0,3.31,7.56,0.438,0.548,0.463,1.63,3.5,0.467,0.537,1.67,4.06,0.412,2020-21
202,1627863,Danuel House Jr.,1610612745,HOU,28.0,36,36,1.0,3.06,7.56,0.404,0.504,0.426,1.56,3.22,0.483,0.574,1.5,4.33,0.346,2020-21
203,1629659,Talen Horton-Tucker,1610612747,LAL,20.0,65,65,1.0,3.45,7.51,0.459,0.497,0.732,2.88,5.49,0.524,0.268,0.57,2.02,0.282,2020-21
204,1629056,Terence Davis,1610612758,SAC,24.0,61,58,1.0,3.2,7.48,0.428,0.535,0.414,1.59,3.1,0.513,0.586,1.61,4.38,0.367,2020-21
205,1629013,Landry Shamet,1610612751,BKN,24.0,61,61,1.0,3.05,7.48,0.408,0.549,0.27,0.93,2.02,0.463,0.73,2.11,5.46,0.387,2020-21
206,1630172,Patrick Williams,1610612741,CHI,19.0,71,71,1.0,3.59,7.44,0.483,0.534,0.739,2.83,5.49,0.515,0.261,0.76,1.94,0.391,2020-21
207,203484,Kentavious Caldwell-Pope,1610612747,LAL,28.0,67,66,1.0,3.21,7.37,0.435,0.556,0.423,1.43,3.12,0.459,0.577,1.78,4.25,0.418,2020-21
208,1630217,Desmond Bane,1610612763,MEM,22.0,68,68,1.0,3.44,7.34,0.469,0.586,0.457,1.72,3.35,0.513,0.543,1.72,3.99,0.432,2020-21
209,1628402,Frank Jackson,1610612765,DET,23.0,40,39,1.0,3.35,7.33,0.457,0.561,0.488,1.83,3.58,0.51,0.512,1.53,3.75,0.407,2020-21
210,1628404,Josh Hart,1610612740,NOP,26.0,47,47,1.0,3.21,7.32,0.439,0.531,0.439,1.87,3.21,0.583,0.561,1.34,4.11,0.326,2020-21
211,201937,Ricky Rubio,1610612750,MIN,30.0,68,68,1.0,2.84,7.32,0.388,0.454,0.57,1.87,4.18,0.447,0.43,0.97,3.15,0.308,2020-21
212,1629672,Eric Paschall,1610612744,GSW,24.0,40,40,1.0,3.65,7.3,0.5,0.531,0.818,3.2,5.98,0.536,0.182,0.45,1.33,0.34,2020-21
213,203496,Robert Covington,1610612757,POR,30.0,70,70,1.0,2.91,7.27,0.401,0.533,0.301,0.99,2.19,0.451,0.699,1.93,5.09,0.379,2020-21
214,1630201,Malachi Flynn,1610612761,TOR,23.0,47,44,1.0,2.7,7.26,0.372,0.452,0.507,1.55,3.68,0.422,0.493,1.15,3.57,0.321,2020-21
215,1629643,Chuma Okeke,1610612753,ORL,22.0,45,44,1.0,3.0,7.2,0.417,0.492,0.565,1.91,4.07,0.47,0.435,1.09,3.13,0.348,2020-21
216,1629052,Oshae Brissett,1610612754,IND,22.0,21,20,1.0,3.48,7.19,0.483,0.593,0.483,1.9,3.48,0.548,0.517,1.57,3.71,0.423,2020-21
217,1628464,Daniel Theis,1610612741,CHI,29.0,65,63,1.0,3.88,7.17,0.541,0.593,0.674,3.12,4.83,0.646,0.326,0.75,2.34,0.322,2020-21
218,201961,Wayne Ellington,1610612765,DET,33.0,46,45,1.0,3.15,7.17,0.439,0.609,0.191,0.72,1.37,0.524,0.809,2.43,5.8,0.419,2020-21
219,202326,DeMarcus Cousins,1610612746,LAC,30.0,41,41,1.0,3.12,7.12,0.438,0.517,0.551,2.0,3.93,0.509,0.449,1.12,3.2,0.351,2020-21
220,204456,T.J. McConnell,1610612754,IND,29.0,69,69,1.0,3.97,7.1,0.559,0.574,0.902,3.75,6.41,0.586,0.098,0.22,0.7,0.313,2020-21
221,1628455,Mike James,1610612751,BKN,30.0,13,13,1.0,2.62,7.08,0.37,0.429,0.663,1.77,4.69,0.377,0.337,0.85,2.38,0.355,2020-21
222,1630231,Kenyon Martin Jr.,1610612745,HOU,20.0,45,44,1.0,3.6,7.07,0.509,0.564,0.698,2.82,4.93,0.572,0.302,0.78,2.13,0.365,2020-21
223,200794,Paul Millsap,1610612743,DEN,36.0,56,56,1.0,3.38,7.07,0.477,0.539,0.641,2.5,4.54,0.551,0.359,0.88,2.54,0.345,2020-21
224,1630178,Tyrese Maxey,1610612755,PHI,20.0,61,58,1.0,3.25,7.03,0.462,0.498,0.76,2.74,5.34,0.512,0.24,0.51,1.69,0.301,2020-21
225,1628408,PJ Dozier,1610612743,DEN,24.0,50,50,1.0,2.92,7.02,0.416,0.483,0.578,1.98,4.06,0.488,0.422,0.94,2.96,0.318,2020-21
226,1627737,Marquese Chriss,1610612744,GSW,23.0,2,2,1.0,2.5,7.0,0.357,0.393,0.643,2.0,4.5,0.444,0.357,0.5,2.5,0.2,2020-21
227,1627740,Henry Ellenson,1610612761,TOR,24.0,2,2,1.0,2.5,7.0,0.357,0.429,0.357,1.5,2.5,0.6,0.643,1.0,4.5,0.222,2020-21
228,203526,Raul Neto,1610612764,WAS,29.0,64,63,1.0,3.27,6.98,0.468,0.539,0.633,2.27,4.42,0.512,0.367,1.0,2.56,0.39,2020-21
229,1629676,Isaiah Roby,1610612760,OKC,23.0,61,60,1.0,3.36,6.95,0.483,0.521,0.745,2.84,5.18,0.547,0.255,0.52,1.77,0.296,2020-21
230,1628021,David Nwaba,1610612745,HOU,28.0,30,29,1.0,3.37,6.93,0.486,0.526,0.697,2.8,4.83,0.579,0.303,0.57,2.1,0.27,2020-21
231,203967,Dario Saric,1610612756,PHX,27.0,50,50,1.0,3.06,6.84,0.447,0.516,0.605,2.12,4.14,0.512,0.395,0.94,2.7,0.348,2020-21
232,203085,Austin Rivers,1610612743,DEN,28.0,36,34,1.0,2.89,6.81,0.424,0.537,0.392,1.36,2.67,0.51,0.608,1.53,4.14,0.369,2020-21
233,202066,Garrett Temple,1610612741,CHI,35.0,56,55,1.0,2.82,6.8,0.415,0.503,0.475,1.63,3.23,0.503,0.525,1.2,3.57,0.335,2020-21
234,203486,Mason Plumlee,1610612765,DET,31.0,56,56,1.0,4.16,6.77,0.615,0.615,0.982,4.16,6.64,0.626,0.018,0.0,0.13,0.0,2020-21
235,202709,Cory Joseph,1610612765,DET,29.0,63,63,1.0,3.17,6.76,0.469,0.522,0.69,2.46,4.67,0.527,0.31,0.71,2.1,0.341,2020-21
236,203469,Cody Zeller,1610612766,CHA,28.0,48,48,1.0,3.77,6.75,0.559,0.565,0.914,3.69,6.17,0.598,0.086,0.08,0.58,0.143,2020-21
237,202397,Ish Smith,1610612764,WAS,32.0,44,42,1.0,2.93,6.75,0.434,0.465,0.835,2.52,5.64,0.448,0.165,0.41,1.11,0.367,2020-21
238,203463,Ben McLemore,1610612747,LAL,28.0,53,51,1.0,2.47,6.72,0.368,0.501,0.228,0.68,1.53,0.444,0.772,1.79,5.19,0.345,2020-21
239,1627756,Denzel Valentine,1610612741,CHI,27.0,62,60,1.0,2.5,6.71,0.373,0.469,0.418,1.21,2.81,0.431,0.582,1.29,3.9,0.331,2020-21
240,1628988,Aaron Holiday,1610612754,IND,24.0,66,64,1.0,2.58,6.62,0.389,0.466,0.584,1.56,3.86,0.404,0.416,1.02,2.76,0.368,2020-21
241,1626166,Cameron Payne,1610612756,PHX,26.0,60,59,1.0,3.18,6.57,0.485,0.577,0.581,1.97,3.82,0.515,0.419,1.22,2.75,0.442,2020-21
242,201588,George Hill,1610612755,PHI,35.0,30,30,1.0,3.17,6.57,0.482,0.561,0.594,2.13,3.9,0.547,0.406,1.03,2.67,0.388,2020-21
243,1628964,Mo Bamba,1610612753,ORL,23.0,46,43,1.0,3.09,6.54,0.472,0.535,0.608,2.26,3.98,0.568,0.392,0.83,2.57,0.322,2020-21
244,1628971,Bruce Brown,1610612751,BKN,24.0,65,60,1.0,3.62,6.51,0.556,0.576,0.861,3.35,5.6,0.599,0.139,0.26,0.91,0.288,2020-21
245,1630466,Gabriel Deck,1610612760,OKC,26.0,10,10,1.0,3.0,6.5,0.462,0.477,0.769,2.8,5.0,0.56,0.231,0.2,1.5,0.133,2020-21
246,1628382,Justin Jackson,1610612749,MIL,26.0,34,34,1.0,2.62,6.5,0.403,0.484,0.471,1.56,3.06,0.51,0.529,1.06,3.44,0.308,2020-21
247,1630230,Naji Marshall,1610612740,NOP,23.0,32,28,1.0,2.56,6.5,0.394,0.464,0.601,1.66,3.91,0.424,0.399,0.91,2.59,0.349,2020-21
248,1628379,Luke Kennard,1610612746,LAC,24.0,63,61,1.0,3.1,6.46,0.479,0.602,0.462,1.51,2.98,0.505,0.538,1.59,3.48,0.457,2020-21
249,1628425,Sterling Brown,1610612745,HOU,26.0,51,50,1.0,2.9,6.45,0.45,0.585,0.359,1.16,2.31,0.5,0.641,1.75,4.14,0.422,2020-21
250,203210,JaMychal Green,1610612743,DEN,30.0,58,58,1.0,2.98,6.41,0.465,0.571,0.47,1.62,3.02,0.537,0.53,1.36,3.4,0.401,2020-21
251,201949,James Johnson,1610612740,NOP,34.0,51,47,1.0,2.86,6.41,0.446,0.494,0.633,2.25,4.06,0.556,0.367,0.61,2.35,0.258,2020-21
252,1629649,Ignas Brazdeikis,1610612753,ORL,22.0,13,10,1.0,2.69,6.38,0.422,0.488,0.663,1.85,4.23,0.436,0.337,0.85,2.15,0.393,2020-21
253,1630202,Payton Pritchard,1610612738,BOS,23.0,66,65,1.0,2.79,6.33,0.44,0.562,0.407,1.24,2.58,0.482,0.593,1.55,3.76,0.411,2020-21
254,1628422,Damyean Dotson,1610612739,CLE,27.0,46,45,1.0,2.59,6.33,0.409,0.488,0.46,1.59,2.91,0.545,0.54,1.0,3.41,0.293,2020-21
255,202340,Avery Bradley,1610612745,HOU,30.0,27,27,1.0,2.37,6.33,0.374,0.471,0.409,1.15,2.59,0.443,0.591,1.22,3.74,0.327,2020-21
256,1628372,Dennis Smith Jr.,1610612765,DET,23.0,23,23,1.0,2.52,6.3,0.4,0.466,0.593,1.7,3.74,0.453,0.407,0.83,2.57,0.322,2020-21
257,1629014,Anfernee Simons,1610612757,POR,22.0,64,63,1.0,2.63,6.27,0.419,0.569,0.297,0.75,1.86,0.403,0.703,1.88,4.41,0.426,2020-21
258,1627751,Jakob Poeltl,1610612759,SAS,25.0,69,69,1.0,3.84,6.25,0.615,0.615,1.0,3.84,6.25,0.615,0.0,0.0,0.0,,2020-21
259,1630206,Jay Scrubb,1610612746,LAC,20.0,4,4,1.0,2.25,6.25,0.36,0.4,0.76,1.75,4.75,0.368,0.24,0.5,1.5,0.333,2020-21
260,1630184,Kira Lewis Jr.,1610612740,NOP,20.0,54,50,1.0,2.41,6.24,0.386,0.445,0.644,1.67,4.02,0.415,0.356,0.74,2.22,0.333,2020-21
261,1629026,Kenrich Williams,1610612760,OKC,26.0,66,63,1.0,3.32,6.23,0.533,0.596,0.715,2.53,4.45,0.568,0.285,0.79,1.77,0.444,2020-21
262,202355,Hassan Whiteside,1610612758,SAC,31.0,36,34,1.0,3.5,6.22,0.563,0.563,0.996,3.5,6.19,0.565,0.004,0.0,0.03,0.0,2020-21
263,202693,Markieff Morris,1610612747,LAL,31.0,61,57,1.0,2.48,6.16,0.402,0.487,0.447,1.43,2.75,0.518,0.553,1.05,3.41,0.308,2020-21
264,201587,Nicolas Batum,1610612746,LAC,32.0,67,67,1.0,2.85,6.15,0.464,0.597,0.342,1.21,2.1,0.574,0.658,1.64,4.04,0.406,2020-21
265,1630181,R.J. Hampton,1610612753,ORL,20.0,51,46,1.0,2.67,6.14,0.435,0.478,0.722,2.14,4.43,0.482,0.278,0.53,1.71,0.31,2020-21
266,1627789,Timothe Luwawu-Cabarrot,1610612751,BKN,26.0,58,56,1.0,2.24,6.14,0.365,0.471,0.329,0.95,2.02,0.47,0.671,1.29,4.12,0.314,2020-21
267,200755,JJ Redick,1610612742,DAL,36.0,44,44,1.0,2.41,6.07,0.397,0.521,0.333,0.91,2.02,0.449,0.667,1.5,4.05,0.371,2020-21
268,1629650,Moses Brown,1610612760,OKC,21.0,43,42,1.0,3.28,6.05,0.542,0.542,1.0,3.28,6.05,0.542,0.0,0.0,0.0,,2020-21
269,202684,Tristan Thompson,1610612738,BOS,30.0,54,53,1.0,3.13,6.04,0.518,0.518,0.991,3.13,5.98,0.523,0.009,0.0,0.06,0.0,2020-21
270,203110,Draymond Green,1610612744,GSW,31.0,63,62,1.0,2.7,6.03,0.447,0.492,0.668,2.16,4.03,0.535,0.332,0.54,2.0,0.27,2020-21
271,1629667,Jalen McDaniels,1610612766,CHA,23.0,47,46,1.0,2.83,6.02,0.47,0.532,0.629,2.09,3.79,0.551,0.371,0.74,2.23,0.333,2020-21
272,201571,D.J. Augustin,1610612745,HOU,33.0,57,56,1.0,2.37,6.02,0.394,0.515,0.37,0.91,2.23,0.409,0.63,1.46,3.79,0.384,2020-21
273,201580,JaVale McGee,1610612743,DEN,33.0,46,45,1.0,3.07,6.0,0.511,0.52,0.917,2.96,5.5,0.538,0.083,0.11,0.5,0.217,2020-21
274,1629751,Dakota Mathias,1610612755,PHI,25.0,8,8,1.0,2.38,6.0,0.396,0.479,0.458,1.38,2.75,0.5,0.542,1.0,3.25,0.308,2020-21
275,1628412,Frank Mason,1610612753,ORL,27.0,4,3,1.0,2.25,6.0,0.375,0.417,0.792,1.75,4.75,0.368,0.208,0.5,1.25,0.4,2020-21
276,201577,Robin Lopez,1610612764,WAS,33.0,71,67,1.0,3.79,5.97,0.634,0.64,0.958,3.72,5.72,0.65,0.042,0.07,0.25,0.278,2020-21
277,1630191,Isaiah Stewart,1610612765,DET,20.0,68,67,1.0,3.28,5.96,0.551,0.577,0.844,2.97,5.03,0.591,0.156,0.31,0.93,0.333,2020-21
278,203516,James Ennis III,1610612753,ORL,30.0,41,41,1.0,2.8,5.93,0.473,0.566,0.572,1.71,3.39,0.504,0.428,1.1,2.54,0.433,2020-21
279,1626145,Tyus Jones,1610612763,MEM,25.0,70,70,1.0,2.54,5.9,0.431,0.485,0.661,1.9,3.9,0.487,0.339,0.64,2.0,0.321,2020-21
280,201976,Patrick Beverley,1610612746,LAC,32.0,37,37,1.0,2.46,5.84,0.421,0.551,0.356,0.95,2.08,0.455,0.644,1.51,3.76,0.403,2020-21
281,1630183,Jaden McDaniels,1610612750,MIN,20.0,63,63,1.0,2.6,5.83,0.447,0.545,0.46,1.46,2.68,0.544,0.54,1.14,3.14,0.364,2020-21
282,203145,Kent Bazemore,1610612744,GSW,31.0,67,66,1.0,2.61,5.81,0.45,0.546,0.527,1.49,3.06,0.488,0.473,1.12,2.75,0.408,2020-21
283,1630166,Deni Avdija,1610612764,WAS,20.0,54,53,1.0,2.41,5.78,0.417,0.502,0.462,1.43,2.67,0.535,0.538,0.98,3.11,0.315,2020-21
284,1626184,Chasson Randle,1610612753,ORL,28.0,41,39,1.0,2.24,5.78,0.388,0.481,0.451,1.17,2.61,0.449,0.549,1.07,3.17,0.338,2020-21
285,1627823,Juancho Hernangomez,1610612750,MIN,25.0,52,50,1.0,2.5,5.73,0.436,0.529,0.44,1.44,2.52,0.573,0.56,1.06,3.21,0.329,2020-21
286,203382,Aron Baynes,1610612761,TOR,34.0,53,52,1.0,2.53,5.72,0.442,0.487,0.66,2.02,3.77,0.535,0.34,0.51,1.94,0.262,2020-21
287,203504,Trey Burke,1610612742,DAL,28.0,62,60,1.0,2.44,5.69,0.428,0.51,0.535,1.5,3.05,0.492,0.465,0.94,2.65,0.354,2020-21
288,1626195,Willy Hernangomez,1610612740,NOP,27.0,47,43,1.0,3.19,5.68,0.562,0.564,0.963,3.17,5.47,0.58,0.037,0.02,0.21,0.1,2020-21
289,1629663,Louis King,1610612758,SAC,22.0,6,5,1.0,2.83,5.67,0.5,0.559,0.676,2.17,3.83,0.565,0.324,0.67,1.83,0.364,2020-21
290,203920,Khem Birch,1610612761,TOR,28.0,67,66,1.0,2.82,5.67,0.497,0.514,0.863,2.63,4.9,0.537,0.137,0.19,0.78,0.25,2020-21
291,203107,Tomas Satoransky,1610612741,CHI,29.0,58,58,1.0,2.91,5.64,0.517,0.581,0.642,2.19,3.62,0.605,0.358,0.72,2.02,0.359,2020-21
292,1627777,Georges Niang,1610612762,UTA,27.0,72,68,1.0,2.46,5.61,0.438,0.592,0.277,0.74,1.56,0.473,0.723,1.72,4.06,0.425,2020-21
293,1626192,Pat Connaughton,1610612749,MIL,28.0,69,69,1.0,2.43,5.61,0.434,0.565,0.297,0.97,1.67,0.583,0.703,1.46,3.94,0.371,2020-21
294,1629010,Jerome Robinson,1610612764,WAS,24.0,17,14,1.0,1.65,5.59,0.295,0.353,0.558,1.0,3.12,0.321,0.442,0.65,2.47,0.262,2020-21
295,1626220,Royce O'Neale,1610612762,UTA,28.0,71,71,1.0,2.46,5.55,0.444,0.58,0.294,0.96,1.63,0.586,0.706,1.51,3.92,0.385,2020-21
296,1630223,Jalen Harris,1610612761,TOR,22.0,13,11,1.0,2.77,5.54,0.5,0.618,0.5,1.46,2.77,0.528,0.5,1.31,2.77,0.472,2020-21
297,1628467,Maxi Kleber,1610612742,DAL,29.0,50,50,1.0,2.32,5.5,0.422,0.58,0.229,0.58,1.26,0.46,0.771,1.74,4.24,0.41,2020-21
298,1627826,Ivica Zubac,1610612746,LAC,24.0,72,71,1.0,3.57,5.47,0.652,0.654,0.99,3.56,5.42,0.656,0.01,0.01,0.06,0.25,2020-21
299,1626163,Frank Kaminsky,1610612756,PHX,28.0,47,45,1.0,2.53,5.38,0.47,0.528,0.68,1.91,3.66,0.523,0.32,0.62,1.72,0.358,2020-21
300,1628383,Justin Patton,1610612745,HOU,23.0,13,13,1.0,2.23,5.38,0.414,0.479,0.514,1.54,2.77,0.556,0.486,0.69,2.62,0.265,2020-21
301,1629011,Mitchell Robinson,1610612752,NYK,23.0,31,31,1.0,3.45,5.35,0.645,0.645,1.0,3.45,5.35,0.645,0.0,0.0,0.0,,2020-21
302,1628410,Edmond Sumner,1610612754,IND,25.0,53,50,1.0,2.79,5.34,0.523,0.585,0.689,2.13,3.68,0.579,0.311,0.66,1.66,0.398,2020-21
303,203915,Spencer Dinwiddie,1610612751,BKN,28.0,3,3,1.0,2.0,5.33,0.375,0.438,0.563,1.33,3.0,0.444,0.438,0.67,2.33,0.286,2020-21
304,202357,Nemanja Bjelica,1610612748,MIA,33.0,37,33,1.0,2.41,5.3,0.454,0.523,0.566,1.68,3.0,0.559,0.434,0.73,2.3,0.318,2020-21
305,1627812,Yogi Ferrell,1610612746,LAC,28.0,10,9,1.0,1.9,5.3,0.358,0.443,0.509,1.0,2.7,0.37,0.491,0.9,2.6,0.346,2020-21
306,203500,Steven Adams,1610612740,NOP,27.0,58,58,1.0,3.24,5.29,0.612,0.612,0.99,3.24,5.24,0.618,0.01,0.0,0.05,0.0,2020-21
307,1627884,Derrick Jones Jr.,1610612757,POR,24.0,58,56,1.0,2.53,5.24,0.484,0.554,0.553,1.79,2.9,0.619,0.447,0.74,2.34,0.316,2020-21
308,1627936,Alex Caruso,1610612747,LAL,27.0,58,57,1.0,2.28,5.16,0.441,0.532,0.552,1.34,2.84,0.473,0.448,0.93,2.31,0.403,2020-21
309,201952,Jeff Teague,1610612749,MIL,32.0,55,53,1.0,2.24,5.15,0.435,0.498,0.71,1.58,3.65,0.433,0.29,0.65,1.49,0.439,2020-21
310,1629611,Terance Mann,1610612746,LAC,24.0,67,62,1.0,2.57,5.13,0.5,0.554,0.738,2.01,3.79,0.531,0.262,0.55,1.34,0.411,2020-21
311,1629021,Moritz Wagner,1610612753,ORL,24.0,45,38,1.0,2.31,5.09,0.454,0.522,0.603,1.62,3.07,0.529,0.397,0.69,2.02,0.341,2020-21
312,1630214,Xavier Tillman,1610612763,MEM,22.0,59,58,1.0,2.83,5.07,0.559,0.595,0.783,2.46,3.97,0.62,0.217,0.37,1.1,0.338,2020-21
313,1629635,Sekou Doumbouya,1610612765,DET,20.0,56,52,1.0,1.91,5.0,0.382,0.429,0.593,1.45,2.96,0.488,0.407,0.46,2.04,0.228,2020-21
314,1629002,Chimezie Metu,1610612758,SAC,24.0,36,33,1.0,2.53,4.97,0.508,0.545,0.793,2.17,3.94,0.549,0.207,0.36,1.03,0.351,2020-21
315,1629057,Robert Williams III,1610612738,BOS,23.0,52,52,1.0,3.58,4.96,0.721,0.721,0.992,3.58,4.92,0.727,0.008,0.0,0.04,0.0,2020-21
316,1629731,Dean Wade,1610612739,CLE,24.0,63,57,1.0,2.13,4.94,0.431,0.556,0.315,0.89,1.56,0.571,0.685,1.24,3.38,0.366,2020-21
317,1629633,Jarrett Culver,1610612750,MIN,22.0,34,33,1.0,2.03,4.94,0.411,0.449,0.685,1.65,3.38,0.487,0.315,0.38,1.56,0.245,2020-21
318,1630237,Anthony Lamb,1610612745,HOU,23.0,24,23,1.0,1.92,4.92,0.39,0.487,0.398,0.96,1.96,0.489,0.602,0.96,2.96,0.324,2020-21
319,1630170,Devin Vassell,1610612759,SAS,20.0,62,61,1.0,1.98,4.89,0.406,0.492,0.505,1.15,2.47,0.464,0.495,0.84,2.42,0.347,2020-21
320,1630267,Facundo Campazzo,1610612743,DEN,30.0,65,61,1.0,1.85,4.85,0.381,0.502,0.314,0.68,1.52,0.444,0.686,1.17,3.32,0.352,2020-21
321,202954,Brad Wanamaker,1610612766,CHA,31.0,61,60,1.0,1.87,4.84,0.386,0.414,0.715,1.61,3.46,0.464,0.285,0.26,1.38,0.19,2020-21
322,1628997,Caleb Martin,1610612766,CHA,25.0,53,49,1.0,1.81,4.83,0.375,0.436,0.512,1.23,2.47,0.496,0.488,0.58,2.36,0.248,2020-21
323,1628391,D.J. Wilson,1610612745,HOU,25.0,35,34,1.0,1.94,4.8,0.405,0.494,0.482,1.09,2.31,0.469,0.518,0.86,2.49,0.345,2020-21
324,1627814,Damion Lee,1610612744,GSW,28.0,57,57,1.0,2.25,4.79,0.469,0.61,0.293,0.89,1.4,0.638,0.707,1.35,3.39,0.399,2020-21
325,200765,Rajon Rondo,1610612746,LAC,35.0,45,45,1.0,2.11,4.78,0.442,0.526,0.586,1.31,2.8,0.468,0.414,0.8,1.98,0.404,2020-21
326,1629622,Max Strus,1610612748,MIA,25.0,39,34,1.0,2.18,4.77,0.457,0.591,0.21,0.9,1.0,0.897,0.79,1.28,3.77,0.34,2020-21
327,1629162,Jordan McLaughlin,1610612750,MIN,25.0,51,49,1.0,1.96,4.75,0.413,0.481,0.62,1.31,2.94,0.447,0.38,0.65,1.8,0.359,2020-21
328,203918,Rodney Hood,1610612761,TOR,28.0,55,53,1.0,1.71,4.73,0.362,0.427,0.565,1.09,2.67,0.408,0.435,0.62,2.05,0.301,2020-21
329,1629164,Brandon Goodwin,1610612737,ATL,25.0,47,43,1.0,1.79,4.72,0.378,0.45,0.536,1.11,2.53,0.437,0.464,0.68,2.19,0.311,2020-21
330,1627846,Abdel Nader,1610612756,PHX,27.0,24,22,1.0,2.29,4.71,0.487,0.566,0.619,1.54,2.92,0.529,0.381,0.75,1.79,0.419,2020-21
331,204020,Tyler Johnson,1610612751,BKN,29.0,39,37,1.0,1.85,4.69,0.393,0.525,0.279,0.62,1.31,0.471,0.721,1.23,3.38,0.364,2020-21
332,1629637,Jaxson Hayes,1610612740,NOP,21.0,60,56,1.0,2.92,4.67,0.625,0.636,0.95,2.82,4.43,0.635,0.05,0.1,0.23,0.429,2020-21
333,1629216,Gabe Vincent,1610612748,MIA,24.0,50,44,1.0,1.76,4.66,0.378,0.476,0.361,0.84,1.68,0.5,0.639,0.92,2.98,0.309,2020-21
334,1628396,Tony Bradley,1610612760,OKC,23.0,42,41,1.0,3.07,4.62,0.665,0.665,0.985,3.07,4.55,0.675,0.015,0.0,0.07,0.0,2020-21
335,1628470,Torrey Craig,1610612756,PHX,30.0,50,49,1.0,2.18,4.54,0.48,0.566,0.533,1.4,2.42,0.579,0.467,0.78,2.12,0.368,2020-21
336,1629651,Nicolas Claxton,1610612751,BKN,22.0,32,31,1.0,2.81,4.53,0.621,0.624,0.966,2.78,4.38,0.636,0.034,0.03,0.16,0.2,2020-21
337,1629658,Jaylen Hoard,1610612760,OKC,22.0,19,17,1.0,2.26,4.53,0.5,0.5,0.872,2.26,3.95,0.573,0.128,0.0,0.58,0.0,2020-21
338,1629670,Jordan Nwora,1610612749,MIL,22.0,30,23,1.0,2.07,4.5,0.459,0.563,0.541,1.13,2.43,0.466,0.459,0.93,2.07,0.452,2020-21
339,202734,E'Twaun Moore,1610612756,PHX,32.0,27,26,1.0,2.04,4.48,0.455,0.5,0.711,1.63,3.19,0.512,0.289,0.41,1.3,0.314,2020-21
340,1627761,DeAndre' Bembry,1610612761,TOR,26.0,51,44,1.0,2.29,4.47,0.513,0.544,0.768,2.02,3.43,0.589,0.232,0.27,1.04,0.264,2020-21
341,203090,Maurice Harkless,1610612758,SAC,28.0,37,32,1.0,1.86,4.46,0.418,0.488,0.491,1.24,2.19,0.568,0.509,0.62,2.27,0.274,2020-21
342,1630221,Josh Hall,1610612760,OKC,20.0,21,19,1.0,1.33,4.43,0.301,0.323,0.624,1.14,2.76,0.414,0.376,0.19,1.67,0.114,2020-21
343,1628539,Mychal Mulder,1610612744,GSW,26.0,60,52,1.0,1.97,4.4,0.447,0.606,0.193,0.57,0.85,0.667,0.807,1.4,3.55,0.394,2020-21
344,2730,Dwight Howard,1610612755,PHI,35.0,69,66,1.0,2.58,4.39,0.587,0.596,0.934,2.51,4.1,0.611,0.066,0.07,0.29,0.25,2020-21
345,203585,Rodney McGruder,1610612765,DET,29.0,16,13,1.0,2.31,4.38,0.529,0.607,0.657,1.63,2.88,0.565,0.343,0.69,1.5,0.458,2020-21
346,1630240,Saben Lee,1610612765,DET,21.0,48,43,1.0,2.06,4.38,0.471,0.49,0.89,1.9,3.9,0.487,0.11,0.17,0.48,0.348,2020-21
347,201599,DeAndre Jordan,1610612751,BKN,32.0,57,56,1.0,3.32,4.37,0.759,0.759,0.996,3.32,4.35,0.762,0.004,0.0,0.02,0.0,2020-21
348,203458,Alex Len,1610612764,WAS,27.0,64,59,1.0,2.67,4.34,0.615,0.629,0.91,2.55,3.95,0.644,0.09,0.13,0.39,0.32,2020-21
349,203957,Dante Exum,1610612745,HOU,25.0,6,5,1.0,1.67,4.33,0.385,0.423,0.577,1.33,2.5,0.533,0.423,0.33,1.83,0.182,2020-21
350,1629718,Charlie Brown Jr.,1610612760,OKC,24.0,9,9,1.0,1.33,4.33,0.308,0.372,0.462,0.78,2.0,0.389,0.538,0.56,2.33,0.238,2020-21
351,1629712,Didi Louzada,1610612740,NOP,21.0,3,3,1.0,1.0,4.33,0.231,0.308,0.385,0.33,1.67,0.2,0.615,0.67,2.67,0.25,2020-21
352,1629048,Goga Bitadze,1610612754,IND,21.0,45,40,1.0,1.84,4.31,0.428,0.479,0.593,1.4,2.56,0.548,0.407,0.44,1.76,0.253,2020-21
353,1629006,Josh Okogie,1610612750,MIN,22.0,59,56,1.0,1.73,4.31,0.402,0.459,0.575,1.24,2.47,0.5,0.425,0.49,1.83,0.269,2020-21
354,203521,Matthew Dellavedova,1610612739,CLE,30.0,13,13,1.0,1.08,4.31,0.25,0.286,0.554,0.77,2.38,0.323,0.446,0.31,1.92,0.16,2020-21
355,203922,Glenn Robinson III,1610612758,SAC,27.0,23,23,1.0,1.83,4.3,0.424,0.505,0.556,1.13,2.39,0.473,0.444,0.7,1.91,0.364,2020-21
356,202329,Al-Farouq Aminu,1610612741,CHI,30.0,23,22,1.0,1.65,4.3,0.384,0.424,0.626,1.3,2.7,0.484,0.374,0.35,1.61,0.216,2020-21
357,202083,Wesley Matthews,1610612747,LAL,34.0,58,57,1.0,1.53,4.29,0.357,0.49,0.221,0.4,0.95,0.418,0.779,1.14,3.34,0.34,2020-21
358,203476,Gorgui Dieng,1610612759,SAS,31.0,38,32,1.0,2.24,4.26,0.525,0.617,0.568,1.45,2.42,0.598,0.432,0.79,1.84,0.429,2020-21
359,1628972,Troy Brown Jr.,1610612741,CHI,21.0,34,32,1.0,1.82,4.24,0.431,0.507,0.514,1.18,2.18,0.541,0.486,0.65,2.06,0.314,2020-21
360,203953,Jabari Parker,1610612738,BOS,26.0,13,11,1.0,2.31,4.23,0.545,0.564,0.8,2.15,3.38,0.636,0.2,0.15,0.85,0.182,2020-21
361,1630273,Freddie Gillespie,1610612761,TOR,23.0,20,20,1.0,2.2,4.2,0.524,0.524,1.0,2.2,4.2,0.524,0.0,0.0,0.0,,2020-21
362,202335,Patrick Patterson,1610612746,LAC,32.0,38,37,1.0,1.87,4.18,0.447,0.569,0.333,0.84,1.39,0.604,0.667,1.03,2.79,0.368,2020-21
363,203524,Solomon Hill,1610612737,ATL,30.0,71,69,1.0,1.49,4.18,0.357,0.471,0.286,0.54,1.2,0.447,0.714,0.96,2.99,0.321,2020-21
364,1629685,Dylan Windler,1610612739,CLE,24.0,31,29,1.0,1.77,4.16,0.426,0.527,0.395,0.94,1.65,0.569,0.605,0.84,2.52,0.333,2020-21
365,1629655,Daniel Gafford,1610612764,WAS,22.0,54,52,1.0,2.85,4.15,0.688,0.688,1.0,2.85,4.15,0.688,0.0,0.0,0.0,,2020-21
366,203118,Mike Scott,1610612755,PHI,32.0,51,47,1.0,1.49,4.14,0.36,0.486,0.265,0.45,1.1,0.411,0.735,1.04,3.04,0.342,2020-21
367,1628990,Chandler Hutchison,1610612764,WAS,25.0,25,23,1.0,1.56,4.12,0.379,0.417,0.786,1.24,3.24,0.383,0.214,0.32,0.88,0.364,2020-21
368,1627774,Jake Layman,1610612750,MIN,27.0,45,38,1.0,2.02,4.09,0.495,0.557,0.576,1.51,2.36,0.642,0.424,0.51,1.73,0.295,2020-21
369,203473,Dewayne Dedmon,1610612748,MIA,31.0,16,16,1.0,2.88,4.06,0.708,0.715,0.923,2.81,3.75,0.75,0.077,0.06,0.31,0.2,2020-21
370,1629185,Chris Chiozza,1610612751,BKN,25.0,22,19,1.0,1.41,4.05,0.348,0.421,0.528,0.82,2.14,0.383,0.472,0.59,1.91,0.31,2020-21
371,1629606,Robert Franks,1610612753,ORL,24.0,7,7,1.0,1.86,4.0,0.464,0.554,0.464,1.14,1.86,0.615,0.536,0.71,2.14,0.333,2020-21
372,204025,Tim Frazier,1610612763,MEM,30.0,5,5,1.0,0.6,4.0,0.15,0.15,0.6,0.6,2.4,0.25,0.4,0.0,1.6,0.0,2020-21
373,1628400,Semi Ojeleye,1610612738,BOS,26.0,56,50,1.0,1.59,3.95,0.403,0.534,0.285,0.55,1.13,0.492,0.715,1.04,2.82,0.367,2020-21
374,2738,Andre Iguodala,1610612748,MIA,37.0,63,62,1.0,1.51,3.95,0.382,0.502,0.265,0.56,1.05,0.53,0.735,0.95,2.9,0.328,2020-21
375,1629308,Juan Toscano-Anderson,1610612744,GSW,28.0,53,44,1.0,2.28,3.94,0.579,0.667,0.56,1.58,2.21,0.718,0.44,0.7,1.74,0.402,2020-21
376,1629103,Kelan Martin,1610612754,IND,25.0,35,29,1.0,1.77,3.94,0.449,0.536,0.565,1.09,2.23,0.487,0.435,0.69,1.71,0.4,2020-21
377,1629684,Grant Williams,1610612738,BOS,22.0,63,59,1.0,1.71,3.94,0.435,0.532,0.48,0.95,1.89,0.504,0.52,0.76,2.05,0.372,2020-21
378,1626168,Trey Lyles,1610612759,SAS,25.0,23,18,1.0,1.87,3.91,0.478,0.556,0.556,1.26,2.17,0.58,0.444,0.61,1.74,0.35,2020-21
379,203960,JaKarr Sampson,1610612754,IND,28.0,29,26,1.0,1.93,3.9,0.496,0.509,0.867,1.83,3.38,0.541,0.133,0.1,0.52,0.2,2020-21
380,1630174,Aaron Nesmith,1610612738,BOS,21.0,46,44,1.0,1.7,3.87,0.438,0.551,0.393,0.83,1.52,0.543,0.607,0.87,2.35,0.37,2020-21
381,1629610,DaQuan Jeffries,1610612759,SAS,23.0,31,26,1.0,1.61,3.87,0.417,0.5,0.442,0.97,1.71,0.566,0.558,0.65,2.16,0.299,2020-21
382,1629648,Jordan Bone,1610612753,ORL,23.0,14,14,1.0,1.64,3.86,0.426,0.519,0.407,0.93,1.57,0.591,0.593,0.71,2.29,0.313,2020-21
383,1630222,Mason Jones,1610612755,PHI,22.0,32,29,1.0,1.63,3.81,0.426,0.525,0.459,0.88,1.75,0.5,0.541,0.75,2.06,0.364,2020-21
384,1629234,Drew Eubanks,1610612759,SAS,24.0,54,51,1.0,2.15,3.8,0.566,0.571,0.99,2.11,3.76,0.562,0.01,0.04,0.04,1.0,2020-21
385,1626169,Stanley Johnson,1610612761,TOR,25.0,61,57,1.0,1.46,3.8,0.384,0.481,0.409,0.72,1.56,0.463,0.591,0.74,2.25,0.328,2020-21
386,1628993,Alize Johnson,1610612751,BKN,25.0,18,15,1.0,2.22,3.78,0.588,0.596,0.912,2.17,3.44,0.629,0.088,0.06,0.33,0.167,2020-21
387,1626143,Jahlil Okafor,1610612765,DET,25.0,27,26,1.0,2.33,3.74,0.624,0.634,0.911,2.26,3.41,0.663,0.089,0.07,0.33,0.222,2020-21
388,1630173,Precious Achiuwa,1610612748,MIA,21.0,61,56,1.0,2.03,3.74,0.544,0.544,0.996,2.03,3.72,0.546,0.004,0.0,0.02,0.0,2020-21
389,1629680,Matisse Thybulle,1610612755,PHI,24.0,65,62,1.0,1.57,3.74,0.42,0.508,0.412,0.91,1.54,0.59,0.588,0.66,2.2,0.301,2020-21
390,1628392,Isaiah Hartenstein,1610612739,CLE,23.0,46,40,1.0,2.04,3.72,0.55,0.556,0.965,2.0,3.59,0.558,0.035,0.04,0.13,0.333,2020-21
391,201188,Marc Gasol,1610612747,LAL,36.0,52,46,1.0,1.69,3.71,0.456,0.585,0.373,0.73,1.38,0.528,0.627,0.96,2.33,0.413,2020-21
392,1626246,Boban Marjanovic,1610612742,DAL,32.0,33,30,1.0,1.88,3.7,0.508,0.512,0.934,1.85,3.45,0.535,0.066,0.03,0.24,0.125,2020-21
393,1629726,Garrison Mathews,1610612764,WAS,24.0,64,58,1.0,1.52,3.7,0.409,0.57,0.165,0.33,0.61,0.538,0.835,1.19,3.09,0.384,2020-21
394,1630185,Nico Mannion,1610612744,GSW,20.0,30,20,1.0,1.3,3.7,0.351,0.45,0.477,0.57,1.77,0.321,0.523,0.73,1.93,0.379,2020-21
395,1629020,Jarred Vanderbilt,1610612750,MIN,22.0,64,59,1.0,2.23,3.69,0.606,0.608,0.979,2.22,3.61,0.615,0.021,0.02,0.08,0.2,2020-21
396,204038,Langston Galloway,1610612756,PHX,29.0,40,38,1.0,1.65,3.68,0.449,0.571,0.422,0.75,1.55,0.484,0.578,0.9,2.13,0.424,2020-21
397,1628975,Jevon Carter,1610612756,PHX,25.0,60,52,1.0,1.55,3.68,0.421,0.545,0.326,0.63,1.2,0.528,0.674,0.92,2.48,0.369,2020-21
398,202687,Bismack Biyombo,1610612766,CHA,28.0,66,62,1.0,2.15,3.67,0.587,0.587,0.996,2.15,3.65,0.589,0.004,0.0,0.02,0.0,2020-21
399,1628395,Jordan Bell,1610612744,GSW,26.0,6,6,1.0,1.17,3.67,0.318,0.318,0.909,1.17,3.33,0.35,0.091,0.0,0.33,0.0,2020-21
400,1629725,Jeremiah Martin,1610612739,CLE,24.0,9,9,1.0,1.0,3.67,0.273,0.318,0.636,0.67,2.33,0.286,0.364,0.33,1.33,0.25,2020-21
401,203503,Tony Snell,1610612737,ATL,29.0,47,46,1.0,1.87,3.62,0.518,0.7,0.365,0.55,1.32,0.419,0.635,1.32,2.3,0.574,2020-21
402,1628998,Cody Martin,1610612766,CHA,25.0,52,44,1.0,1.6,3.62,0.441,0.484,0.691,1.29,2.5,0.515,0.309,0.31,1.12,0.276,2020-21
403,1629139,Yuta Watanabe,1610612761,TOR,26.0,50,44,1.0,1.58,3.6,0.439,0.539,0.5,0.86,1.8,0.478,0.5,0.72,1.8,0.4,2020-21
404,1629244,Cameron Reynolds,1610612745,HOU,26.0,5,4,1.0,1.2,3.6,0.333,0.417,0.333,0.6,1.2,0.5,0.667,0.6,2.4,0.25,2020-21
405,1629035,Carsen Edwards,1610612738,BOS,23.0,31,26,1.0,1.52,3.58,0.423,0.505,0.432,0.94,1.55,0.604,0.568,0.58,2.03,0.286,2020-21
406,202324,Derrick Favors,1610612762,UTA,29.0,68,67,1.0,2.28,3.57,0.638,0.638,0.992,2.28,3.54,0.643,0.008,0.0,0.03,0.0,2020-21
407,201959,Taj Gibson,1610612752,NYK,35.0,45,42,1.0,2.2,3.51,0.627,0.636,0.905,2.13,3.18,0.671,0.095,0.07,0.33,0.2,2020-21
408,203457,Nerlens Noel,1610612752,NYK,27.0,64,62,1.0,2.14,3.5,0.612,0.612,0.987,2.14,3.45,0.62,0.013,0.0,0.05,0.0,2020-21
409,1629962,Devin Cannady,1610612753,ORL,25.0,8,6,1.0,1.38,3.5,0.393,0.5,0.429,0.63,1.5,0.417,0.571,0.75,2.0,0.375,2020-21
410,1629642,Nassir Little,1610612757,POR,21.0,48,43,1.0,1.63,3.48,0.467,0.551,0.521,1.04,1.81,0.575,0.479,0.58,1.67,0.35,2020-21
411,1626161,Willie Cauley-Stein,1610612742,DAL,27.0,53,50,1.0,2.17,3.43,0.632,0.635,0.94,2.15,3.23,0.667,0.06,0.02,0.21,0.091,2020-21
412,1630205,Lamar Stevens,1610612739,CLE,23.0,40,33,1.0,1.55,3.4,0.456,0.471,0.816,1.45,2.78,0.523,0.184,0.1,0.63,0.16,2020-21
413,1628995,Kevin Knox II,1610612752,NYK,21.0,42,34,1.0,1.33,3.38,0.394,0.518,0.373,0.5,1.26,0.396,0.627,0.83,2.12,0.393,2020-21
414,1630271,Brodric Thomas,1610612739,CLE,24.0,32,28,1.0,1.22,3.38,0.361,0.435,0.454,0.72,1.53,0.469,0.546,0.5,1.84,0.271,2020-21
415,1629109,Gary Clark,1610612755,PHI,26.0,39,32,1.0,1.03,3.38,0.303,0.42,0.182,0.23,0.62,0.375,0.818,0.79,2.77,0.287,2020-21
416,1630167,Obi Toppin,1610612752,NYK,23.0,62,57,1.0,1.65,3.34,0.493,0.556,0.589,1.23,1.97,0.623,0.411,0.42,1.37,0.306,2020-21
417,203939,Dwight Powell,1610612742,DAL,29.0,58,53,1.0,2.07,3.33,0.622,0.635,0.891,1.98,2.97,0.669,0.109,0.09,0.36,0.238,2020-21
418,200782,P.J. Tucker,1610612749,MIL,36.0,52,48,1.0,1.21,3.33,0.364,0.471,0.335,0.5,1.12,0.448,0.665,0.71,2.21,0.322,2020-21
419,1629641,Romeo Langford,1610612738,BOS,21.0,18,17,1.0,1.17,3.28,0.356,0.398,0.695,0.89,2.28,0.39,0.305,0.28,1.0,0.278,2020-21
420,1628436,Luke Kornet,1610612738,BOS,25.0,31,26,1.0,1.42,3.26,0.436,0.51,0.416,0.94,1.35,0.69,0.584,0.48,1.9,0.254,2020-21
421,1630198,Isaiah Joe,1610612755,PHI,21.0,41,35,1.0,1.17,3.24,0.361,0.508,0.203,0.22,0.66,0.333,0.797,0.95,2.59,0.368,2020-21
422,1629682,Tremont Waters,1610612738,BOS,23.0,26,20,1.0,1.31,3.23,0.405,0.494,0.548,0.73,1.77,0.413,0.452,0.58,1.46,0.395,2020-21
423,1626172,Kevon Looney,1610612744,GSW,25.0,61,59,1.0,1.75,3.21,0.546,0.556,0.913,1.69,2.93,0.575,0.087,0.07,0.28,0.235,2020-21
424,1629723,John Konchar,1610612763,MEM,25.0,43,39,1.0,1.6,3.21,0.5,0.576,0.594,1.12,1.91,0.585,0.406,0.49,1.3,0.375,2020-21
425,2760,Anderson Varejao,1610612739,CLE,38.0,5,5,1.0,0.8,3.2,0.25,0.25,0.938,0.8,3.0,0.267,0.063,0.0,0.2,0.0,2020-21
426,1629677,Luka Samanic,1610612759,SAS,21.0,33,24,1.0,1.42,3.18,0.448,0.505,0.59,1.06,1.88,0.565,0.41,0.36,1.3,0.279,2020-21
427,101141,Ersan Ilyasova,1610612762,UTA,34.0,17,16,1.0,1.24,3.18,0.389,0.556,0.241,0.18,0.76,0.231,0.759,1.06,2.41,0.439,2020-21
428,1629681,Killian Tillie,1610612763,MEM,23.0,18,15,1.0,1.06,3.17,0.333,0.421,0.421,0.5,1.33,0.375,0.579,0.56,1.83,0.303,2020-21
429,1629740,Nicolo Melli,1610612742,DAL,30.0,45,38,1.0,1.02,3.13,0.326,0.408,0.397,0.51,1.24,0.411,0.603,0.51,1.89,0.271,2020-21
430,1629713,Justin James,1610612758,SAC,24.0,36,26,1.0,1.44,3.08,0.468,0.532,0.658,1.06,2.03,0.521,0.342,0.39,1.06,0.368,2020-21
431,1629076,Tyler Cook,1610612765,DET,23.0,32,22,1.0,2.09,3.06,0.684,0.689,0.98,2.06,3.0,0.688,0.02,0.03,0.06,0.5,2020-21
432,1628778,Paul Watson,1610612761,TOR,26.0,27,23,1.0,1.41,3.04,0.463,0.646,0.22,0.3,0.67,0.444,0.78,1.11,2.37,0.469,2020-21
433,1630194,Paul Reed,1610612755,PHI,21.0,26,22,1.0,1.62,3.0,0.538,0.538,0.923,1.62,2.77,0.583,0.077,0.0,0.23,0.0,2020-21
434,1630233,Nathan Knight,1610612737,ATL,23.0,33,29,1.0,1.12,3.0,0.374,0.404,0.667,0.94,2.0,0.47,0.333,0.18,1.0,0.182,2020-21
435,1627739,Kris Dunn,1610612737,ATL,27.0,4,3,1.0,0.25,3.0,0.083,0.083,0.833,0.25,2.5,0.1,0.167,0.0,0.5,0.0,2020-21
436,1630168,Onyeka Okongwu,1610612737,ATL,20.0,50,44,1.0,1.92,2.98,0.644,0.644,0.973,1.92,2.9,0.662,0.027,0.0,0.08,0.0,2020-21
437,1630219,Skylar Mays,1610612737,ATL,23.0,33,28,1.0,1.33,2.97,0.449,0.52,0.592,0.91,1.76,0.517,0.408,0.42,1.21,0.35,2020-21
438,1626188,Quinn Cook,1610612739,CLE,28.0,23,19,1.0,1.26,2.96,0.426,0.507,0.618,0.78,1.83,0.429,0.382,0.48,1.13,0.423,2020-21
439,1629617,Reggie Perry,1610612751,BKN,21.0,26,22,1.0,1.23,2.96,0.416,0.442,0.727,1.08,2.15,0.5,0.273,0.15,0.81,0.19,2020-21
440,1630186,Jahmi'us Ramsey,1610612758,SAC,19.0,13,11,1.0,1.15,2.92,0.395,0.461,0.5,0.77,1.46,0.526,0.5,0.38,1.46,0.263,2020-21
441,1629117,Wenyen Gabriel,1610612740,NOP,24.0,21,15,1.0,1.14,2.86,0.4,0.508,0.467,0.52,1.33,0.393,0.533,0.62,1.52,0.406,2020-21
442,1629603,Mamadi Diakite,1610612749,MIL,24.0,14,11,1.0,1.14,2.86,0.4,0.413,0.8,1.07,2.29,0.469,0.2,0.07,0.57,0.125,2020-21
443,1630210,Markus Howard,1610612743,DEN,22.0,37,27,1.0,1.08,2.86,0.377,0.462,0.387,0.59,1.11,0.537,0.613,0.49,1.76,0.277,2020-21
444,1629657,Kyle Guy,1610612758,SAC,23.0,31,26,1.0,0.94,2.84,0.33,0.403,0.477,0.52,1.35,0.381,0.523,0.42,1.48,0.283,2020-21
445,203998,Bruno Caboclo,1610612745,HOU,25.0,6,5,1.0,1.33,2.83,0.471,0.471,0.706,1.33,2.0,0.667,0.294,0.0,0.83,0.0,2020-21
446,1629744,Matt Thomas,1610612762,UTA,26.0,45,38,1.0,1.11,2.82,0.394,0.5,0.37,0.51,1.04,0.489,0.63,0.6,1.78,0.338,2020-21
447,203460,Andre Roberson,1610612751,BKN,29.0,5,4,1.0,0.4,2.8,0.143,0.179,0.429,0.2,1.2,0.167,0.571,0.2,1.6,0.125,2020-21
448,1629743,Donta Hall,1610612753,ORL,23.0,13,11,1.0,1.92,2.69,0.714,0.714,1.0,1.92,2.69,0.714,0.0,0.0,0.0,,2020-21
449,203121,Darius Miller,1610612760,OKC,31.0,18,15,1.0,1.22,2.67,0.458,0.635,0.125,0.28,0.33,0.833,0.875,0.94,2.33,0.405,2020-21
450,1627853,Ryan Arcidiacono,1610612741,CHI,27.0,44,34,1.0,1.11,2.66,0.419,0.526,0.427,0.55,1.14,0.48,0.573,0.57,1.52,0.373,2020-21
451,1627745,Damian Jones,1610612758,SAC,25.0,39,31,1.0,1.79,2.64,0.68,0.684,0.951,1.77,2.51,0.704,0.049,0.03,0.13,0.2,2020-21
452,1629644,KZ Okpala,1610612748,MIA,22.0,37,23,1.0,0.97,2.59,0.375,0.438,0.479,0.65,1.24,0.522,0.521,0.32,1.35,0.24,2020-21
453,1628385,Harry Giles III,1610612757,POR,23.0,38,32,1.0,1.11,2.55,0.433,0.474,0.763,0.89,1.95,0.459,0.237,0.21,0.61,0.348,2020-21
454,1629750,Javonte Green,1610612741,CHI,27.0,41,32,1.0,1.29,2.49,0.52,0.569,0.706,1.05,1.76,0.597,0.294,0.24,0.73,0.333,2020-21
455,1628411,Wes Iwundu,1610612740,NOP,26.0,41,33,1.0,0.83,2.49,0.333,0.358,0.598,0.71,1.49,0.475,0.402,0.12,1.0,0.122,2020-21
456,1630192,Zeke Nnaji,1610612743,DEN,20.0,42,34,1.0,1.19,2.48,0.481,0.596,0.433,0.62,1.07,0.578,0.567,0.57,1.4,0.407,2020-21
457,203648,Thanasis Antetokounmpo,1610612749,MIL,28.0,57,38,1.0,1.18,2.4,0.489,0.515,0.788,1.05,1.89,0.556,0.212,0.12,0.51,0.241,2020-21
458,1630241,Sam Merrill,1610612749,MIL,25.0,30,21,1.0,1.07,2.4,0.444,0.59,0.347,0.37,0.83,0.44,0.653,0.7,1.57,0.447,2020-21
459,1628373,Frank Ntilikina,1610612752,NYK,22.0,33,22,1.0,0.88,2.39,0.367,0.513,0.392,0.18,0.94,0.194,0.608,0.7,1.45,0.479,2020-21
460,1628035,Alfonzo McKinnie,1610612747,LAL,28.0,39,30,1.0,1.23,2.38,0.516,0.602,0.581,0.82,1.38,0.593,0.419,0.41,1.0,0.41,2020-21
461,1630182,Josh Green,1610612742,DAL,20.0,39,31,1.0,1.08,2.38,0.452,0.473,0.731,0.97,1.74,0.559,0.269,0.1,0.64,0.16,2020-21
462,1630235,Trent Forrest,1610612762,UTA,22.0,30,23,1.0,1.07,2.37,0.451,0.486,0.634,0.9,1.5,0.6,0.366,0.17,0.87,0.192,2020-21
463,1629599,Amir Coffey,1610612746,LAC,23.0,44,28,1.0,1.02,2.34,0.437,0.549,0.456,0.5,1.07,0.468,0.544,0.52,1.27,0.411,2020-21
464,203086,Meyers Leonard,1610612748,MIA,29.0,3,3,1.0,1.0,2.33,0.429,0.643,0.0,0.0,0.0,,1.0,1.0,2.33,0.429,2020-21
465,1629620,Justin Robinson,1610612760,OKC,23.0,9,7,1.0,0.78,2.33,0.333,0.429,0.333,0.33,0.78,0.429,0.667,0.44,1.56,0.286,2020-21
466,1630264,Anthony Gill,1610612764,WAS,28.0,26,17,1.0,1.15,2.31,0.5,0.558,0.6,0.88,1.38,0.639,0.4,0.27,0.92,0.292,2020-21
467,1629662,Mfiondu Kabengele,1610612739,CLE,23.0,39,30,1.0,0.85,2.28,0.371,0.444,0.438,0.51,1.0,0.513,0.562,0.33,1.28,0.26,2020-21
468,1627748,Thon Maker,1610612739,CLE,24.0,8,6,1.0,1.25,2.25,0.556,0.556,0.889,1.25,2.0,0.625,0.111,0.0,0.25,0.0,2020-21
469,1629665,Jalen Lecque,1610612754,IND,20.0,4,4,1.0,0.25,2.25,0.111,0.111,0.889,0.25,2.0,0.125,0.111,0.0,0.25,0.0,2020-21
470,1627885,Shaquille Harrison,1610612743,DEN,27.0,34,25,1.0,0.76,2.21,0.347,0.367,0.787,0.68,1.74,0.39,0.213,0.09,0.47,0.188,2020-21
471,1628966,Keita Bates-Diop,1610612759,SAS,25.0,30,20,1.0,1.0,2.2,0.455,0.492,0.742,0.83,1.63,0.51,0.258,0.17,0.57,0.294,2020-21
472,1629604,CJ Elleby,1610612757,POR,20.0,30,24,1.0,0.83,2.2,0.379,0.432,0.485,0.6,1.07,0.563,0.515,0.23,1.13,0.206,2020-21
473,1628414,Sindarius Thornwell,1610612753,ORL,26.0,21,17,1.0,0.67,2.14,0.311,0.378,0.511,0.38,1.1,0.348,0.489,0.29,1.05,0.273,2020-21
474,1630200,Tre Jones,1610612759,SAS,21.0,37,28,1.0,1.0,2.11,0.474,0.494,0.936,0.92,1.97,0.466,0.064,0.08,0.14,0.6,2020-21
475,1629067,Isaac Bonga,1610612764,WAS,21.0,40,30,1.0,0.75,2.03,0.37,0.451,0.42,0.43,0.85,0.5,0.58,0.33,1.18,0.277,2020-21
476,2617,Udonis Haslem,1610612748,MIA,40.0,1,1,1.0,2.0,2.0,1.0,1.0,1.0,2.0,2.0,1.0,0.0,0.0,0.0,,2020-21
477,1629034,Ray Spalding,1610612745,HOU,24.0,2,2,1.0,1.0,2.0,0.5,0.5,0.75,1.0,1.5,0.667,0.25,0.0,0.5,0.0,2020-21
478,1630207,Nate Hinton,1610612742,DAL,22.0,21,14,1.0,0.71,2.0,0.357,0.405,0.548,0.52,1.1,0.478,0.452,0.19,0.9,0.211,2020-21
479,1629686,Deividas Sirvydis,1610612765,DET,20.0,20,15,1.0,0.7,2.0,0.35,0.475,0.3,0.2,0.6,0.333,0.7,0.5,1.4,0.357,2020-21
480,202697,Iman Shumpert,1610612751,BKN,30.0,2,2,1.0,0.5,2.0,0.25,0.25,0.25,0.5,0.5,1.0,0.75,0.0,1.5,0.0,2020-21
481,1629653,Devon Dotson,1610612741,CHI,21.0,11,7,1.0,1.0,1.91,0.524,0.548,0.667,0.91,1.27,0.714,0.333,0.09,0.64,0.143,2020-21
482,202334,Ed Davis,1610612750,MIN,32.0,23,17,1.0,0.83,1.91,0.432,0.432,1.0,0.83,1.91,0.432,0.0,0.0,0.0,,2020-21
483,1630176,Vernon Carey Jr.,1610612766,CHA,20.0,19,12,1.0,0.95,1.89,0.5,0.514,0.806,0.89,1.53,0.586,0.194,0.05,0.37,0.143,2020-21
484,1629714,Jarrell Brantley,1610612762,UTA,25.0,28,20,1.0,0.89,1.86,0.481,0.596,0.462,0.46,0.86,0.542,0.538,0.43,1.0,0.429,2020-21
485,1630188,Jalen Smith,1610612756,PHX,21.0,27,20,1.0,0.81,1.85,0.44,0.48,0.66,0.67,1.22,0.545,0.34,0.15,0.63,0.235,2020-21
486,1630253,Sean McDermott,1610612763,MEM,24.0,18,11,1.0,0.72,1.83,0.394,0.47,0.333,0.44,0.61,0.727,0.667,0.28,1.22,0.227,2020-21
487,1629671,Miye Oni,1610612762,UTA,23.0,54,39,1.0,0.65,1.83,0.354,0.505,0.111,0.09,0.2,0.455,0.889,0.56,1.63,0.341,2020-21
488,1629626,Bol Bol,1610612743,DEN,21.0,32,25,1.0,0.78,1.81,0.431,0.509,0.586,0.5,1.06,0.471,0.414,0.28,0.75,0.375,2020-21
489,1629346,Alen Smailagic,1610612744,GSW,20.0,15,9,1.0,0.73,1.8,0.407,0.481,0.63,0.47,1.13,0.412,0.37,0.27,0.67,0.4,2020-21
490,1630199,Cassius Stanley,1610612754,IND,21.0,24,19,1.0,0.54,1.79,0.302,0.337,0.698,0.42,1.25,0.333,0.302,0.13,0.54,0.231,2020-21
491,1628427,Vlatko Cancar,1610612743,DEN,24.0,41,32,1.0,0.8,1.78,0.452,0.514,0.548,0.59,0.98,0.6,0.452,0.22,0.8,0.273,2020-21
492,1629683,Quinndary Weatherspoon,1610612759,SAS,24.0,20,12,1.0,0.8,1.75,0.457,0.471,0.829,0.75,1.45,0.517,0.171,0.05,0.3,0.167,2020-21
493,1630203,Grant Riller,1610612766,CHA,24.0,7,6,1.0,1.14,1.71,0.667,0.75,0.667,0.86,1.14,0.75,0.333,0.29,0.57,0.5,2020-21
494,1626178,Rondae Hollis-Jefferson,1610612757,POR,26.0,11,8,1.0,0.82,1.64,0.5,0.5,0.944,0.82,1.55,0.529,0.056,0.0,0.09,0.0,2020-21
495,1630190,Elijah Hughes,1610612762,UTA,23.0,18,15,1.0,0.56,1.61,0.345,0.483,0.207,0.11,0.33,0.333,0.793,0.44,1.28,0.348,2020-21
496,1628578,Amida Brimah,1610612754,IND,27.0,5,3,1.0,1.0,1.6,0.625,0.625,1.0,1.0,1.6,0.625,0.0,0.0,0.0,,2020-21
497,201229,Anthony Tolliver,1610612755,PHI,36.0,11,8,1.0,0.36,1.55,0.235,0.353,0.176,0.0,0.27,0.0,0.824,0.36,1.27,0.286,2020-21
498,1629605,Tacko Fall,1610612738,BOS,25.0,19,16,1.0,1.11,1.53,0.724,0.724,1.0,1.11,1.53,0.724,0.0,0.0,0.0,,2020-21
499,1629066,Rodions Kurucs,1610612749,MIL,23.0,21,17,1.0,0.52,1.52,0.344,0.438,0.344,0.24,0.52,0.455,0.656,0.29,1.0,0.286,2020-21
500,1630187,Daniel Oturu,1610612746,LAC,21.0,30,18,1.0,0.7,1.5,0.467,0.478,0.933,0.67,1.4,0.476,0.067,0.03,0.1,0.333,2020-21
501,1630216,Cassius Winston,1610612764,WAS,23.0,22,13,1.0,0.64,1.5,0.424,0.545,0.485,0.27,0.73,0.375,0.515,0.36,0.77,0.471,2020-21
502,1630218,Robert Woodard II,1610612758,SAC,21.0,13,10,1.0,0.62,1.46,0.421,0.447,0.684,0.54,1.0,0.538,0.316,0.08,0.46,0.167,2020-21
503,1629719,Devontae Cacok,1610612747,LAL,24.0,20,14,1.0,0.85,1.45,0.586,0.586,1.0,0.85,1.45,0.586,0.0,0.0,0.0,,2020-21
504,1630179,Tyrell Terry,1610612742,DAL,20.0,11,9,1.0,0.45,1.45,0.313,0.313,0.563,0.45,0.82,0.556,0.438,0.0,0.64,0.0,2020-21
505,203263,James Nunnally,1610612740,NOP,30.0,9,6,1.0,0.56,1.44,0.385,0.538,0.077,0.11,0.11,1.0,0.923,0.44,1.33,0.333,2020-21
506,1628388,T.J. Leaf,1610612757,POR,24.0,7,7,1.0,0.71,1.43,0.5,0.5,1.0,0.71,1.43,0.5,0.0,0.0,0.0,,2020-21
507,1626253,Axel Toupane,1610612749,MIL,28.0,8,5,1.0,0.5,1.38,0.364,0.409,0.818,0.38,1.13,0.333,0.182,0.13,0.25,0.5,2020-21
508,1629007,Jontay Porter,1610612763,MEM,21.0,11,9,1.0,0.73,1.36,0.533,0.633,0.467,0.45,0.64,0.714,0.533,0.27,0.73,0.375,2020-21
509,1629690,Adam Mokoka,1610612741,CHI,22.0,14,8,1.0,0.5,1.36,0.368,0.395,0.474,0.43,0.64,0.667,0.526,0.07,0.71,0.1,2020-21
510,1628981,Bruno Fernando,1610612737,ATL,22.0,33,19,1.0,0.55,1.33,0.409,0.409,0.955,0.55,1.27,0.429,0.045,0.0,0.06,0.0,2020-21
511,1627780,Gary Payton II,1610612744,GSW,28.0,10,6,1.0,1.0,1.3,0.769,0.846,0.692,0.8,0.9,0.889,0.308,0.2,0.4,0.5,2020-21
512,1630211,Karim Mane,1610612753,ORL,21.0,10,6,1.0,0.3,1.3,0.231,0.269,0.846,0.2,1.1,0.182,0.154,0.1,0.2,0.5,2020-21
513,1629730,Rayjon Tucker,1610612755,PHI,23.0,14,8,1.0,0.64,1.29,0.5,0.556,0.611,0.5,0.79,0.636,0.389,0.14,0.5,0.286,2020-21
514,1630189,Tyler Bey,1610612742,DAL,23.0,18,12,1.0,0.39,1.22,0.318,0.341,0.818,0.33,1.0,0.333,0.182,0.06,0.22,0.25,2020-21
515,1629738,Vincent Poirier,1610612755,PHI,27.0,10,6,1.0,0.3,1.2,0.25,0.25,0.917,0.3,1.1,0.273,0.083,0.0,0.1,0.0,2020-21
516,1629833,Keljin Blevins,1610612757,POR,25.0,17,12,1.0,0.29,1.18,0.25,0.3,0.6,0.18,0.71,0.25,0.4,0.12,0.47,0.25,2020-21
517,203658,Norvel Pelle,1610612752,NYK,28.0,13,9,1.0,0.62,1.15,0.533,0.533,1.0,0.62,1.15,0.533,0.0,0.0,0.0,,2020-21
518,1629121,Jaylen Adams,1610612749,MIL,25.0,7,3,1.0,0.14,1.14,0.125,0.125,0.75,0.14,0.86,0.167,0.25,0.0,0.29,0.0,2020-21
519,1629735,Chris Silva,1610612758,SAC,24.0,15,9,1.0,0.67,1.07,0.625,0.656,0.938,0.6,1.0,0.6,0.063,0.07,0.07,1.0,2020-21
520,1629752,Juwan Morgan,1610612762,UTA,24.0,29,14,1.0,0.48,1.03,0.467,0.533,0.567,0.34,0.59,0.588,0.433,0.14,0.45,0.308,2020-21
521,1630238,Malik Fitts,1610612746,LAC,23.0,3,2,1.0,0.33,1.0,0.333,0.5,0.333,0.0,0.33,0.0,0.667,0.33,0.67,0.5,2020-21
522,1630268,Nate Darling,1610612766,CHA,22.0,7,4,1.0,0.29,1.0,0.286,0.429,0.0,0.0,0.0,,1.0,0.29,1.0,0.286,2020-21
523,1630266,Will Magnay,1610612740,NOP,22.0,1,1,1.0,0.0,1.0,0.0,0.0,0.0,0.0,0.0,,1.0,0.0,1.0,0.0,2020-21
524,1628394,Anzejs Pasecniks,1610612764,WAS,25.0,1,1,1.0,0.0,1.0,0.0,0.0,0.0,0.0,0.0,,1.0,0.0,1.0,0.0,2020-21
525,1630234,Ty-Shon Alexander,1610612756,PHX,22.0,15,10,1.0,0.2,0.8,0.25,0.333,0.25,0.07,0.2,0.333,0.75,0.13,0.6,0.222,2020-21
526,201162,Jared Dudley,1610612747,LAL,35.0,12,5,1.0,0.17,0.75,0.222,0.333,0.333,0.0,0.25,0.0,0.667,0.17,0.5,0.333,2020-21
527,203943,Noah Vonleh,1610612751,BKN,25.0,4,2,1.0,0.0,0.75,0.0,0.0,0.333,0.0,0.25,0.0,0.667,0.0,0.5,0.0,2020-21
528,204222,Greg Whittington,1610612743,DEN,28.0,4,2,1.0,0.0,0.75,0.0,0.0,0.333,0.0,0.25,0.0,0.667,0.0,0.5,0.0,2020-21
529,1626245,Cristiano Felicio,1610612741,CHI,28.0,18,7,1.0,0.39,0.72,0.538,0.538,0.846,0.39,0.61,0.636,0.154,0.0,0.11,0.0,2020-21
530,1628961,Kostas Antetokounmpo,1610612747,LAL,23.0,15,7,1.0,0.2,0.67,0.3,0.3,1.0,0.2,0.67,0.3,0.0,0.0,0.0,,2020-21
531,1628968,Brian Bowen II,1610612754,IND,22.0,6,3,1.0,0.17,0.67,0.25,0.25,0.75,0.17,0.5,0.333,0.25,0.0,0.17,0.0,2020-21
532,1628962,Udoka Azubuike,1610612762,UTA,21.0,15,6,1.0,0.27,0.6,0.444,0.444,1.0,0.27,0.6,0.444,0.0,0.0,0.0,,2020-21
533,1628390,Terrance Ferguson,1610612755,PHI,23.0,13,6,1.0,0.08,0.54,0.143,0.143,0.286,0.08,0.15,0.5,0.714,0.0,0.38,0.0,2020-21
534,1629033,Theo Pinson,1610612752,NYK,25.0,17,8,1.0,0.06,0.53,0.111,0.111,0.111,0.06,0.06,1.0,0.889,0.0,0.47,0.0,2020-21
535,1630208,Nick Richards,1610612766,CHA,23.0,18,7,1.0,0.22,0.5,0.444,0.444,0.889,0.22,0.44,0.5,0.111,0.0,0.06,0.0,2020-21
536,1629716,Marques Bolden,1610612739,CLE,23.0,6,3,1.0,0.17,0.5,0.333,0.333,1.0,0.17,0.5,0.333,0.0,0.0,0.0,,2020-21
537,1629607,Jared Harper,1610612752,NYK,23.0,8,4,1.0,0.0,0.5,0.0,0.0,0.75,0.0,0.38,0.0,0.25,0.0,0.13,0.0,2020-21
538,1627775,Patrick McCaw,1610612761,TOR,25.0,5,1,1.0,0.2,0.2,1.0,1.0,1.0,0.2,0.2,1.0,0.0,0.0,0.0,,2020-21
